"WHEAT-SRW - CHICAGO BOARD OF TRADE",260915,2026-09-15,001602,CBT ,00,001 ,  485138,  126842,  125614,  154655,  166996,  171795,  448493,  452064,   36645,   33074,  410279,  119891,  138446,  118064,  139553,  129102,  377508,  385612,   32771,   24667,   74859,   36407,   16624,    7135,   27443,   42693,   70985,   66452,    3874,    8407,     458,   -5056,    4186,    3744,     472,   -7277,    -840,     653,    1298,    -195,  100.0,   26.1,   25.9,   31.9,   34.4,   35.4,   92.4,   93.2,    7.6,    6.8,  100.0,   29.2,   33.7,   28.8,   34.0,   31.5,   92.0,   94.0,    8.0,    6.0,  100.0,   48.6,   22.2,    9.5,   36.7,   57.0,   94.8,   88.8,    5.2,   11.2,    423,    141,    110,    123,     88,    128,    303,    302,    418,    144,    109,    110,     82,    119,    290,    283,    205,     43,     50,     30,     36,     93,    100,    156,    14.4,    13.5,    22.0,    23.7,     8.0,     8.0,    14.1,    13.1,    13.3,    15.8,    20.6,    27.7,     7.7,    10.2,    14.2,    16.7,    33.8,    25.8,    51.1,    38.7,    33.3,    23.4,    50.6,    34.4,"(CONTRACTS OF 5,000 BUSHELS)","001602","CBT ","001 "
"WHEAT-HRW - CHICAGO BOARD OF TRADE",260915,2026-09-15,001612,CBT ,00,001 ,  310836,   87626,   57291,   94476,  108348,  139693,  290450,  291460,   20386,   19376,  272206,   85431,   66141,   71649,   97163,  120189,  254243,  257979,   17963,   14227,   38630,   22205,   11160,    2817,   11185,   19504,   36207,   33481,    2423,    5149,    5620,   -1495,    3557,    5775,    1401,   -2832,    5681,    6500,     -61,    -880,  100.0,   28.2,   18.4,   30.4,   34.9,   44.9,   93.4,   93.8,    6.6,    6.2,  100.0,   31.4,   24.3,   26.3,   35.7,   44.2,   93.4,   94.8,    6.6,    5.2,  100.0,   57.5,   28.9,    7.3,   29.0,   50.5,   93.7,   86.7,    6.3,   13.3,    290,     90,     71,     74,     71,    103,    203,    210,    288,     86,     78,     67,     62,     99,    189,    203,    162,     39,     31,     17,     31,     76,     77,    117,    14.1,    13.7,    24.5,    22.7,    11.3,    10.4,    19.7,    16.9,    15.9,    15.5,    26.6,    25.5,    12.2,    11.7,    21.2,    19.7,    29.5,    26.2,    43.9,    37.6,    29.2,    23.0,    42.8,    32.5,"(CONTRACTS OF 5,000 BUSHELS)","001612","CBT ","001 "
"WHEAT-HRSpring - MIAX FUTURES EXCHANGE",260915,2026-09-15,001626,MGE ,00,001 ,   78973,   26543,    3791,    3630,   38947,   63284,   69120,   70705,    9853,    8268,   77156,   26225,    4283,    3084,   38411,   61763,   67720,   69130,    9436,    8026,    1817,     836,      26,      28,     536,    1521,    1400,    1575,     417,     242,    -398,    -343,    -428,     467,    -443,   -1472,    -319,   -1433,     -79,    1035,  100.0,   33.6,    4.8,    4.6,   49.3,   80.1,   87.5,   89.5,   12.5,   10.5,  100.0,   34.0,    5.6,    4.0,   49.8,   80.0,   87.8,   89.6,   12.2,   10.4,  100.0,   46.0,    1.4,    1.5,   29.5,   83.7,   77.0,   86.7,   22.9,   13.3,    118,     28,     11,     13,     60,     51,     94,     70,    118,     26,     14,     12,     60,     51,     93,     70,     43,      5,      2,      1,     10,     30,     15,     33,    24.1,    35.4,    35.8,    55.5,    24.1,    35.4,    35.6,    55.1,    24.7,    35.8,    36.7,    56.0,    24.7,    35.7,    36.4,    55.8,    48.1,    40.6,    72.4,    59.4,    46.6,    40.6,    70.0,    59.4,"(CONTRACTS OF 5,000 BUSHELS)","001626","MGE ","001 "
"CORN - CHICAGO BOARD OF TRADE",260915,2026-09-15,002602,CBT ,00,002 , 1843824,  673517,  131133,  345358,  697538, 1174383, 1716413, 1650874,  127411,  192950, 1725941,  651495,  151324,  303330,  653785, 1095602, 1608610, 1550256,  117331,  175685,  117883,   60749,   18536,    3301,   43753,   78781,  107803,  100618,   10080,   17265,   40501,  -10895,  -10280,   15120,   35985,   42225,   40210,   47065,     291,   -6564,  100.0,   36.5,    7.1,   18.7,   37.8,   63.7,   93.1,   89.5,    6.9,   10.5,  100.0,   37.7,    8.8,   17.6,   37.9,   63.5,   93.2,   89.8,    6.8,   10.2,  100.0,   51.5,   15.7,    2.8,   37.1,   66.8,   91.4,   85.4,    8.6,   14.6,    894,    229,    138,    170,    310,    405,    618,    659,    889,    222,    150,    156,    298,    397,    594,    645,    435,     59,     62,     31,     79,    259,    150,    341,     9.4,    12.3,    16.8,    20.1,     8.9,    10.1,    15.7,    16.8,     9.9,    11.7,    17.7,    19.6,     9.5,     9.7,    16.8,    16.1,    33.9,    32.1,    46.6,    41.8,    33.9,    31.8,    46.6,    41.4,"(CONTRACTS OF 5,000 BUSHELS)","002602","CBT ","002 "
"SOYBEANS - CHICAGO BOARD OF TRADE",260915,2026-09-15,005602,CBT ,00,005 , 1104880,  356583,   95400,  213575,  484749,  723324, 1054907, 1032299,   49973,   72581, 1058895,  346772,   96941,  198398,  467901,  695138, 1013071,  990477,   45824,   68418,   45985,   15969,    4617,    9019,   16848,   28186,   41836,   41822,    4149,    4163,   34479,   -9160,    3081,   15065,   26770,   13795,   32675,   31941,    1804,    2538,  100.0,   32.3,    8.6,   19.3,   43.9,   65.5,   95.5,   93.4,    4.5,    6.6,  100.0,   32.7,    9.2,   18.7,   44.2,   65.6,   95.7,   93.5,    4.3,    6.5,  100.0,   34.7,   10.0,   19.6,   36.6,   61.3,   91.0,   90.9,    9.0,    9.1,    639,    188,    108,    144,    194,    290,    453,    490,    639,    185,    115,    140,    192,    288,    447,    488,    277,     39,     42,     18,     41,    167,     90,    219,    11.1,    15.5,    18.9,    25.7,     9.2,    13.6,    16.4,    20.3,    11.6,    15.0,    19.7,    25.1,     9.6,    13.8,    17.0,    20.2,    33.7,    42.1,    49.9,    57.2,    31.7,    41.1,    41.4,    47.3,"(CONTRACTS OF 5,000 BUSHELS)","005602","CBT ","005 "
"MINI SOYBEANS - CHICAGO BOARD OF TRADE",260915,2026-09-15,005603,CBT ,00,005 ,   29141,   25843,    1285,     765,       7,   10135,   26615,   12185,    2526,   16956,   26988,   24859,    1262,     765,       7,    8742,   25631,   10769,    1357,   16219,    2153,     984,      23,       0,       0,    1393,     984,    1416,    1169,     737,     447,     827,     266,     -12,       2,   -1229,     817,    -975,    -370,    1422,  100.0,   88.7,    4.4,    2.6,    0.0,   34.8,   91.3,   41.8,    8.7,   58.2,  100.0,   92.1,    4.7,    2.8,    0.0,   32.4,   95.0,   39.9,    5.0,   60.1,  100.0,   45.7,    1.1,    0.0,    0.0,   64.7,   45.7,   65.8,   54.3,   34.2,     27,      7,      6,      5,      3,     14,     12,     23,     27,      7,      6,      5,      3,     14,     12,     23,     18,      3,      3,      0,      0,     12,      3,     15,    84.0,    26.5,    90.6,    32.0,    83.3,    26.3,    88.7,    30.8,    87.8,    23.8,    94.9,    29.6,    87.0,    23.5,    92.1,    28.1,    45.7,    62.1,    45.7,    64.3,    45.7,    62.1,    45.7,    64.3,"(Contracts of 1,000 Bushels)","005603","CBT ","005 "
"NJ SRECS - ICE FUTURES ENERGY DIV",260915,2026-09-15,0063CC,IFED,01,006 ,  140378,   29993,   46957,    2980,  107405,   90418,  140378,  140355,       0,      23,  140378,   29993,   46957,    2980,  107405,   90418,  140378,  140355,       0,      23,       0,       0,       0,       0,       0,       0,       0,       0,       0,       0,   -1351,    1500,   -2250,     899,   -3750,       0,   -1351,   -1351,       0,       0,  100.0,   21.4,   33.5,    2.1,   76.5,   64.4,  100.0,  100.0,    0.0,    0.0,  100.0,   21.4,   33.5,    2.1,   76.5,   64.4,  100.0,  100.0,    0.0,    0.0,    0.0,    0.0,    0.0,    0.0,    0.0,    0.0,    0.0,    0.0,    0.0,    0.0,     36,      5,      7,      4,     19,     10,     26,     19,     36,      5,      7,      4,     19,     10,     26,     19,      0,      0,      0,      0,      0,      0,      0,      0,    51.8,    88.9,    76.8,    95.7,    51.8,    88.2,    76.8,    94.2,    51.8,    88.9,    76.8,    95.7,    51.8,    88.2,    76.8,    94.2,     0.0,     0.0,     0.0,     0.0,     0.0,     0.0,     0.0,     0.0,"(10 SRECs)","0063CC","IFED","006 "
"PJM TRI-RECs CLASS 1 - ICE FUTURES ENERGY DIV",260915,2026-09-15,0063CH,IFED,01,006 ,  242442,   30189,   55756,   26950,  185303,  159736,  242442,  242442,       0,       0,  242442,   30189,   55756,   26950,  185303,  159736,  242442,  242442,       0,       0,       0,       0,       0,       0,       0,       0,       0,       0,       0,       0,   -3061,    -305,    -620,     934,   -3690,   -3375,   -3061,   -3061,       0,       0,  100.0,   12.5,   23.0,   11.1,   76.4,   65.9,  100.0,  100.0,    0.0,    0.0,  100.0,   12.5,   23.0,   11.1,   76.4,   65.9,  100.0,  100.0,    0.0,    0.0,    0.0,    0.0,    0.0,    0.0,    0.0,    0.0,    0.0,    0.0,    0.0,    0.0,     47,     11,      8,      9,     22,     16,     37,     29,     47,     11,      8,      9,     22,     16,     37,     29,      0,      0,      0,      0,      0,      0,      0,      0,    48.4,    58.3,    71.4,    74.8,    41.6,    58.3,    63.7,    71.6,    48.4,    58.3,    71.4,    74.8,    41.6,    58.3,    63.7,    71.6,     0.0,     0.0,     0.0,     0.0,     0.0,     0.0,     0.0,     0.0,"(100 MWh of renewable energy certificate","0063CH","IFED","006 "
"CALIF LOW CARBON FSC-OPIS - ICE FUTURES ENERGY DIV",260915,2026-09-15,0063CU,IFED,01,006 ,  121015,   68125,   26394,    2578,   49873,   91604,  120576,  120576,     439,     439,  121015,   68125,   26394,    2578,   49873,   91604,  120576,  120576,     439,     439,       0,       0,       0,       0,       0,       0,       0,       0,       0,       0,    1323,     899,     833,     149,    -143,     -98,     905,     884,     418,     439,  100.0,   56.3,   21.8,    2.1,   41.2,   75.7,   99.6,   99.6,    0.4,    0.4,  100.0,   56.3,   21.8,    2.1,   41.2,   75.7,   99.6,   99.6,    0.4,    0.4,    0.0,    0.0,    0.0,    0.0,    0.0,    0.0,    0.0,    0.0,    0.0,    0.0,     55,     28,      6,      4,     13,     11,     42,     20,     55,     28,      6,      4,     13,     11,     42,     20,      0,      0,      0,      0,      0,      0,      0,      0,    64.8,    80.5,    79.1,    94.8,    64.8,    79.7,    78.4,    94.0,    64.8,    80.5,    79.1,    94.8,    64.8,    79.7,    78.4,    94.0,     0.0,     0.0,     0.0,     0.0,     0.0,     0.0,     0.0,     0.0,"(100 LCFS Credits- each of 1 MT)","0063CU","IFED","006 "
"D6 RINs OPIS CURRENT YEAR - ICE FUTURES ENERGY DIV",260915,2026-09-15,0063CW,IFED,01,006 ,   29265,   12121,    8817,   11239,    5707,    9082,   29067,   29138,     198,     127,   29265,   12121,    8817,   11239,    5707,    9082,   29067,   29138,     198,     127,       0,       0,       0,       0,       0,       0,       0,       0,       0,       0,    -444,     -56,     416,    -405,      40,    -430,    -421,    -419,     -23,     -25,  100.0,   41.4,   30.1,   38.4,   19.5,   31.0,   99.3,   99.6,    0.7,    0.4,  100.0,   41.4,   30.1,   38.4,   19.5,   31.0,   99.3,   99.6,    0.7,    0.4,    0.0,    0.0,    0.0,    0.0,    0.0,    0.0,    0.0,    0.0,    0.0,    0.0,     80,     22,     32,     18,     11,     19,     44,     59,     80,     22,     32,     18,     11,     19,     44,     59,      0,      0,      0,      0,      0,      0,      0,      0,    57.3,    45.2,    76.9,    61.5,    36.9,    26.2,    49.4,    35.7,    57.3,    45.2,    76.9,    61.5,    36.9,    26.2,    49.4,    35.7,     0.0,     0.0,     0.0,     0.0,     0.0,     0.0,     0.0,     0.0,"(50,000 RINs)","0063CW","IFED","006 "
"PA SOLAR ALTER ENERGY CREDIT - ICE FUTURES ENERGY DIV",260915,2026-09-15,0063DA,IFED,01,006 ,   24210,   14500,     800,       0,    9710,   23410,   24210,   24210,       0,       0,   24210,   14500,     800,       0,    9710,   23410,   24210,   24210,       0,       0,       0,       0,       0,       0,       0,       0,       0,       0,       0,       0,       0,       0,       0,       0,       0,       0,       0,       0,       0,       0,  100.0,   59.9,    3.3,    0.0,   40.1,   96.7,  100.0,  100.0,    0.0,    0.0,  100.0,   59.9,    3.3,    0.0,   40.1,   96.7,  100.0,  100.0,    0.0,    0.0,    0.0,    0.0,    0.0,    0.0,    0.0,    0.0,    0.0,    0.0,    0.0,    0.0,     21,      5,      2,      0,     11,      4,     16,      6,     21,      5,      2,      0,     11,      4,     16,      6,      0,      0,      0,      0,      0,      0,      0,      0,    67.5,    97.5,    87.2,   100.0,    67.5,    94.6,    85.3,    95.9,    67.5,    97.5,    87.2,   100.0,    67.5,    94.6,    85.3,    95.9,     0.0,     0.0,     0.0,     0.0,     0.0,     0.0,     0.0,     0.0,"(10 PA SRECs)","0063DA","IFED","006 "
"CALIF CARBON CURRENT AUCTION - ICE FUTURES ENERGY DIV",260915,2026-09-15,0063DB,IFED,01,006 ,   52643,   16017,   24102,    8224,   28396,   20317,   52637,   52643,       6,       0,   52643,   16017,   24102,    8224,   28396,   20317,   52637,   52643,       6,       0,       0,       0,       0,       0,       0,       0,       0,       0,       0,       0,    -703,     338,    -588,    -515,    -526,     400,    -703,    -703,       0,       0,  100.0,   30.4,   45.8,   15.6,   53.9,   38.6,  100.0,  100.0,    0.0,    0.0,  100.0,   30.4,   45.8,   15.6,   53.9,   38.6,  100.0,  100.0,    0.0,    0.0,    0.0,    0.0,    0.0,    0.0,    0.0,    0.0,    0.0,    0.0,    0.0,    0.0,     52,     18,     10,      6,     17,      6,     41,     17,     52,     18,     10,      6,     17,      6,     41,     17,      0,      0,      0,      0,      0,      0,      0,      0,    47.8,    86.0,    68.6,    94.8,    42.3,    71.7,    60.9,    80.3,    47.8,    86.0,    68.6,    94.8,    42.3,    71.7,    60.9,    80.3,     0.0,     0.0,     0.0,     0.0,     0.0,     0.0,     0.0,     0.0,"(1,000 California carbon allowances)","0063DB","IFED","006 "
"D4 BIODIESEL RINs OPIS CURR YR - ICE FUTURES ENERGY DIV",260915,2026-09-15,0063DG,IFED,01,006 ,   18405,    6247,    3201,    6852,    5156,    8275,   18255,   18328,     150,      77,   18405,    6247,    3201,    6852,    5156,    8275,   18255,   18328,     150,      77,       0,       0,       0,       0,       0,       0,       0,       0,       0,       0,     774,     238,     381,     243,     354,     151,     835,     775,     -61,      -1,  100.0,   33.9,   17.4,   37.2,   28.0,   45.0,   99.2,   99.6,    0.8,    0.4,  100.0,   33.9,   17.4,   37.2,   28.0,   45.0,   99.2,   99.6,    0.8,    0.4,    0.0,    0.0,    0.0,    0.0,    0.0,    0.0,    0.0,    0.0,    0.0,    0.0,     67,     26,     16,     14,     17,     16,     49,     42,     67,     26,     16,     14,     17,     16,     49,     42,      0,      0,      0,      0,      0,      0,      0,      0,    44.4,    49.9,    62.5,    67.7,    21.9,    35.6,    36.0,    47.5,    44.4,    49.9,    62.5,    67.7,    21.9,    35.6,    36.0,    47.5,     0.0,     0.0,     0.0,     0.0,     0.0,     0.0,     0.0,     0.0,"(50,000 RINs)","0063DG","IFED","006 "
"CT RECs CLASS 1 - ICE FUTURES ENERGY DIV",260915,2026-09-15,0063DK,IFED,01,006 ,    8785,    2450,    1854,       0,    6335,    6931,    8785,    8785,       0,       0,    8785,    2450,    1854,       0,    6335,    6931,    8785,    8785,       0,       0,       0,       0,       0,       0,       0,       0,       0,       0,       0,       0,       0,       0,       0,       0,       0,       0,       0,       0,       0,       0,  100.0,   27.9,   21.1,    0.0,   72.1,   78.9,  100.0,  100.0,    0.0,    0.0,  100.0,   27.9,   21.1,    0.0,   72.1,   78.9,  100.0,  100.0,    0.0,    0.0,    0.0,    0.0,    0.0,    0.0,    0.0,    0.0,    0.0,    0.0,    0.0,    0.0,     20,      1,      4,      0,      8,      9,      9,     13,     20,      1,      4,      0,      8,      9,      9,     13,      0,      0,      0,      0,      0,      0,      0,      0,    73.5,    62.7,    97.7,    90.9,    68.9,    62.7,    92.3,    88.3,    73.5,    62.7,    97.7,    90.9,    68.9,    62.7,    92.3,    88.3,     0.0,     0.0,     0.0,     0.0,     0.0,     0.0,     0.0,     0.0,"(100 MWh of Class 1 Renewable Energy Cer","0063DK","IFED","006 "
"MASS COMPLIANCE RECs CLASS 1 - ICE FUTURES ENERGY DIV",260915,2026-09-15,0063DL,IFED,01,006 ,   20879,       0,   10590,     300,   20579,    9989,   20879,   20879,       0,       0,   20879,       0,   10590,     300,   20579,    9989,   20879,   20879,       0,       0,       0,       0,       0,       0,       0,       0,       0,       0,       0,       0,       0,       0,       0,       0,       0,       0,       0,       0,       0,       0,  100.0,    0.0,   50.7,    1.4,   98.6,   47.8,  100.0,  100.0,    0.0,    0.0,  100.0,    0.0,   50.7,    1.4,   98.6,   47.8,  100.0,  100.0,    0.0,    0.0,    0.0,    0.0,    0.0,    0.0,    0.0,    0.0,    0.0,    0.0,    0.0,    0.0,     24,      0,      6,      1,      9,     13,     10,     19,     24,      0,      6,      1,      9,     13,     10,     19,      0,      0,      0,      0,      0,      0,      0,      0,    90.3,    63.0,    98.9,    82.7,    90.3,    63.0,    94.7,    79.4,    90.3,    63.0,    98.9,    82.7,    90.3,    63.0,    94.7,    79.4,     0.0,     0.0,     0.0,     0.0,     0.0,     0.0,     0.0,     0.0,"100 MWh of Class 1 Renewable Energy Cert","0063DL","IFED","006 "
"MARYLAND COMPLIANCE REC TIER1 - ICE FUTURES ENERGY DIV",260915,2026-09-15,0063DM,IFED,01,006 ,   11641,     250,    3792,     120,   11271,    7729,   11641,   11641,       0,       0,   11641,     250,    3792,     120,   11271,    7729,   11641,   11641,       0,       0,       0,       0,       0,       0,       0,       0,       0,       0,       0,       0,       0,     -50,       0,       0,      50,       0,       0,       0,       0,       0,  100.0,    2.1,   32.6,    1.0,   96.8,   66.4,  100.0,  100.0,    0.0,    0.0,  100.0,    2.1,   32.6,    1.0,   96.8,   66.4,  100.0,  100.0,    0.0,    0.0,    0.0,    0.0,    0.0,    0.0,    0.0,    0.0,    0.0,    0.0,    0.0,    0.0,     23,      1,      5,      1,     12,      8,     14,     13,     23,      1,      5,      1,     12,      8,     14,     13,      0,      0,      0,      0,      0,      0,      0,      0,    61.6,    63.2,    86.1,    91.4,    61.6,    57.6,    83.1,    85.8,    61.6,    63.2,    86.1,    91.4,    61.6,    57.6,    83.1,    85.8,     0.0,     0.0,     0.0,     0.0,     0.0,     0.0,     0.0,     0.0,"(100 Tier 1 RECs)","0063DM","IFED","006 "
"MARYLAND SOLAR REC - ICE FUTURES ENERGY DIV",260915,2026-09-15,0063DN,IFED,01,006 ,   55931,   10750,    3150,       0,   45181,   52781,   55931,   55931,       0,       0,   55931,   10750,    3150,       0,   45181,   52781,   55931,   55931,       0,       0,       0,       0,       0,       0,       0,       0,       0,       0,       0,       0,     350,       0,       0,       0,     350,     350,     350,     350,       0,       0,  100.0,   19.2,    5.6,    0.0,   80.8,   94.4,  100.0,  100.0,    0.0,    0.0,  100.0,   19.2,    5.6,    0.0,   80.8,   94.4,  100.0,  100.0,    0.0,    0.0,    0.0,    0.0,    0.0,    0.0,    0.0,    0.0,    0.0,    0.0,    0.0,    0.0,     22,      3,      3,      0,     10,      8,     13,     11,     22,      3,      3,      0,     10,      8,     13,     11,      0,      0,      0,      0,      0,      0,      0,      0,    74.5,    88.7,    94.1,    98.2,    72.9,    88.7,    91.7,    97.5,    74.5,    88.7,    94.1,    98.2,    72.9,    88.7,    91.7,    97.5,     0.0,     0.0,     0.0,     0.0,     0.0,     0.0,     0.0,     0.0,"(10 SRECs)","0063DN","IFED","006 "
"NEPOOL DUAL RECs CLASS 1 - ICE FUTURES ENERGY DIV",260915,2026-09-15,0063DQ,IFED,01,006 ,   12760,    1065,    7546,     905,   10790,    4234,   12760,   12685,       0,      75,   12760,    1065,    7546,     905,   10790,    4234,   12760,   12685,       0,      75,       0,       0,       0,       0,       0,       0,       0,       0,       0,       0,       0,       0,       0,       0,       0,       0,       0,       0,       0,       0,  100.0,    8.3,   59.1,    7.1,   84.6,   33.2,  100.0,   99.4,    0.0,    0.6,  100.0,    8.3,   59.1,    7.1,   84.6,   33.2,  100.0,   99.4,    0.0,    0.6,    0.0,    0.0,    0.0,    0.0,    0.0,    0.0,    0.0,    0.0,    0.0,    0.0,     22,      1,      3,      1,     13,      8,     14,     12,     22,      1,      3,      1,     13,      8,     14,     12,      0,      0,      0,      0,      0,      0,      0,      0,    51.1,    67.0,    79.5,    92.0,    44.0,    67.0,    70.5,    85.0,    51.1,    67.0,    79.5,    92.0,    44.0,    67.0,    70.5,    85.0,     0.0,     0.0,     0.0,     0.0,     0.0,     0.0,     0.0,     0.0,"100 MWh of Class 1 Renewable Energy Cert","0063DQ","IFED","006 "
"NJ COMPLIANCE RECs CLASS 1 - ICE FUTURES ENERGY DIV",260915,2026-09-15,0063DR,IFED,01,006 ,   28188,   12235,    8447,       0,   15952,   19741,   28187,   28188,       1,       0,   28188,   12235,    8447,       0,   15952,   19741,   28187,   28188,       1,       0,       0,       0,       0,       0,       0,       0,       0,       0,       0,       0,    1500,     150,     675,       0,    1350,     825,    1500,    1500,       0,       0,  100.0,   43.4,   30.0,    0.0,   56.6,   70.0,  100.0,  100.0,    0.0,    0.0,  100.0,   43.4,   30.0,    0.0,   56.6,   70.0,  100.0,  100.0,    0.0,    0.0,    0.0,    0.0,    0.0,    0.0,    0.0,    0.0,    0.0,    0.0,    0.0,    0.0,     23,      4,      5,      0,     11,      5,     15,     10,     23,      4,      5,      0,     11,      5,     15,     10,      0,      0,      0,      0,      0,      0,      0,      0,    73.6,    92.2,    91.5,    99.3,    73.6,    92.2,    91.5,    99.3,    73.6,    92.2,    91.5,    99.3,    73.6,    92.2,    91.5,    99.3,     0.0,     0.0,     0.0,     0.0,     0.0,     0.0,     0.0,     0.0,"100 MWh of Class 1 Renewable Energy Cert","0063DR","IFED","006 "
"PA COMPLIANCE AECs TIER1 - ICE FUTURES ENERGY DIV",260915,2026-09-15,0063DT,IFED,01,006 ,   49288,   10368,   15564,     912,   38008,   32792,   49288,   49268,       0,      20,   49288,   10368,   15564,     912,   38008,   32792,   49288,   49268,       0,      20,       0,       0,       0,       0,       0,       0,       0,       0,       0,       0,   -1079,     325,    -790,    -100,   -1304,    -189,   -1079,   -1079,       0,       0,  100.0,   21.0,   31.6,    1.9,   77.1,   66.5,  100.0,  100.0,    0.0,    0.0,  100.0,   21.0,   31.6,    1.9,   77.1,   66.5,  100.0,  100.0,    0.0,    0.0,    0.0,    0.0,    0.0,    0.0,    0.0,    0.0,    0.0,    0.0,    0.0,    0.0,     35,      7,      5,      1,     18,      9,     25,     15,     35,      7,      5,      1,     18,      9,     25,     15,      0,      0,      0,      0,      0,      0,      0,      0,    47.9,    70.3,    67.6,    94.8,    47.9,    70.3,    67.6,    94.3,    47.9,    70.3,    67.6,    94.8,    47.9,    70.3,    67.6,    94.3,     0.0,     0.0,     0.0,     0.0,     0.0,     0.0,     0.0,     0.0,"(100 AECs)","0063DT","IFED","006 "
"WASHINGTON CARBON ALL V2026 - ICE FUTURES ENERGY DIV",260915,2026-09-15,0063EA,IFED,01,006 ,    6287,    3587,    2994,     515,    2147,    2702,    6249,    6211,      38,      76,    6287,    3587,    2994,     515,    2147,    2702,    6249,    6211,      38,      76,       0,       0,       0,       0,       0,       0,       0,       0,       0,       0,     968,     -51,    -317,     421,     568,     881,     938,     985,      30,     -17,  100.0,   57.1,   47.6,    8.2,   34.1,   43.0,   99.4,   98.8,    0.6,    1.2,  100.0,   57.1,   47.6,    8.2,   34.1,   43.0,   99.4,   98.8,    0.6,    1.2,    0.0,    0.0,    0.0,    0.0,    0.0,    0.0,    0.0,    0.0,    0.0,    0.0,     35,      5,     14,      7,      7,      9,     19,     25,     35,      5,     14,      7,      7,      9,     19,     25,      0,      0,      0,      0,      0,      0,      0,      0,    71.0,    45.1,    86.6,    69.0,    68.8,    35.8,    79.9,    57.6,    71.0,    45.1,    86.6,    69.0,    68.8,    35.8,    79.9,    57.6,     0.0,     0.0,     0.0,     0.0,     0.0,     0.0,     0.0,     0.0,"1,000 Washington carbon allowances","0063EA","IFED","006 "
"CALIF CARBON ALL VINTAGE 2026 - ICE FUTURES ENERGY DIV",260915,2026-09-15,0063EE,IFED,01,006 ,  201424,  135707,   43439,   15217,   50296,  142722,  201220,  201378,     204,      46,  201424,  135707,   43439,   15217,   50296,  142722,  201220,  201378,     204,      46,       0,       0,       0,       0,       0,       0,       0,       0,       0,       0,   -2657,   -8245,    -324,    2569,    3009,   -4923,   -2667,   -2678,      10,      21,  100.0,   67.4,   21.6,    7.6,   25.0,   70.9,   99.9,  100.0,    0.1,    0.0,  100.0,   67.4,   21.6,    7.6,   25.0,   70.9,   99.9,  100.0,    0.1,    0.0,    0.0,    0.0,    0.0,    0.0,    0.0,    0.0,    0.0,    0.0,    0.0,    0.0,    149,     77,     19,     17,     35,     33,    117,     64,    149,     77,     19,     17,     35,     33,    117,     64,      0,      0,      0,      0,      0,      0,      0,      0,    40.0,    21.7,    53.5,    40.0,    37.6,    21.0,    48.5,    38.9,    40.0,    21.7,    53.5,    40.0,    37.6,    21.0,    48.5,    38.9,     0.0,     0.0,     0.0,     0.0,     0.0,     0.0,     0.0,     0.0,"1,000 California carbon allowances","0063EE","IFED","006 "
"CALIF CARBON ALL VINTAGE 2027 - ICE FUTURES ENERGY DIV",260915,2026-09-15,0063EI,IFED,01,006 ,   40843,   22525,   11071,     755,   17555,   29006,   40835,   40832,       8,      11,   40843,   22525,   11071,     755,   17555,   29006,   40835,   40832,       8,      11,       0,       0,       0,       0,       0,       0,       0,       0,       0,       0,    5166,    5740,    2123,       0,    -574,    3043,    5166,    5166,       0,       0,  100.0,   55.2,   27.1,    1.8,   43.0,   71.0,  100.0,  100.0,    0.0,    0.0,  100.0,   55.2,   27.1,    1.8,   43.0,   71.0,  100.0,  100.0,    0.0,    0.0,    0.0,    0.0,    0.0,    0.0,    0.0,    0.0,    0.0,    0.0,    0.0,    0.0,     47,     18,      6,      2,     11,     13,     30,     20,     47,     18,      6,      2,     11,     13,     30,     20,      0,      0,      0,      0,      0,      0,      0,      0,    50.2,    77.8,    71.4,    92.4,    50.2,    76.8,    70.5,    91.4,    50.2,    77.8,    71.4,    92.4,    50.2,    76.8,    70.5,    91.4,     0.0,     0.0,     0.0,     0.0,     0.0,     0.0,     0.0,     0.0,"1,000 California carbon allowances","0063EI","IFED","006 "
"CALIF CARBON ALLOWANCE V2026 - NODAL EXCHANGE",260915,2026-09-15,0063EL,NODX,01,006 ,    6903,    3413,    4628,     340,    2879,    1662,    6632,    6630,     271,     273,    6903,    3413,    4628,     340,    2879,    1662,    6632,    6630,     271,     273,       0,       0,       0,       0,       0,       0,       0,       0,       0,       0,    -155,      -2,      -8,    -160,       1,       0,    -161,    -168,       6,      13,  100.0,   49.4,   67.0,    4.9,   41.7,   24.1,   96.1,   96.0,    3.9,    4.0,  100.0,   49.4,   67.0,    4.9,   41.7,   24.1,   96.1,   96.0,    3.9,    4.0,    0.0,    0.0,    0.0,    0.0,    0.0,    0.0,    0.0,    0.0,    0.0,    0.0,     28,      6,      6,      1,      9,     11,     15,     18,     28,      6,      6,      1,      9,     11,     15,     18,      0,      0,      0,      0,      0,      0,      0,      0,    72.6,    67.6,    90.6,    84.1,    68.2,    67.6,    83.4,    80.4,    72.6,    67.6,    90.6,    84.1,    68.2,    67.6,    83.4,    80.4,     0.0,     0.0,     0.0,     0.0,     0.0,     0.0,     0.0,     0.0,"(1,000 California carbon allowances)","0063EL","NODX","006 "
"RGGI V2026 - ICE FUTURES ENERGY DIV",260915,2026-09-15,0063EM,IFED,01,006 ,   62379,   16597,    6805,    4272,   41398,   51291,   62267,   62368,     112,      11,   62379,   16597,    6805,    4272,   41398,   51291,   62267,   62368,     112,      11,       0,       0,       0,       0,       0,       0,       0,       0,       0,       0,    4821,    3242,    1482,     574,    1030,    2789,    4846,    4845,     -25,     -24,  100.0,   26.6,   10.9,    6.8,   66.4,   82.2,   99.8,  100.0,    0.2,    0.0,  100.0,   26.6,   10.9,    6.8,   66.4,   82.2,   99.8,  100.0,    0.2,    0.0,    0.0,    0.0,    0.0,    0.0,    0.0,    0.0,    0.0,    0.0,    0.0,    0.0,     72,     30,     11,     16,     26,     15,     61,     37,     72,     30,     11,     16,     26,     15,     61,     37,      0,      0,      0,      0,      0,      0,      0,      0,    49.2,    77.6,    67.9,    88.0,    49.2,    77.2,    63.5,    85.5,    49.2,    77.6,    67.9,    88.0,    49.2,    77.2,    63.5,    85.5,     0.0,     0.0,     0.0,     0.0,     0.0,     0.0,     0.0,     0.0,"1,000 RGGI CO2 Allowances","0063EM","IFED","006 "
"RGGI V2027 - ICE FUTURES ENERGY DIV",260915,2026-09-15,0063F6,IFED,01,006 ,   24049,    2341,   14729,    2519,   19173,    6765,   24033,   24013,      16,      36,   24049,    2341,   14729,    2519,   19173,    6765,   24033,   24013,      16,      36,       0,       0,       0,       0,       0,       0,       0,       0,       0,       0,     212,     149,     447,    -198,     265,     -27,     216,     222,      -4,     -10,  100.0,    9.7,   61.2,   10.5,   79.7,   28.1,   99.9,   99.9,    0.1,    0.1,  100.0,    9.7,   61.2,   10.5,   79.7,   28.1,   99.9,   99.9,    0.1,    0.1,    0.0,    0.0,    0.0,    0.0,    0.0,    0.0,    0.0,    0.0,    0.0,    0.0,     38,      4,     14,      3,     13,     13,     19,     28,     38,      4,     14,      3,     13,     13,     19,     28,      0,      0,      0,      0,      0,      0,      0,      0,    63.8,    62.9,    86.3,    82.9,    63.1,    54.9,    77.1,    73.6,    63.8,    62.9,    86.3,    82.9,    63.1,    54.9,    77.1,    73.6,     0.0,     0.0,     0.0,     0.0,     0.0,     0.0,     0.0,     0.0,"(1,000 RGGI CO2 Allowances)","0063F6","IFED","006 "
"TX REC CRS V26 BACK HALF - NODAL EXCHANGE",260915,2026-09-15,006NHT,NODX,01,006 ,    8505,      75,    5465,       0,    8271,    2869,    8346,    8334,     159,     171,    8505,      75,    5465,       0,    8271,    2869,    8346,    8334,     159,     171,       0,       0,       0,       0,       0,       0,       0,       0,       0,       0,    -140,       0,      50,       0,    -140,    -190,    -140,    -140,       0,       0,  100.0,    0.9,   64.3,    0.0,   97.2,   33.7,   98.1,   98.0,    1.9,    2.0,  100.0,    0.9,   64.3,    0.0,   97.2,   33.7,   98.1,   98.0,    1.9,    2.0,    0.0,    0.0,    0.0,    0.0,    0.0,    0.0,    0.0,    0.0,    0.0,    0.0,     28,      1,      6,      0,     14,      7,     15,     13,     28,      1,      6,      0,     14,      7,     15,     13,      0,      0,      0,      0,      0,      0,      0,      0,    61.0,    66.9,    90.2,    89.6,    61.0,    66.9,    90.2,    89.6,    61.0,    66.9,    90.2,    89.6,    61.0,    66.9,    90.2,    89.6,     0.0,     0.0,     0.0,     0.0,     0.0,     0.0,     0.0,     0.0,"1000 Texas RECs","006NHT","NODX","006 "
"TX REC CRS V27 BACK HALF - NODAL EXCHANGE",260915,2026-09-15,006NHU,NODX,01,006 ,    6690,     696,    4088,       0,    5694,    2302,    6390,    6390,     300,     300,    6690,     696,    4088,       0,    5694,    2302,    6390,    6390,     300,     300,       0,       0,       0,       0,       0,       0,       0,       0,       0,       0,      25,       0,      25,       0,      25,       0,      25,      25,       0,       0,  100.0,   10.4,   61.1,    0.0,   85.1,   34.4,   95.5,   95.5,    4.5,    4.5,  100.0,   10.4,   61.1,    0.0,   85.1,   34.4,   95.5,   95.5,    4.5,    4.5,    0.0,    0.0,    0.0,    0.0,    0.0,    0.0,    0.0,    0.0,    0.0,    0.0,     31,      6,      4,      0,     13,      8,     19,     12,     31,      6,      4,      0,     13,      8,     19,     12,      0,      0,      0,      0,      0,      0,      0,      0,    59.4,    73.5,    83.3,    92.5,    59.4,    73.5,    83.3,    92.5,    59.4,    73.5,    83.3,    92.5,    59.4,    73.5,    83.3,    92.5,     0.0,     0.0,     0.0,     0.0,     0.0,     0.0,     0.0,     0.0,"1000 Texas RECs","006NHU","NODX","006 "
"TX REC CRS V28 BACK HALF - NODAL EXCHANGE",260915,2026-09-15,006NHV,NODX,01,006 ,    4936,     741,    2265,     441,    3447,    1897,    4629,    4603,     307,     333,    4936,     741,    2265,     441,    3447,    1897,    4629,    4603,     307,     333,       0,       0,       0,       0,       0,       0,       0,       0,       0,       0,     -25,       0,      25,       0,     -25,     -61,     -25,     -36,       0,      11,  100.0,   15.0,   45.9,    8.9,   69.8,   38.4,   93.8,   93.3,    6.2,    6.7,  100.0,   15.0,   45.9,    8.9,   69.8,   38.4,   93.8,   93.3,    6.2,    6.7,    0.0,    0.0,    0.0,    0.0,    0.0,    0.0,    0.0,    0.0,    0.0,    0.0,     30,      6,      4,      1,     14,      6,     20,     11,     30,      6,      4,      1,     14,      6,     20,     11,      0,      0,      0,      0,      0,      0,      0,      0,    47.6,    71.6,    73.1,    87.1,    40.6,    67.5,    64.1,    81.1,    47.6,    71.6,    73.1,    87.1,    40.6,    67.5,    64.1,    81.1,     0.0,     0.0,     0.0,     0.0,     0.0,     0.0,     0.0,     0.0,"1000 Texas RECs","006NHV","NODX","006 "
"TX REC CRS V29 BACK HALF - NODAL EXCHANGE",260915,2026-09-15,006NHW,NODX,01,006 ,    4430,     526,    2285,       0,    3802,    2043,    4328,    4328,     102,     102,    4430,     526,    2285,       0,    3802,    2043,    4328,    4328,     102,     102,       0,       0,       0,       0,       0,       0,       0,       0,       0,       0,      75,       0,       0,       0,      75,      75,      75,      75,       0,       0,  100.0,   11.9,   51.6,    0.0,   85.8,   46.1,   97.7,   97.7,    2.3,    2.3,  100.0,   11.9,   51.6,    0.0,   85.8,   46.1,   97.7,   97.7,    2.3,    2.3,    0.0,    0.0,    0.0,    0.0,    0.0,    0.0,    0.0,    0.0,    0.0,    0.0,     31,      5,      4,      0,     14,      8,     19,     12,     31,      5,      4,      0,     14,      8,     19,     12,      0,      0,      0,      0,      0,      0,      0,      0,    62.1,    76.7,    81.0,    92.1,    62.1,    76.7,    81.0,    92.1,    62.1,    76.7,    81.0,    92.1,    62.1,    76.7,    81.0,    92.1,     0.0,     0.0,     0.0,     0.0,     0.0,     0.0,     0.0,     0.0,"1000 Texas RECs","006NHW","NODX","006 "
"TX REC CRS V30 BACK HALF - NODAL EXCHANGE",260915,2026-09-15,006NHX,NODX,01,006 ,    4163,     440,    2367,       0,    3582,    1643,    4022,    4010,     141,     153,    4163,     440,    2367,       0,    3582,    1643,    4022,    4010,     141,     153,       0,       0,       0,       0,       0,       0,       0,       0,       0,       0,       0,       0,       0,       0,       0,       0,       0,       0,       0,       0,  100.0,   10.6,   56.9,    0.0,   86.0,   39.5,   96.6,   96.3,    3.4,    3.7,  100.0,   10.6,   56.9,    0.0,   86.0,   39.5,   96.6,   96.3,    3.4,    3.7,    0.0,    0.0,    0.0,    0.0,    0.0,    0.0,    0.0,    0.0,    0.0,    0.0,     28,      4,      5,      0,     11,     10,     15,     15,     28,      4,      5,      0,     11,     10,     15,     15,      0,      0,      0,      0,      0,      0,      0,      0,    74.3,    74.3,    88.2,    90.2,    73.7,    74.3,    87.5,    90.2,    74.3,    74.3,    88.2,    90.2,    73.7,    74.3,    87.5,    90.2,     0.0,     0.0,     0.0,     0.0,     0.0,     0.0,     0.0,     0.0,"(1,000 MWh representing 1,000 Texas RECs","006NHX","NODX","006 "
"TX REC CRS V26 FRONT HALF - NODAL EXCHANGE",260915,2026-09-15,006NHY,NODX,01,006 ,    7733,     311,    3390,       0,    7189,    4074,    7500,    7464,     233,     269,    7733,     311,    3390,       0,    7189,    4074,    7500,    7464,     233,     269,       0,       0,       0,       0,       0,       0,       0,       0,       0,       0,    -355,       0,     -50,       0,    -257,    -227,    -257,    -277,     -98,     -78,  100.0,    4.0,   43.8,    0.0,   93.0,   52.7,   97.0,   96.5,    3.0,    3.5,  100.0,    4.0,   43.8,    0.0,   93.0,   52.7,   97.0,   96.5,    3.0,    3.5,    0.0,    0.0,    0.0,    0.0,    0.0,    0.0,    0.0,    0.0,    0.0,    0.0,     27,      3,      4,      0,     12,      8,     15,     12,     27,      3,      4,      0,     12,      8,     15,     12,      0,      0,      0,      0,      0,      0,      0,      0,    68.5,    60.4,    87.0,    88.9,    68.5,    60.4,    87.0,    88.9,    68.5,    60.4,    87.0,    88.9,    68.5,    60.4,    87.0,    88.9,     0.0,     0.0,     0.0,     0.0,     0.0,     0.0,     0.0,     0.0,"1000 Texas RECs","006NHY","NODX","006 "
"TX REC CRS V27 FRONT HALF - NODAL EXCHANGE",260915,2026-09-15,006NHZ,NODX,01,006 ,    7602,    1410,    3231,       0,    6013,    4151,    7423,    7382,     179,     220,    7602,    1410,    3231,       0,    6013,    4151,    7423,    7382,     179,     220,       0,       0,       0,       0,       0,       0,       0,       0,       0,       0,      75,       0,       0,       0,      75,      75,      75,      75,       0,       0,  100.0,   18.5,   42.5,    0.0,   79.1,   54.6,   97.6,   97.1,    2.4,    2.9,  100.0,   18.5,   42.5,    0.0,   79.1,   54.6,   97.6,   97.1,    2.4,    2.9,    0.0,    0.0,    0.0,    0.0,    0.0,    0.0,    0.0,    0.0,    0.0,    0.0,     31,      6,      2,      0,     15,      9,     21,     11,     31,      6,      2,      0,     15,      9,     21,     11,      0,      0,      0,      0,      0,      0,      0,      0,    57.6,    75.5,    77.3,    94.1,    57.6,    75.2,    77.3,    93.8,    57.6,    75.5,    77.3,    94.1,    57.6,    75.2,    77.3,    93.8,     0.0,     0.0,     0.0,     0.0,     0.0,     0.0,     0.0,     0.0,"1000 Texas RECs","006NHZ","NODX","006 "
"TX REC CRS V28 FRONT HALF - NODAL EXCHANGE",260915,2026-09-15,006NJ1,NODX,01,006 ,    6044,     704,    3065,       0,    5065,    2675,    5769,    5740,     275,     304,    6044,     704,    3065,       0,    5065,    2675,    5769,    5740,     275,     304,       0,       0,       0,       0,       0,       0,       0,       0,       0,       0,      50,     -25,       0,       0,      75,      50,      50,      50,       0,       0,  100.0,   11.6,   50.7,    0.0,   83.8,   44.3,   95.5,   95.0,    4.5,    5.0,  100.0,   11.6,   50.7,    0.0,   83.8,   44.3,   95.5,   95.0,    4.5,    5.0,    0.0,    0.0,    0.0,    0.0,    0.0,    0.0,    0.0,    0.0,    0.0,    0.0,     25,      3,      4,      0,     11,      8,     14,     12,     25,      3,      4,      0,     11,      8,     14,     12,      0,      0,      0,      0,      0,      0,      0,      0,    67.2,    71.5,    84.2,    90.5,    66.4,    71.5,    83.4,    90.5,    67.2,    71.5,    84.2,    90.5,    66.4,    71.5,    83.4,    90.5,     0.0,     0.0,     0.0,     0.0,     0.0,     0.0,     0.0,     0.0,"1000 Texas RECs","006NJ1","NODX","006 "
"TX REC CRS V29 FRONT HALF - NODAL EXCHANGE",260915,2026-09-15,006NJ2,NODX,01,006 ,    6093,    1175,    2307,      33,    4767,    3629,    5975,    5969,     118,     124,    6093,    1175,    2307,      33,    4767,    3629,    5975,    5969,     118,     124,       0,       0,       0,       0,       0,       0,       0,       0,       0,       0,      50,     -26,       0,       0,      76,      50,      50,      50,       0,       0,  100.0,   19.3,   37.9,    0.5,   78.2,   59.6,   98.1,   98.0,    1.9,    2.0,  100.0,   19.3,   37.9,    0.5,   78.2,   59.6,   98.1,   98.0,    1.9,    2.0,    0.0,    0.0,    0.0,    0.0,    0.0,    0.0,    0.0,    0.0,    0.0,    0.0,     31,      6,      3,      1,     12,     10,     18,     14,     31,      6,      3,      1,     12,     10,     18,     14,      0,      0,      0,      0,      0,      0,      0,      0,    70.1,    84.6,    87.3,    93.4,    70.1,    84.6,    87.3,    93.4,    70.1,    84.6,    87.3,    93.4,    70.1,    84.6,    87.3,    93.4,     0.0,     0.0,     0.0,     0.0,     0.0,     0.0,     0.0,     0.0,"1000 Texas RECs","006NJ2","NODX","006 "
"TX REC CRS V30 FRONT HALF - NODAL EXCHANGE",260915,2026-09-15,006NJ3,NODX,01,006 ,    3563,     503,    1876,       0,    2906,    1507,    3409,    3383,     154,     180,    3563,     503,    1876,       0,    2906,    1507,    3409,    3383,     154,     180,       0,       0,       0,       0,       0,       0,       0,       0,       0,       0,       0,       0,      50,       0,       0,     -50,       0,       0,       0,       0,  100.0,   14.1,   52.7,    0.0,   81.6,   42.3,   95.7,   94.9,    4.3,    5.1,  100.0,   14.1,   52.7,    0.0,   81.6,   42.3,   95.7,   94.9,    4.3,    5.1,    0.0,    0.0,    0.0,    0.0,    0.0,    0.0,    0.0,    0.0,    0.0,    0.0,     26,      3,      6,      0,     10,      9,     13,     15,     26,      3,      6,      0,     10,      9,     13,     15,      0,      0,      0,      0,      0,      0,      0,      0,    69.3,    70.1,    85.9,    86.9,    67.1,    70.1,    83.6,    86.9,    69.3,    70.1,    85.9,    86.9,    67.1,    70.1,    83.6,    86.9,     0.0,     0.0,     0.0,     0.0,     0.0,     0.0,     0.0,     0.0,"1000 Texas RECs","006NJ3","NODX","006 "
"TX REC CRS V31 BACK HALF - NODAL EXCHANGE",260915,2026-09-15,006NKH,NODX,01,006 ,    2247,     219,    1174,       0,    1928,     958,    2147,    2132,     100,     115,    2247,     219,    1174,       0,    1928,     958,    2147,    2132,     100,     115,       0,       0,       0,       0,       0,       0,       0,       0,       0,       0,       0,       0,       0,       0,       0,       0,       0,       0,       0,       0,  100.0,    9.7,   52.2,    0.0,   85.8,   42.6,   95.5,   94.9,    4.5,    5.1,  100.0,    9.7,   52.2,    0.0,   85.8,   42.6,   95.5,   94.9,    4.5,    5.1,    0.0,    0.0,    0.0,    0.0,    0.0,    0.0,    0.0,    0.0,    0.0,    0.0,     20,      2,      3,      0,      9,      8,     11,     11,     20,      2,      3,      0,      9,      8,     11,     11,      0,      0,      0,      0,      0,      0,      0,      0,    70.6,    78.1,    89.2,    91.4,    68.2,    78.1,    86.9,    91.4,    70.6,    78.1,    89.2,    91.4,    68.2,    78.1,    86.9,    91.4,     0.0,     0.0,     0.0,     0.0,     0.0,     0.0,     0.0,     0.0,"1000 Texas RECs","006NKH","NODX","006 "
"TX REC CRS V31 FRONT HALF - NODAL EXCHANGE",260915,2026-09-15,006NKJ,NODX,01,006 ,    2296,     468,    1089,       0,    1704,    1107,    2172,    2196,     124,     100,    2296,     468,    1089,       0,    1704,    1107,    2172,    2196,     124,     100,       0,       0,       0,       0,       0,       0,       0,       0,       0,       0,       0,       0,       0,       0,       0,       0,       0,       0,       0,       0,  100.0,   20.4,   47.4,    0.0,   74.2,   48.2,   94.6,   95.6,    5.4,    4.4,  100.0,   20.4,   47.4,    0.0,   74.2,   48.2,   94.6,   95.6,    5.4,    4.4,    0.0,    0.0,    0.0,    0.0,    0.0,    0.0,    0.0,    0.0,    0.0,    0.0,     20,      3,      2,      0,     10,      7,     13,      9,     20,      3,      2,      0,     10,      7,     13,      9,      0,      0,      0,      0,      0,      0,      0,      0,    57.8,    78.1,    81.7,    94.5,    56.6,    78.1,    80.5,    91.7,    57.8,    78.1,    81.7,    94.5,    56.6,    78.1,    80.5,    91.7,     0.0,     0.0,     0.0,     0.0,     0.0,     0.0,     0.0,     0.0,"1000 Texas RECs","006NKJ","NODX","006 "
"NEW JERSEY RECs CLASS 2 V2027 - NODAL EXCHANGE",260915,2026-09-15,006NMM,NODX,01,006 ,   10806,    4495,    1920,       0,    6311,    8886,   10806,   10806,       0,       0,   10806,    4495,    1920,       0,    6311,    8886,   10806,   10806,       0,       0,       0,       0,       0,       0,       0,       0,       0,       0,       0,       0,       0,       0,     800,       0,       0,    -800,       0,       0,       0,       0,  100.0,   41.6,   17.8,    0.0,   58.4,   82.2,  100.0,  100.0,    0.0,    0.0,  100.0,   41.6,   17.8,    0.0,   58.4,   82.2,  100.0,  100.0,    0.0,    0.0,    0.0,    0.0,    0.0,    0.0,    0.0,    0.0,    0.0,    0.0,    0.0,    0.0,     25,      6,      2,      0,     13,      4,     19,      6,     25,      6,      2,      0,     13,      4,     19,      6,      0,      0,      0,      0,      0,      0,      0,      0,    54.8,    96.3,    81.7,   100.0,    54.8,    96.3,    81.7,   100.0,    54.8,    96.3,    81.7,   100.0,    54.8,    96.3,    81.7,   100.0,     0.0,     0.0,     0.0,     0.0,     0.0,     0.0,     0.0,     0.0,"(100 MWh representing 100 NJ Class 2 REC","006NMM","NODX","006 "
"PENNSYLVANIA AEC TIER 2-V2027 - NODAL EXCHANGE",260915,2026-09-15,006NMT,NODX,01,006 ,   28378,    7333,   11039,       0,   21045,   17339,   28378,   28378,       0,       0,   28378,    7333,   11039,       0,   21045,   17339,   28378,   28378,       0,       0,       0,       0,       0,       0,       0,       0,       0,       0,       0,       0,     400,     200,    -430,       0,     200,     830,     400,     400,       0,       0,  100.0,   25.8,   38.9,    0.0,   74.2,   61.1,  100.0,  100.0,    0.0,    0.0,  100.0,   25.8,   38.9,    0.0,   74.2,   61.1,  100.0,  100.0,    0.0,    0.0,    0.0,    0.0,    0.0,    0.0,    0.0,    0.0,    0.0,    0.0,    0.0,    0.0,     32,      5,      4,      0,     15,      8,     20,     12,     32,      5,      4,      0,     15,      8,     20,     12,      0,      0,      0,      0,      0,      0,      0,      0,    50.2,    74.9,    75.2,    97.1,    50.2,    74.9,    75.2,    97.1,    50.2,    74.9,    75.2,    97.1,    50.2,    74.9,    75.2,    97.1,     0.0,     0.0,     0.0,     0.0,     0.0,     0.0,     0.0,     0.0,"(100 MWh = 100 Tier 2  AECs)","006NMT","NODX","006 "
"NEW JERSEY RECs CLASS 2 V2028 - NODAL EXCHANGE",260915,2026-09-15,006NMW,NODX,01,006 ,    4611,    2110,    1916,       0,    2501,    2695,    4611,    4611,       0,       0,    4611,    2110,    1916,       0,    2501,    2695,    4611,    4611,       0,       0,       0,       0,       0,       0,       0,       0,       0,       0,       0,       0,       0,       0,       0,       0,       0,       0,       0,       0,       0,       0,  100.0,   45.8,   41.6,    0.0,   54.2,   58.4,  100.0,  100.0,    0.0,    0.0,  100.0,   45.8,   41.6,    0.0,   54.2,   58.4,  100.0,  100.0,    0.0,    0.0,    0.0,    0.0,    0.0,    0.0,    0.0,    0.0,    0.0,    0.0,    0.0,    0.0,     22,      5,      2,      0,     10,      5,     15,      7,     22,      5,      2,      0,     10,      5,     15,      7,      0,      0,      0,      0,      0,      0,      0,      0,    58.6,    89.2,    84.6,   100.0,    58.6,    89.2,    84.6,   100.0,    58.6,    89.2,    84.6,   100.0,    58.6,    89.2,    84.6,   100.0,     0.0,     0.0,     0.0,     0.0,     0.0,     0.0,     0.0,     0.0,"100 MWh representing 100 NJ Class 2 RECs","006NMW","NODX","006 "
"PENNSYLVANIA AEC TIER 2-V2028 - NODAL EXCHANGE",260915,2026-09-15,006NMX,NODX,01,006 ,   23300,    3985,    8994,       0,   19315,   14306,   23300,   23300,       0,       0,   23300,    3985,    8994,       0,   19315,   14306,   23300,   23300,       0,       0,       0,       0,       0,       0,       0,       0,       0,       0,       0,       0,     270,     170,     270,       0,     100,       0,     270,     270,       0,       0,  100.0,   17.1,   38.6,    0.0,   82.9,   61.4,  100.0,  100.0,    0.0,    0.0,  100.0,   17.1,   38.6,    0.0,   82.9,   61.4,  100.0,  100.0,    0.0,    0.0,    0.0,    0.0,    0.0,    0.0,    0.0,    0.0,    0.0,    0.0,    0.0,    0.0,     27,      6,      2,      0,     16,      3,     22,      5,     27,      6,      2,      0,     16,      3,     22,      5,      0,      0,      0,      0,      0,      0,      0,      0,    54.2,    99.2,    75.8,   100.0,    54.2,    99.2,    75.8,   100.0,    54.2,    99.2,    75.8,   100.0,    54.2,    99.2,    75.8,   100.0,     0.0,     0.0,     0.0,     0.0,     0.0,     0.0,     0.0,     0.0,"(100 MWh = 100 Tier 2  AECs)","006NMX","NODX","006 "
"CALIF CARBON VINTAGE SPEC 2029 - ICE FUTURES ENERGY DIV",260915,2026-09-15,006WCA,IFED,01,006 ,    7585,    4482,    1924,      51,    3052,    5610,    7585,    7585,       0,       0,    7585,    4482,    1924,      51,    3052,    5610,    7585,    7585,       0,       0,       0,       0,       0,       0,       0,       0,       0,       0,       0,       0,       0,       0,       0,       0,       0,       0,       0,       0,       0,       0,  100.0,   59.1,   25.4,    0.7,   40.2,   74.0,  100.0,  100.0,    0.0,    0.0,  100.0,   59.1,   25.4,    0.7,   40.2,   74.0,  100.0,  100.0,    0.0,    0.0,    0.0,    0.0,    0.0,    0.0,    0.0,    0.0,    0.0,    0.0,    0.0,    0.0,     21,      3,      7,      1,      4,      9,      7,     17,     21,      3,      7,      1,      4,      9,      7,     17,      0,      0,      0,      0,      0,      0,      0,      0,    81.2,    64.5,   100.0,    82.4,    77.2,    53.4,    82.4,    68.8,    81.2,    64.5,   100.0,    82.4,    77.2,    53.4,    82.4,    68.8,     0.0,     0.0,     0.0,     0.0,     0.0,     0.0,     0.0,     0.0,"(1,000 California Carbon Allowances)","006WCA","IFED","006 "
"SOYBEAN OIL - CHICAGO BOARD OF TRADE",260915,2026-09-15,007601,CBT ,00,007 ,  605960,  163230,   38452,  134122,  275035,  413464,  572387,  586038,   33573,   19922,  595951,  161656,   41880,  129163,  272045,  405739,  562864,  576782,   33087,   19169,   10009,    5449,     447,    1084,    2990,    7725,    9523,    9256,     486,     753,    3999,    4287,   -3509,    5300,   -4733,    4243,    4854,    6034,    -855,   -2035,  100.0,   26.9,    6.3,   22.1,   45.4,   68.2,   94.5,   96.7,    5.5,    3.3,  100.0,   27.1,    7.0,   21.7,   45.6,   68.1,   94.4,   96.8,    5.6,    3.2,  100.0,   54.4,    4.5,   10.8,   29.9,   77.2,   95.1,   92.5,    4.9,    7.5,    329,    127,     53,    104,    101,    109,    268,    236,    329,    124,     58,    103,    101,    109,    267,    236,     71,     18,     13,      9,     28,     20,     51,     38,    11.4,    25.8,    18.7,    38.5,     7.6,    22.2,    12.6,    31.0,    11.6,    25.8,    18.9,    38.5,     7.7,    22.1,    12.8,    31.0,    38.9,    41.1,    58.7,    64.0,    36.8,    39.7,    54.9,    60.4,"(CONTRACTS OF 60,000 POUNDS)","007601","CBT ","007 "
"UST BOND - CHICAGO BOARD OF TRADE",260915,2026-09-15,020601,CBT ,00,020 , 1867442,  176241,  379398,   21176, 1443406, 1302243, 1640823, 1702817,  226619,  164625, 1867442,  176241,  379398,   21176, 1443406, 1302243, 1640823, 1702817,  226619,  164625,       0,       0,       0,       0,       0,       0,       0,       0,       0,       0,   65134,   -2562,      78,    6895,   62680,   59429,   67013,   66402,   -1879,   -1268,  100.0,    9.4,   20.3,    1.1,   77.3,   69.7,   87.9,   91.2,   12.1,    8.8,  100.0,    9.4,   20.3,    1.1,   77.3,   69.7,   87.9,   91.2,   12.1,    8.8,    0.0,    0.0,    0.0,    0.0,    0.0,    0.0,    0.0,    0.0,    0.0,    0.0,    251,     41,     40,     15,    129,    118,    180,    163,    251,     41,     40,     15,    129,    118,    180,    163,      0,      0,      0,      0,      0,      0,      0,      0,    20.6,    37.4,    31.6,    48.0,    20.0,    35.1,    30.6,    45.6,    20.6,    37.4,    31.6,    48.0,    20.0,    35.1,    30.6,    45.6,     0.0,     0.0,     0.0,     0.0,     0.0,     0.0,     0.0,     0.0,"(CONTRACTS OF $100,000 FACE VALUE)","020601","CBT ","020 "
"ULTRA UST BOND - CHICAGO BOARD OF TRADE",260915,2026-09-15,020604,CBT ,00,020 , 2470471,  146649,  491852,   26225, 2090010, 1767816, 2262884, 2285893,  207587,  184578, 2470471,  146649,  491852,   26225, 2090010, 1767816, 2262884, 2285893,  207587,  184578,       0,       0,       0,       0,       0,       0,       0,       0,       0,       0,   70966,  -10480,  -10417,    6793,   67110,   78277,   63423,   74653,    7543,   -3687,  100.0,    5.9,   19.9,    1.1,   84.6,   71.6,   91.6,   92.5,    8.4,    7.5,  100.0,    5.9,   19.9,    1.1,   84.6,   71.6,   91.6,   92.5,    8.4,    7.5,    0.0,    0.0,    0.0,    0.0,    0.0,    0.0,    0.0,    0.0,    0.0,    0.0,    225,     23,     32,     18,    131,    116,    166,    154,    225,     23,     32,     18,    131,    116,    166,    154,      0,      0,      0,      0,      0,      0,      0,      0,    30.5,    35.2,    41.6,    50.2,    27.1,    35.1,    36.5,    45.3,    30.5,    35.2,    41.6,    50.2,    27.1,    35.1,    36.5,    45.3,     0.0,     0.0,     0.0,     0.0,     0.0,     0.0,     0.0,     0.0,"(CONTRACTS OF $100,000 FACE VALUE)","020604","CBT ","020 "
"USGC HSFO (PLATTS) - ICE FUTURES ENERGY DIV",260915,2026-09-15,02141B,IFED,01,021 ,   29858,   10866,     443,    3037,   15943,   26270,   29846,   29750,      12,     108,   29858,   10866,     443,    3037,   15943,   26270,   29846,   29750,      12,     108,       0,       0,       0,       0,       0,       0,       0,       0,       0,       0,    2427,     910,      70,    1004,     508,    1364,    2422,    2438,       5,     -11,  100.0,   36.4,    1.5,   10.2,   53.4,   88.0,  100.0,   99.6,    0.0,    0.4,  100.0,   36.4,    1.5,   10.2,   53.4,   88.0,  100.0,   99.6,    0.0,    0.4,    0.0,    0.0,    0.0,    0.0,    0.0,    0.0,    0.0,    0.0,    0.0,    0.0,     58,      9,      2,      7,     33,     42,     45,     49,     58,      9,      2,      7,     33,     42,     45,     49,      0,      0,      0,      0,      0,      0,      0,      0,    48.0,    33.8,    67.9,    51.8,    34.9,    20.2,    44.9,    30.4,    48.0,    33.8,    67.9,    51.8,    34.9,    20.2,    44.9,    30.4,     0.0,     0.0,     0.0,     0.0,     0.0,     0.0,     0.0,     0.0,"(1000 barrels)","02141B","IFED","021 "
"FUEL OIL-3% USGC/3.5% FOB RDAM - ICE FUTURES ENERGY DIV",260915,2026-09-15,02141C,IFED,01,021 ,   18761,    1162,    7540,    2391,   15201,    8821,   18754,   18752,       7,       9,   18761,    1162,    7540,    2391,   15201,    8821,   18754,   18752,       7,       9,       0,       0,       0,       0,       0,       0,       0,       0,       0,       0,    2531,      63,     392,     596,    1872,    1543,    2531,    2531,       0,       0,  100.0,    6.2,   40.2,   12.7,   81.0,   47.0,  100.0,  100.0,    0.0,    0.0,  100.0,    6.2,   40.2,   12.7,   81.0,   47.0,  100.0,  100.0,    0.0,    0.0,    0.0,    0.0,    0.0,    0.0,    0.0,    0.0,    0.0,    0.0,    0.0,    0.0,     41,      2,      7,      5,     27,     19,     32,     28,     41,      2,      7,      5,     27,     19,     32,     28,      0,      0,      0,      0,      0,      0,      0,      0,    41.3,    61.1,    68.7,    81.2,    39.3,    50.0,    57.4,    65.6,    41.3,    61.1,    68.7,    81.2,    39.3,    50.0,    57.4,    65.6,     0.0,     0.0,     0.0,     0.0,     0.0,     0.0,     0.0,     0.0,"(1000 barrels)","02141C","IFED","021 "
"USGC HSFO-PLATTS/BRENT 1ST LN - ICE FUTURES ENERGY DIV",260915,2026-09-15,02141R,IFED,01,021 ,   13473,      57,    5638,    1661,   11666,    6081,   13384,   13380,      89,      93,   13473,      57,    5638,    1661,   11666,    6081,   13384,   13380,      89,      93,       0,       0,       0,       0,       0,       0,       0,       0,       0,       0,    1435,     -45,     978,      45,    1435,     412,    1435,    1435,       0,       0,  100.0,    0.4,   41.8,   12.3,   86.6,   45.1,   99.3,   99.3,    0.7,    0.7,  100.0,    0.4,   41.8,   12.3,   86.6,   45.1,   99.3,   99.3,    0.7,    0.7,    0.0,    0.0,    0.0,    0.0,    0.0,    0.0,    0.0,    0.0,    0.0,    0.0,     38,      2,      6,      2,     25,     13,     29,     19,     38,      2,      6,      2,     25,     13,     29,     19,      0,      0,      0,      0,      0,      0,      0,      0,    61.6,    57.6,    79.2,    80.9,    57.1,    53.3,    67.2,    68.4,    61.6,    57.6,    79.2,    80.9,    57.1,    53.3,    67.2,    68.4,     0.0,     0.0,     0.0,     0.0,     0.0,     0.0,     0.0,     0.0,"(1000 Barrels)","02141R","IFED","021 "
"NY HARBOR ULSD - NEW YORK MERCANTILE EXCHANGE",260915,2026-09-15,022651,NYME,01,022 ,  277030,   43952,   34999,   51205,  128416,  162675,  223573,  248879,   53457,   28151,  277030,   43952,   34999,   51205,  128416,  162675,  223573,  248879,   53457,   28151,       0,       0,       0,       0,       0,       0,       0,       0,       0,       0,   11950,   -1398,    1357,    -263,   10852,   11684,    9191,   12778,    2759,    -828,  100.0,   15.9,   12.6,   18.5,   46.4,   58.7,   80.7,   89.8,   19.3,   10.2,  100.0,   15.9,   12.6,   18.5,   46.4,   58.7,   80.7,   89.8,   19.3,   10.2,    0.0,    0.0,    0.0,    0.0,    0.0,    0.0,    0.0,    0.0,    0.0,    0.0,    170,     47,     32,     52,     68,     76,    144,    136,    170,     47,     32,     52,     68,     76,    144,    136,      0,      0,      0,      0,      0,      0,      0,      0,    13.0,    17.9,    21.2,    28.1,    11.4,    14.7,    17.1,    21.0,    13.0,    17.9,    21.2,    28.1,    11.4,    14.7,    17.1,    21.0,     0.0,     0.0,     0.0,     0.0,     0.0,     0.0,     0.0,     0.0,"(CONTRACTS OF 42,000 U.S. GALLONS)","022651","NYME","022 "
"NAT GAS ICE LD1 - ICE FUTURES ENERGY DIV",260915,2026-09-15,023391,IFED,01,023 , 7995976,  859420,  765052, 1472690, 5625212, 5737961, 7957322, 7975703,   38654,   20273, 7995976,  859420,  765052, 1472690, 5625212, 5737961, 7957322, 7975703,   38654,   20273,       0,       0,       0,       0,       0,       0,       0,       0,       0,       0,  107925,    9883,   23779,   -2002,  100568,   87146,  108449,  108923,    -524,    -998,  100.0,   10.7,    9.6,   18.4,   70.4,   71.8,   99.5,   99.7,    0.5,    0.3,  100.0,   10.7,    9.6,   18.4,   70.4,   71.8,   99.5,   99.7,    0.5,    0.3,    0.0,    0.0,    0.0,    0.0,    0.0,    0.0,    0.0,    0.0,    0.0,    0.0,    277,     42,     38,     72,    182,    141,    258,    218,    277,     42,     38,     72,    182,    141,    258,    218,      0,      0,      0,      0,      0,      0,      0,      0,    21.7,    33.5,    34.4,    48.4,    17.2,    30.2,    28.2,    43.4,    21.7,    33.5,    34.4,    48.4,    17.2,    30.2,    28.2,    43.4,     0.0,     0.0,     0.0,     0.0,     0.0,     0.0,     0.0,     0.0,"(Contracts of 2,500  MMBTU'S)","023391","IFED","023 "
"NAT GAS ICE PEN - ICE FUTURES ENERGY DIV",260915,2026-09-15,023392,IFED,01,023 ,  706370,   95888,  217380,  191218,  418712,  297186,  705818,  705784,     552,     586,  706370,   95888,  217380,  191218,  418712,  297186,  705818,  705784,     552,     586,       0,       0,       0,       0,       0,       0,       0,       0,       0,       0,   29574,    5297,    5567,   13124,   11153,   10968,   29574,   29659,       0,     -85,  100.0,   13.6,   30.8,   27.1,   59.3,   42.1,   99.9,   99.9,    0.1,    0.1,  100.0,   13.6,   30.8,   27.1,   59.3,   42.1,   99.9,   99.9,    0.1,    0.1,    0.0,    0.0,    0.0,    0.0,    0.0,    0.0,    0.0,    0.0,    0.0,    0.0,     75,     21,     15,     27,     33,     34,     66,     64,     75,     21,     15,     27,     33,     34,     66,     64,      0,      0,      0,      0,      0,      0,      0,      0,    38.1,    47.0,    58.4,    69.7,    25.5,    30.4,    34.5,    36.7,    38.1,    47.0,    58.4,    69.7,    25.5,    30.4,    34.5,    36.7,     0.0,     0.0,     0.0,     0.0,     0.0,     0.0,     0.0,     0.0,"(Contracts of 2,500  MMBTU'S)","023392","IFED","023 "
"SOCAL BORDER FIN BASIS - ICE FUTURES ENERGY DIV",260915,2026-09-15,023393,IFED,01,023 ,  269844,   18214,   11360,    9402,  228216,  238758,  255832,  259520,   14012,   10324,  269844,   18214,   11360,    9402,  228216,  238758,  255832,  259520,   14012,   10324,       0,       0,       0,       0,       0,       0,       0,       0,       0,       0,   12557,    1101,    2835,    2484,   10694,    7977,   14279,   13296,   -1722,    -739,  100.0,    6.7,    4.2,    3.5,   84.6,   88.5,   94.8,   96.2,    5.2,    3.8,  100.0,    6.7,    4.2,    3.5,   84.6,   88.5,   94.8,   96.2,    5.2,    3.8,    0.0,    0.0,    0.0,    0.0,    0.0,    0.0,    0.0,    0.0,    0.0,    0.0,     50,      6,      5,      7,     33,     31,     43,     40,     50,      6,      5,      7,     33,     31,     43,     40,      0,      0,      0,      0,      0,      0,      0,      0,    44.5,    55.0,    61.0,    67.2,    43.9,    51.2,    58.3,    61.8,    44.5,    55.0,    61.0,    67.2,    43.9,    51.2,    58.3,    61.8,     0.0,     0.0,     0.0,     0.0,     0.0,     0.0,     0.0,     0.0,"(Contracts of 2,500  MMBTU'S)","023393","IFED","023 "
"PG&E CITYGATE FIN BASIS - ICE FUTURES ENERGY DIV",260915,2026-09-15,023394,IFED,01,023 ,  188297,    2134,    4299,    7388,  169957,  173161,  179479,  184848,    8818,    3449,  188297,    2134,    4299,    7388,  169957,  173161,  179479,  184848,    8818,    3449,       0,       0,       0,       0,       0,       0,       0,       0,       0,       0,    1778,    -659,    -318,    1692,    -936,     421,      97,    1795,    1681,     -17,  100.0,    1.1,    2.3,    3.9,   90.3,   92.0,   95.3,   98.2,    4.7,    1.8,  100.0,    1.1,    2.3,    3.9,   90.3,   92.0,   95.3,   98.2,    4.7,    1.8,    0.0,    0.0,    0.0,    0.0,    0.0,    0.0,    0.0,    0.0,    0.0,    0.0,     47,      3,      7,      7,     37,     32,     44,     42,     47,      3,      7,      7,     37,     32,     44,     42,      0,      0,      0,      0,      0,      0,      0,      0,    51.4,    65.7,    63.9,    80.1,    51.3,    60.7,    63.2,    73.0,    51.4,    65.7,    63.9,    80.1,    51.3,    60.7,    63.2,    73.0,     0.0,     0.0,     0.0,     0.0,     0.0,     0.0,     0.0,     0.0,"(Contracts of 2,500  MMBTU'S)","023394","IFED","023 "
"NWP ROCKIES FIN BASIS - ICE FUTURES ENERGY DIV",260915,2026-09-15,023395,IFED,01,023 ,  389455,   26637,   13153,    6648,  343323,  357545,  376608,  377346,   12847,   12109,  389455,   26637,   13153,    6648,  343323,  357545,  376608,  377346,   12847,   12109,       0,       0,       0,       0,       0,       0,       0,       0,       0,       0,    7630,    -438,    2067,    -592,   10152,    5638,    9122,    7113,   -1492,     517,  100.0,    6.8,    3.4,    1.7,   88.2,   91.8,   96.7,   96.9,    3.3,    3.1,  100.0,    6.8,    3.4,    1.7,   88.2,   91.8,   96.7,   96.9,    3.3,    3.1,    0.0,    0.0,    0.0,    0.0,    0.0,    0.0,    0.0,    0.0,    0.0,    0.0,     68,      8,      5,      6,     46,     42,     56,     51,     68,      8,      5,      6,     46,     42,     56,     51,      0,      0,      0,      0,      0,      0,      0,      0,    48.5,    41.8,    64.0,    61.1,    36.4,    36.8,    50.1,    48.5,    48.5,    41.8,    64.0,    61.1,    36.4,    36.8,    50.1,    48.5,     0.0,     0.0,     0.0,     0.0,     0.0,     0.0,     0.0,     0.0,"(Contracts of 2,500  MMBTU'S)","023395","IFED","023 "
"AECO FIN BASIS - ICE FUTURES ENERGY DIV",260915,2026-09-15,023396,IFED,01,023 ,  949948,   31195,    8705,   10389,  891203,  925104,  932787,  944198,   17161,    5750,  949948,   31195,    8705,   10389,  891203,  925104,  932787,  944198,   17161,    5750,       0,       0,       0,       0,       0,       0,       0,       0,       0,       0,     695,    2693,     120,   -1136,      79,    1958,    1636,     942,    -941,    -247,  100.0,    3.3,    0.9,    1.1,   93.8,   97.4,   98.2,   99.4,    1.8,    0.6,  100.0,    3.3,    0.9,    1.1,   93.8,   97.4,   98.2,   99.4,    1.8,    0.6,    0.0,    0.0,    0.0,    0.0,    0.0,    0.0,    0.0,    0.0,    0.0,    0.0,     63,      7,      7,      8,     44,     33,     55,     45,     63,      7,      7,      8,     44,     33,     55,     45,      0,      0,      0,      0,      0,      0,      0,      0,    43.9,    52.9,    58.9,    78.5,    39.8,    52.8,    52.3,    73.9,    43.9,    52.9,    58.9,    78.5,    39.8,    52.8,    52.3,    73.9,     0.0,     0.0,     0.0,     0.0,     0.0,     0.0,     0.0,     0.0,"(Contracts of 2,500  MMBTU'S)","023396","IFED","023 "
"CHICAGO FIN BASIS - ICE FUTURES ENERGY DIV",260915,2026-09-15,023397,IFED,01,023 ,  353107,   19427,    5199,    4777,  321193,  332269,  345397,  342245,    7710,   10862,  353107,   19427,    5199,    4777,  321193,  332269,  345397,  342245,    7710,   10862,       0,       0,       0,       0,       0,       0,       0,       0,       0,       0,     671,    3067,    1130,     612,   -3692,   -1095,     -13,     647,     684,      24,  100.0,    5.5,    1.5,    1.4,   91.0,   94.1,   97.8,   96.9,    2.2,    3.1,  100.0,    5.5,    1.5,    1.4,   91.0,   94.1,   97.8,   96.9,    2.2,    3.1,    0.0,    0.0,    0.0,    0.0,    0.0,    0.0,    0.0,    0.0,    0.0,    0.0,     62,      8,      6,      6,     43,     35,     54,     44,     62,      8,      6,      6,     43,     35,     54,     44,      0,      0,      0,      0,      0,      0,      0,      0,    43.2,    35.6,    58.9,    59.6,    32.3,    29.6,    42.0,    43.2,    43.2,    35.6,    58.9,    59.6,    32.3,    29.6,    42.0,    43.2,     0.0,     0.0,     0.0,     0.0,     0.0,     0.0,     0.0,     0.0,"(Contracts of 2,500  MMBTU'S)","023397","IFED","023 "
"HSC FIN BASIS - ICE FUTURES ENERGY DIV",260915,2026-09-15,023398,IFED,01,023 ,  855146,   17701,  141262,   22302,  809338,  685798,  849341,  849362,    5805,    5784,  855146,   17701,  141262,   22302,  809338,  685798,  849341,  849362,    5805,    5784,       0,       0,       0,       0,       0,       0,       0,       0,       0,       0,   15912,    1437,   13354,    -855,   16217,    4832,   16799,   17331,    -887,   -1419,  100.0,    2.1,   16.5,    2.6,   94.6,   80.2,   99.3,   99.3,    0.7,    0.7,  100.0,    2.1,   16.5,    2.6,   94.6,   80.2,   99.3,   99.3,    0.7,    0.7,    0.0,    0.0,    0.0,    0.0,    0.0,    0.0,    0.0,    0.0,    0.0,    0.0,     98,     10,     14,      9,     58,     59,     71,     79,     98,     10,     14,      9,     58,     59,     71,     79,      0,      0,      0,      0,      0,      0,      0,      0,    29.7,    26.9,    50.5,    42.7,    29.0,    26.2,    47.6,    41.7,    29.7,    26.9,    50.5,    42.7,    29.0,    26.2,    47.6,    41.7,     0.0,     0.0,     0.0,     0.0,     0.0,     0.0,     0.0,     0.0,"(Contracts of 2,500  MMBTU'S)","023398","IFED","023 "
"WAHA FIN BASIS - ICE FUTURES ENERGY DIV",260915,2026-09-15,023399,IFED,01,023 ,  738082,   25006,   39488,   47379,  661974,  643391,  734359,  730258,    3723,    7824,  738082,   25006,   39488,   47379,  661974,  643391,  734359,  730258,    3723,    7824,       0,       0,       0,       0,       0,       0,       0,       0,       0,       0,   22000,   -3298,    1629,    6024,   19511,   13612,   22237,   21265,    -237,     735,  100.0,    3.4,    5.3,    6.4,   89.7,   87.2,   99.5,   98.9,    0.5,    1.1,  100.0,    3.4,    5.3,    6.4,   89.7,   87.2,   99.5,   98.9,    0.5,    1.1,    0.0,    0.0,    0.0,    0.0,    0.0,    0.0,    0.0,    0.0,    0.0,    0.0,     82,      5,     10,     10,     60,     47,     71,     61,     82,      5,     10,     10,     60,     47,     71,     61,      0,      0,      0,      0,      0,      0,      0,      0,    29.8,    41.8,    48.6,    59.2,    23.2,    33.9,    39.1,    49.3,    29.8,    41.8,    48.6,    59.2,    23.2,    33.9,    39.1,    49.3,     0.0,     0.0,     0.0,     0.0,     0.0,     0.0,     0.0,     0.0,"(Contracts of 2,500  MMBTU'S)","023399","IFED","023 "
"ALGONQUIN CITYGATES BASIS - ICE FUTURES ENERGY DIV",260915,2026-09-15,02339E,IFED,01,023 ,  109483,    5050,    8619,     465,  100063,   92957,  105578,  102041,    3905,    7442,  109483,    5050,    8619,     465,  100063,   92957,  105578,  102041,    3905,    7442,       0,       0,       0,       0,       0,       0,       0,       0,       0,       0,    2874,     113,     212,     248,    2098,    3579,    2459,    4039,     415,   -1165,  100.0,    4.6,    7.9,    0.4,   91.4,   84.9,   96.4,   93.2,    3.6,    6.8,  100.0,    4.6,    7.9,    0.4,   91.4,   84.9,   96.4,   93.2,    3.6,    6.8,    0.0,    0.0,    0.0,    0.0,    0.0,    0.0,    0.0,    0.0,    0.0,    0.0,     31,      4,      4,      2,     14,     15,     18,     21,     31,      4,      4,      2,     14,     15,     18,     21,      0,      0,      0,      0,      0,      0,      0,      0,    68.0,    56.8,    84.7,    78.4,    66.6,    55.3,    77.0,    73.2,    68.0,    56.8,    84.7,    78.4,    66.6,    55.3,    77.0,    73.2,     0.0,     0.0,     0.0,     0.0,     0.0,     0.0,     0.0,     0.0,"(Contracts of 2,500  MMBTU'S)","02339E","IFED","023 "
"CG-MAINLINE FINANCIAL INDEX - ICE FUTURES ENERGY DIV",260915,2026-09-15,02339P,IFED,01,023 ,   32943,    4400,    6918,       0,   27269,   24547,   31669,   31465,    1274,    1478,   32943,    4400,    6918,       0,   27269,   24547,   31669,   31465,    1274,    1478,       0,       0,       0,       0,       0,       0,       0,       0,       0,       0,    3653,     372,     614,       0,    3250,    2983,    3622,    3597,      31,      56,  100.0,   13.4,   21.0,    0.0,   82.8,   74.5,   96.1,   95.5,    3.9,    4.5,  100.0,   13.4,   21.0,    0.0,   82.8,   74.5,   96.1,   95.5,    3.9,    4.5,    0.0,    0.0,    0.0,    0.0,    0.0,    0.0,    0.0,    0.0,    0.0,    0.0,     29,      3,      2,      0,     12,     14,     15,     16,     29,      3,      2,      0,     12,     14,     15,     16,      0,      0,      0,      0,      0,      0,      0,      0,    63.1,    50.7,    83.6,    79.5,    63.1,    50.7,    82.3,    78.4,    63.1,    50.7,    83.6,    79.5,    63.1,    50.7,    82.3,    78.4,     0.0,     0.0,     0.0,     0.0,     0.0,     0.0,     0.0,     0.0,"(Contracts of 2,500  MMBTU'S)","02339P","IFED","023 "
"CHICAGO CITYGATE (INDEX) - ICE FUTURES ENERGY DIV",260915,2026-09-15,02339Q,IFED,01,023 ,   90581,     880,    1583,     750,   87403,   86309,   89033,   88642,    1548,    1939,   90581,     880,    1583,     750,   87403,   86309,   89033,   88642,    1548,    1939,       0,       0,       0,       0,       0,       0,       0,       0,       0,       0,    4158,       0,    -403,       0,    4158,    4437,    4158,    4034,       0,     124,  100.0,    1.0,    1.7,    0.8,   96.5,   95.3,   98.3,   97.9,    1.7,    2.1,  100.0,    1.0,    1.7,    0.8,   96.5,   95.3,   98.3,   97.9,    1.7,    2.1,    0.0,    0.0,    0.0,    0.0,    0.0,    0.0,    0.0,    0.0,    0.0,    0.0,     36,      3,      1,      1,     24,     15,     28,     16,     36,      3,      1,      1,     24,     15,     28,     16,      0,      0,      0,      0,      0,      0,      0,      0,    53.4,    70.6,    71.0,    87.0,    53.4,    65.7,    69.0,    76.7,    53.4,    70.6,    71.0,    87.0,    53.4,    65.7,    69.0,    76.7,     0.0,     0.0,     0.0,     0.0,     0.0,     0.0,     0.0,     0.0,"(Contracts of 2,500  MMBTU'S)","02339Q","IFED","023 "
"CIG ROCKIES FINANCIAL INDEX - ICE FUTURES ENERGY DIV",260915,2026-09-15,02339S,IFED,01,023 ,   28276,     396,   10149,       0,   25911,   17137,   26307,   27286,    1969,     990,   28276,     396,   10149,       0,   25911,   17137,   26307,   27286,    1969,     990,       0,       0,       0,       0,       0,       0,       0,       0,       0,       0,    2914,     186,     558,       0,    2666,    2476,    2852,    3034,      62,    -120,  100.0,    1.4,   35.9,    0.0,   91.6,   60.6,   93.0,   96.5,    7.0,    3.5,  100.0,    1.4,   35.9,    0.0,   91.6,   60.6,   93.0,   96.5,    7.0,    3.5,    0.0,    0.0,    0.0,    0.0,    0.0,    0.0,    0.0,    0.0,    0.0,    0.0,     25,      1,      2,      0,     17,     16,     18,     18,     25,      1,      2,      0,     17,     16,     18,     18,      0,      0,      0,      0,      0,      0,      0,      0,    46.1,    68.7,    70.5,    83.3,    26.7,    55.3,    46.8,    63.2,    46.1,    68.7,    70.5,    83.3,    26.7,    55.3,    46.8,    63.2,     0.0,     0.0,     0.0,     0.0,     0.0,     0.0,     0.0,     0.0,"(Contracts of 2,500 MMBTU'S)","02339S","IFED","023 "
"CIG ROCKIES BASIS - ICE FUTURES ENERGY DIV",260915,2026-09-15,02339U,IFED,01,023 ,  452478,   19441,   91289,    8008,  418568,  346994,  446017,  446291,    6461,    6187,  452478,   19441,   91289,    8008,  418568,  346994,  446017,  446291,    6461,    6187,       0,       0,       0,       0,       0,       0,       0,       0,       0,       0,   17331,    7092,   16496,    1417,   11563,    1575,   20072,   19488,   -2741,   -2157,  100.0,    4.3,   20.2,    1.8,   92.5,   76.7,   98.6,   98.6,    1.4,    1.4,  100.0,    4.3,   20.2,    1.8,   92.5,   76.7,   98.6,   98.6,    1.4,    1.4,    0.0,    0.0,    0.0,    0.0,    0.0,    0.0,    0.0,    0.0,    0.0,    0.0,     63,      6,      8,      8,     40,     33,     50,     45,     63,      6,      8,      8,     40,     33,     50,     45,      0,      0,      0,      0,      0,      0,      0,      0,    45.6,    58.2,    60.8,    78.1,    32.3,    53.9,    45.1,    59.1,    45.6,    58.2,    60.8,    78.1,    32.3,    53.9,    45.1,    59.1,     0.0,     0.0,     0.0,     0.0,     0.0,     0.0,     0.0,     0.0,"2500 mmbtu","02339U","IFED","023 "
"TCO Basis - ICE FUTURES ENERGY DIV",260915,2026-09-15,02339W,IFED,01,023 ,  226448,       0,    2204,     852,  218587,  215109,  219439,  218165,    7009,    8283,  226448,       0,    2204,     852,  218587,  215109,  219439,  218165,    7009,    8283,       0,       0,       0,       0,       0,       0,       0,       0,       0,       0,    4796,       0,     258,      31,    4761,    5906,    4792,    6195,       4,   -1399,  100.0,    0.0,    1.0,    0.4,   96.5,   95.0,   96.9,   96.3,    3.1,    3.7,  100.0,    0.0,    1.0,    0.4,   96.5,   95.0,   96.9,   96.3,    3.1,    3.7,    0.0,    0.0,    0.0,    0.0,    0.0,    0.0,    0.0,    0.0,    0.0,    0.0,     43,      0,      4,      2,     23,     24,     25,     28,     43,      0,      4,      2,     23,     24,     25,     28,      0,      0,      0,      0,      0,      0,      0,      0,    52.1,    54.4,    73.1,    77.4,    52.1,    53.9,    71.4,    76.4,    52.1,    54.4,    73.1,    77.4,    52.1,    53.9,    71.4,    76.4,     0.0,     0.0,     0.0,     0.0,     0.0,     0.0,     0.0,     0.0,"2500 mm btu","02339W","IFED","023 "
"CG Mainline Basis - ICE FUTURES ENERGY DIV",260915,2026-09-15,02339Y,IFED,01,023 ,  334888,    3872,   13190,    2178,  322430,  316877,  328480,  332245,    6408,    2643,  334888,    3872,   13190,    2178,  322430,  316877,  328480,  332245,    6408,    2643,       0,       0,       0,       0,       0,       0,       0,       0,       0,       0,    5744,     248,    -394,     428,    6353,    8730,    7029,    8764,   -1285,   -3020,  100.0,    1.2,    3.9,    0.7,   96.3,   94.6,   98.1,   99.2,    1.9,    0.8,  100.0,    1.2,    3.9,    0.7,   96.3,   94.6,   98.1,   99.2,    1.9,    0.8,    0.0,    0.0,    0.0,    0.0,    0.0,    0.0,    0.0,    0.0,    0.0,    0.0,     44,      1,      5,      3,     25,     28,     29,     33,     44,      1,      5,      3,     25,     28,     29,     33,      0,      0,      0,      0,      0,      0,      0,      0,    76.2,    65.3,    88.6,    78.9,    76.0,    64.5,    87.8,    77.9,    76.2,    65.3,    88.6,    78.9,    76.0,    64.5,    87.8,    77.9,     0.0,     0.0,     0.0,     0.0,     0.0,     0.0,     0.0,     0.0,"2500 mmbtu","02339Y","IFED","023 "
"DOMINION - SOUTH POINT - ICE FUTURES ENERGY DIV",260915,2026-09-15,0233A2,IFED,01,023 ,   39954,    8254,     914,    2433,   26234,   33519,   36921,   36866,    3033,    3088,   39954,    8254,     914,    2433,   26234,   33519,   36921,   36866,    3033,    3088,       0,       0,       0,       0,       0,       0,       0,       0,       0,       0,     806,    -620,   -1729,    1829,    -589,     221,     620,     321,     186,     485,  100.0,   20.7,    2.3,    6.1,   65.7,   83.9,   92.4,   92.3,    7.6,    7.7,  100.0,   20.7,    2.3,    6.1,   65.7,   83.9,   92.4,   92.3,    7.6,    7.7,    0.0,    0.0,    0.0,    0.0,    0.0,    0.0,    0.0,    0.0,    0.0,    0.0,     32,      4,      2,      3,     14,     17,     19,     21,     32,      4,      2,      3,     14,     17,     19,     21,      0,      0,      0,      0,      0,      0,      0,      0,    59.9,    52.4,    79.1,    72.9,    57.8,    44.0,    70.6,    61.0,    59.9,    52.4,    79.1,    72.9,    57.8,    44.0,    70.6,    61.0,     0.0,     0.0,     0.0,     0.0,     0.0,     0.0,     0.0,     0.0,"2500 mmbtu","0233A2","IFED","023 "
"DOMINION - SOUTH POINT (BASIS) - ICE FUTURES ENERGY DIV",260915,2026-09-15,0233A3,IFED,01,023 ,  742399,   50823,   40554,   21836,  658081,  670054,  730740,  732444,   11659,    9955,  742399,   50823,   40554,   21836,  658081,  670054,  730740,  732444,   11659,    9955,       0,       0,       0,       0,       0,       0,       0,       0,       0,       0,    6136,    -708,    -583,     362,   13055,    6824,   12709,    6603,   -6573,    -467,  100.0,    6.8,    5.5,    2.9,   88.6,   90.3,   98.4,   98.7,    1.6,    1.3,  100.0,    6.8,    5.5,    2.9,   88.6,   90.3,   98.4,   98.7,    1.6,    1.3,    0.0,    0.0,    0.0,    0.0,    0.0,    0.0,    0.0,    0.0,    0.0,    0.0,     88,      8,     14,     14,     54,     52,     70,     72,     88,      8,     14,     14,     54,     52,     70,     72,      0,      0,      0,      0,      0,      0,      0,      0,    34.1,    37.6,    50.2,    54.1,    33.3,    33.6,    46.5,    49.8,    34.1,    37.6,    50.2,    54.1,    33.3,    33.6,    46.5,    49.8,     0.0,     0.0,     0.0,     0.0,     0.0,     0.0,     0.0,     0.0,"2500 mmbtu","0233A3","IFED","023 "
"EP SAN JUAN BASIS - ICE FUTURES ENERGY DIV",260915,2026-09-15,0233A8,IFED,01,023 ,  259447,    3191,    5691,    3659,  236386,  244989,  243236,  254339,   16211,    5108,  259447,    3191,    5691,    3659,  236386,  244989,  243236,  254339,   16211,    5108,       0,       0,       0,       0,       0,       0,       0,       0,       0,       0,    1626,       4,    -668,    1365,   -2959,    2157,   -1590,    2854,    3216,   -1228,  100.0,    1.2,    2.2,    1.4,   91.1,   94.4,   93.8,   98.0,    6.2,    2.0,  100.0,    1.2,    2.2,    1.4,   91.1,   94.4,   93.8,   98.0,    6.2,    2.0,    0.0,    0.0,    0.0,    0.0,    0.0,    0.0,    0.0,    0.0,    0.0,    0.0,     34,      3,      2,      4,     21,     22,     26,     26,     34,      3,      2,      4,     21,     22,     26,     26,      0,      0,      0,      0,      0,      0,      0,      0,    53.7,    71.0,    74.6,    84.6,    41.7,    51.6,    55.2,    61.4,    53.7,    71.0,    74.6,    84.6,    41.7,    51.6,    55.2,    61.4,     0.0,     0.0,     0.0,     0.0,     0.0,     0.0,     0.0,     0.0,"2500 mmbtu","0233A8","IFED","023 "
"HENRY HUB BASIS - ICE FUTURES ENERGY DIV",260915,2026-09-15,0233AG,IFED,01,023 ,  100983,   27147,   17203,     930,   70404,   79016,   98481,   97149,    2502,    3834,  100983,   27147,   17203,     930,   70404,   79016,   98481,   97149,    2502,    3834,       0,       0,       0,       0,       0,       0,       0,       0,       0,       0,    2233,       0,    2307,       0,    2481,     410,    2481,    2717,    -248,    -484,  100.0,   26.9,   17.0,    0.9,   69.7,   78.2,   97.5,   96.2,    2.5,    3.8,  100.0,   26.9,   17.0,    0.9,   69.7,   78.2,   97.5,   96.2,    2.5,    3.8,    0.0,    0.0,    0.0,    0.0,    0.0,    0.0,    0.0,    0.0,    0.0,    0.0,     33,      2,      4,      1,     20,     14,     23,     18,     33,      2,      4,      1,     20,     14,     23,     18,      0,      0,      0,      0,      0,      0,      0,      0,    48.2,    64.9,    71.5,    89.8,    48.2,    64.0,    71.5,    88.5,    48.2,    64.9,    71.5,    89.8,    48.2,    64.0,    71.5,    88.5,     0.0,     0.0,     0.0,     0.0,     0.0,     0.0,     0.0,     0.0,"2500 mmbtu","0233AG","IFED","023 "
"HENRY HUB INDEX - ICE FUTURES ENERGY DIV",260915,2026-09-15,0233AH,IFED,01,023 ,  135461,   28867,   37393,    3875,  100545,   92806,  133287,  134074,    2174,    1387,  135461,   28867,   37393,    3875,  100545,   92806,  133287,  134074,    2174,    1387,       0,       0,       0,       0,       0,       0,       0,       0,       0,       0,    2771,     248,    2307,    -124,    2833,    1192,    2957,    3375,    -186,    -604,  100.0,   21.3,   27.6,    2.9,   74.2,   68.5,   98.4,   99.0,    1.6,    1.0,  100.0,   21.3,   27.6,    2.9,   74.2,   68.5,   98.4,   99.0,    1.6,    1.0,    0.0,    0.0,    0.0,    0.0,    0.0,    0.0,    0.0,    0.0,    0.0,    0.0,     71,     10,     10,      6,     38,     29,     49,     44,     71,     10,     10,      6,     38,     29,     49,     44,      0,      0,      0,      0,      0,      0,      0,      0,    42.2,    48.7,    57.0,    68.8,    41.5,    47.1,    55.0,    66.2,    42.2,    48.7,    57.0,    68.8,    41.5,    47.1,    55.0,    66.2,     0.0,     0.0,     0.0,     0.0,     0.0,     0.0,     0.0,     0.0,"2500 mmbtu","0233AH","IFED","023 "
"HOUSTON SHIP CHANNEL (INDEX) - ICE FUTURES ENERGY DIV",260915,2026-09-15,0233AM,IFED,01,023 ,  459967,    2217,  191085,    1041,  451938,  265267,  455196,  457393,    4771,    2574,  459967,    2217,  191085,    1041,  451938,  265267,  455196,  457393,    4771,    2574,       0,       0,       0,       0,       0,       0,       0,       0,       0,       0,   13633,    1054,    4806,     -62,   12641,    8889,   13633,   13633,       0,       0,  100.0,    0.5,   41.5,    0.2,   98.3,   57.7,   99.0,   99.4,    1.0,    0.6,  100.0,    0.5,   41.5,    0.2,   98.3,   57.7,   99.0,   99.4,    1.0,    0.6,    0.0,    0.0,    0.0,    0.0,    0.0,    0.0,    0.0,    0.0,    0.0,    0.0,     73,      2,     13,      2,     40,     42,     43,     56,     73,      2,     13,      2,     40,     42,     43,     56,      0,      0,      0,      0,      0,      0,      0,      0,    57.6,    44.5,    79.5,    59.0,    57.3,    44.1,    78.8,    58.3,    57.6,    44.5,    79.5,    59.0,    57.3,    44.1,    78.8,    58.3,     0.0,     0.0,     0.0,     0.0,     0.0,     0.0,     0.0,     0.0,"2500 mmbtu","0233AM","IFED","023 "
"MICHCON FINANCIAL INDEX - ICE FUTURES ENERGY DIV",260915,2026-09-15,0233AN,IFED,01,023 ,   14873,     480,    2830,       0,   13516,   10927,   13996,   13757,     877,    1116,   14873,     480,    2830,       0,   13516,   10927,   13996,   13757,     877,    1116,       0,       0,       0,       0,       0,       0,       0,       0,       0,       0,    -558,       0,       0,       0,    -558,    -558,    -558,    -558,       0,       0,  100.0,    3.2,   19.0,    0.0,   90.9,   73.5,   94.1,   92.5,    5.9,    7.5,  100.0,    3.2,   19.0,    0.0,   90.9,   73.5,   94.1,   92.5,    5.9,    7.5,    0.0,    0.0,    0.0,    0.0,    0.0,    0.0,    0.0,    0.0,    0.0,    0.0,     23,      1,      2,      0,     15,     11,     16,     13,     23,      1,      2,      0,     15,     11,     16,     13,      0,      0,      0,      0,      0,      0,      0,      0,    63.1,    56.2,    78.3,    78.3,    61.0,    51.7,    74.8,    73.8,    63.1,    56.2,    78.3,    78.3,    61.0,    51.7,    74.8,    73.8,     0.0,     0.0,     0.0,     0.0,     0.0,     0.0,     0.0,     0.0,"(Contracts of 2,500  MMBTU'S)","0233AN","IFED","023 "
"MICHCON BASIS - ICE FUTURES ENERGY DIV",260915,2026-09-15,0233AQ,IFED,01,023 ,  203783,    2622,   17844,    4156,  189523,  175032,  196301,  197032,    7482,    6751,  203783,    2622,   17844,    4156,  189523,  175032,  196301,  197032,    7482,    6751,       0,       0,       0,       0,       0,       0,       0,       0,       0,       0,   -2565,   -2853,     681,     663,    -588,   -3892,   -2778,   -2548,     213,     -17,  100.0,    1.3,    8.8,    2.0,   93.0,   85.9,   96.3,   96.7,    3.7,    3.3,  100.0,    1.3,    8.8,    2.0,   93.0,   85.9,   96.3,   96.7,    3.7,    3.3,    0.0,    0.0,    0.0,    0.0,    0.0,    0.0,    0.0,    0.0,    0.0,    0.0,     54,      3,      7,      6,     32,     40,     39,     49,     54,      3,      7,      6,     32,     40,     39,     49,      0,      0,      0,      0,      0,      0,      0,      0,    52.0,    30.7,    67.1,    50.8,    47.3,    29.2,    57.3,    46.9,    52.0,    30.7,    67.1,    50.8,    47.3,    29.2,    57.3,    46.9,     0.0,     0.0,     0.0,     0.0,     0.0,     0.0,     0.0,     0.0,"2500 mmbtu","0233AQ","IFED","023 "
"NAT GAS LD1 for GDD -TEXOK - ICE FUTURES ENERGY DIV",260915,2026-09-15,0233AT,IFED,01,023 ,  143088,    6074,   16982,     169,  135505,  123465,  141748,  140616,    1340,    2472,  143088,    6074,   16982,     169,  135505,  123465,  141748,  140616,    1340,    2472,       0,       0,       0,       0,       0,       0,       0,       0,       0,       0,    6387,     420,    2332,     169,    5395,    3451,    5984,    5952,     403,     435,  100.0,    4.2,   11.9,    0.1,   94.7,   86.3,   99.1,   98.3,    0.9,    1.7,  100.0,    4.2,   11.9,    0.1,   94.7,   86.3,   99.1,   98.3,    0.9,    1.7,    0.0,    0.0,    0.0,    0.0,    0.0,    0.0,    0.0,    0.0,    0.0,    0.0,     45,      7,      3,      1,     25,     21,     32,     25,     45,      7,      3,      1,     25,     21,     32,     25,      0,      0,      0,      0,      0,      0,      0,      0,    78.4,    43.6,    90.4,    73.1,    77.1,    42.3,    87.9,    71.5,    78.4,    43.6,    90.4,    73.1,    77.1,    42.3,    87.9,    71.5,     0.0,     0.0,     0.0,     0.0,     0.0,     0.0,     0.0,     0.0,"2500 mmbtu","0233AT","IFED","023 "
"NATURAL GAS INDEX: EP SAN JUAN - ICE FUTURES ENERGY DIV",260915,2026-09-15,0233AX,IFED,01,023 ,   15259,       0,       0,       0,   12956,   14414,   12956,   14414,    2303,     845,   15259,       0,       0,       0,   12956,   14414,   12956,   14414,    2303,     845,       0,       0,       0,       0,       0,       0,       0,       0,       0,       0,.,.,.,.,.,.,.,.,.,.,  100.0,    0.0,    0.0,    0.0,   84.9,   94.5,   84.9,   94.5,   15.1,    5.5,  100.0,    0.0,    0.0,    0.0,   84.9,   94.5,   84.9,   94.5,   15.1,    5.5,    0.0,    0.0,    0.0,    0.0,    0.0,    0.0,    0.0,    0.0,    0.0,    0.0,     20,      0,      0,      0,     13,     13,     13,     13,     20,      0,      0,      0,     13,     13,     13,     13,      0,      0,      0,      0,      0,      0,      0,      0,    51.1,    48.6,    72.1,    76.0,    41.1,    44.8,    57.2,    64.5,    51.1,    48.6,    72.1,    76.0,    41.1,    44.8,    57.2,    64.5,     0.0,     0.0,     0.0,     0.0,     0.0,     0.0,     0.0,     0.0,"2500 MMBtu","0233AX","IFED","023 "
"NGPL MIDCONT BASIS - ICE FUTURES ENERGY DIV",260915,2026-09-15,0233AY,IFED,01,023 ,   94738,       0,     288,     642,   87108,   80671,   87750,   81601,    6988,   13137,   94738,       0,     288,     642,   87108,   80671,   87750,   81601,    6988,   13137,       0,       0,       0,       0,       0,       0,       0,       0,       0,       0,     472,       0,       0,       0,     525,    -473,     525,    -473,     -53,     945,  100.0,    0.0,    0.3,    0.7,   91.9,   85.2,   92.6,   86.1,    7.4,   13.9,  100.0,    0.0,    0.3,    0.7,   91.9,   85.2,   92.6,   86.1,    7.4,   13.9,    0.0,    0.0,    0.0,    0.0,    0.0,    0.0,    0.0,    0.0,    0.0,    0.0,     24,      0,      1,      1,     18,     19,     19,     20,     24,      0,      1,      1,     18,     19,     19,     20,      0,      0,      0,      0,      0,      0,      0,      0,    67.5,    50.4,    84.4,    74.0,    65.8,    48.3,    75.2,    66.7,    67.5,    50.4,    84.4,    74.0,    65.8,    48.3,    75.2,    66.7,     0.0,     0.0,     0.0,     0.0,     0.0,     0.0,     0.0,     0.0,"2500 mmbtu","0233AY","IFED","023 "
"NGPL TXOK BASIS - ICE FUTURES ENERGY DIV",260915,2026-09-15,0233B1,IFED,01,023 ,  626204,   21986,   91525,    3242,  596369,  521785,  621597,  616552,    4607,    9652,  626204,   21986,   91525,    3242,  596369,  521785,  621597,  616552,    4607,    9652,       0,       0,       0,       0,       0,       0,       0,       0,       0,       0,   -1981,    4180,    7348,     390,   -5983,   -9976,   -1413,   -2238,    -568,     257,  100.0,    3.5,   14.6,    0.5,   95.2,   83.3,   99.3,   98.5,    0.7,    1.5,  100.0,    3.5,   14.6,    0.5,   95.2,   83.3,   99.3,   98.5,    0.7,    1.5,    0.0,    0.0,    0.0,    0.0,    0.0,    0.0,    0.0,    0.0,    0.0,    0.0,     70,      5,      7,      4,     48,     41,     55,     50,     70,      5,      7,      4,     48,     41,     55,     50,      0,      0,      0,      0,      0,      0,      0,      0,    45.5,    58.5,    62.9,    71.2,    45.4,    58.1,    62.3,    69.7,    45.5,    58.5,    62.9,    71.2,    45.4,    58.1,    62.3,    69.7,     0.0,     0.0,     0.0,     0.0,     0.0,     0.0,     0.0,     0.0,"2500 mmbtu","0233B1","IFED","023 "
"NNG VENTURA BASIS - ICE FUTURES ENERGY DIV",260915,2026-09-15,0233BB,IFED,01,023 ,  152989,       0,    3379,       0,  132133,  146724,  132133,  150103,   20856,    2886,  152989,       0,    3379,       0,  132133,  146724,  132133,  150103,   20856,    2886,       0,       0,       0,       0,       0,       0,       0,       0,       0,       0,     758,       0,     372,       0,     803,     663,     803,    1035,     -45,    -277,  100.0,    0.0,    2.2,    0.0,   86.4,   95.9,   86.4,   98.1,   13.6,    1.9,  100.0,    0.0,    2.2,    0.0,   86.4,   95.9,   86.4,   98.1,   13.6,    1.9,    0.0,    0.0,    0.0,    0.0,    0.0,    0.0,    0.0,    0.0,    0.0,    0.0,     33,      0,      3,      0,     26,     19,     26,     22,     33,      0,      3,      0,     26,     19,     26,     22,      0,      0,      0,      0,      0,      0,      0,      0,    42.9,    67.5,    65.9,    83.2,    36.3,    65.4,    54.9,    75.4,    42.9,    67.5,    65.9,    83.2,    36.3,    65.4,    54.9,    75.4,     0.0,     0.0,     0.0,     0.0,     0.0,     0.0,     0.0,     0.0,"2500 mmbtu","0233BB","IFED","023 "
"NWP Rockies Index - ICE FUTURES ENERGY DIV",260915,2026-09-15,0233BD,IFED,01,023 ,   27960,     906,     647,     781,   25337,   24692,   27024,   26120,     936,    1840,   27960,     906,     647,     781,   25337,   24692,   27024,   26120,     936,    1840,       0,       0,       0,       0,       0,       0,       0,       0,       0,       0,    1209,    -992,      31,      31,    1984,    1271,    1023,    1333,     186,    -124,  100.0,    3.2,    2.3,    2.8,   90.6,   88.3,   96.7,   93.4,    3.3,    6.6,  100.0,    3.2,    2.3,    2.8,   90.6,   88.3,   96.7,   93.4,    3.3,    6.6,    0.0,    0.0,    0.0,    0.0,    0.0,    0.0,    0.0,    0.0,    0.0,    0.0,     30,      1,      3,      3,     17,     14,     21,     17,     30,      1,      3,      3,     17,     14,     21,     17,      0,      0,      0,      0,      0,      0,      0,      0,    53.4,    60.2,    74.9,    76.2,    49.5,    59.6,    65.4,    72.4,    53.4,    60.2,    74.9,    76.2,    49.5,    59.6,    65.4,    72.4,     0.0,     0.0,     0.0,     0.0,     0.0,     0.0,     0.0,     0.0,"2500 mmbtu","0233BD","IFED","023 "
"ONEOK GAS TRANSPORTATION BASIS - ICE FUTURES ENERGY DIV",260915,2026-09-15,0233BF,IFED,01,023 ,   66910,       0,       0,       0,   64070,   61537,   64070,   61537,    2840,    5373,   66910,       0,       0,       0,   64070,   61537,   64070,   61537,    2840,    5373,       0,       0,       0,       0,       0,       0,       0,       0,       0,       0,     407,       0,       0,       0,     407,     258,     407,     258,       0,     149,  100.0,    0.0,    0.0,    0.0,   95.8,   92.0,   95.8,   92.0,    4.2,    8.0,  100.0,    0.0,    0.0,    0.0,   95.8,   92.0,   95.8,   92.0,    4.2,    8.0,    0.0,    0.0,    0.0,    0.0,    0.0,    0.0,    0.0,    0.0,    0.0,    0.0,     21,      0,      0,      0,     13,     17,     13,     17,     21,      0,      0,      0,     13,     17,     13,     17,      0,      0,      0,      0,      0,      0,      0,      0,    75.8,    70.8,    90.2,    87.2,    74.8,    70.8,    88.0,    85.9,    75.8,    70.8,    90.2,    87.2,    74.8,    70.8,    88.0,    85.9,     0.0,     0.0,     0.0,     0.0,     0.0,     0.0,     0.0,     0.0,"2500 mmbtu","0233BF","IFED","023 "
"MALIN (BASIS) - ICE FUTURES ENERGY DIV",260915,2026-09-15,0233BH,IFED,01,023 ,  130170,     589,   10606,     248,  119699,  117612,  120536,  128466,    9634,    1704,  130170,     589,   10606,     248,  119699,  117612,  120536,  128466,    9634,    1704,       0,       0,       0,       0,       0,       0,       0,       0,       0,       0,     852,     217,       0,       0,     669,     976,     886,     976,     -34,    -124,  100.0,    0.5,    8.1,    0.2,   92.0,   90.4,   92.6,   98.7,    7.4,    1.3,  100.0,    0.5,    8.1,    0.2,   92.0,   90.4,   92.6,   98.7,    7.4,    1.3,    0.0,    0.0,    0.0,    0.0,    0.0,    0.0,    0.0,    0.0,    0.0,    0.0,     29,      2,      2,      2,     18,     22,     21,     25,     29,      2,      2,      2,     18,     22,     21,     25,      0,      0,      0,      0,      0,      0,      0,      0,    69.1,    61.1,    81.8,    82.7,    61.8,    54.6,    69.8,    72.2,    69.1,    61.1,    81.8,    82.7,    61.8,    54.6,    69.8,    72.2,     0.0,     0.0,     0.0,     0.0,     0.0,     0.0,     0.0,     0.0,"2500 mmbtu","0233BH","IFED","023 "
"PANHANDLE BASIS - ICE FUTURES ENERGY DIV",260915,2026-09-15,0233BL,IFED,01,023 ,  192383,   14049,       0,    3824,  160653,  178294,  178526,  182118,   13857,   10265,  192383,   14049,       0,    3824,  160653,  178294,  178526,  182118,   13857,   10265,       0,       0,       0,       0,       0,       0,       0,       0,       0,       0,    2066,     467,       0,    1100,    2064,    1646,    3631,    2746,   -1565,    -680,  100.0,    7.3,    0.0,    2.0,   83.5,   92.7,   92.8,   94.7,    7.2,    5.3,  100.0,    7.3,    0.0,    2.0,   83.5,   92.7,   92.8,   94.7,    7.2,    5.3,    0.0,    0.0,    0.0,    0.0,    0.0,    0.0,    0.0,    0.0,    0.0,    0.0,     44,      5,      0,      4,     33,     32,     38,     36,     44,      5,      0,      4,     33,     32,     38,     36,      0,      0,      0,      0,      0,      0,      0,      0,    41.1,    44.2,    55.4,    66.2,    36.7,    41.9,    47.5,    58.1,    41.1,    44.2,    55.4,    66.2,    36.7,    41.9,    47.5,    58.1,     0.0,     0.0,     0.0,     0.0,     0.0,     0.0,     0.0,     0.0,"2500 mmbtu","0233BL","IFED","023 "
"PG&E - CITYGATE (INDEX) - ICE FUTURES ENERGY DIV",260915,2026-09-15,0233BQ,IFED,01,023 ,   27202,     758,    1832,     240,   22068,   23854,   23066,   25926,    4136,    1276,   27202,     758,    1832,     240,   22068,   23854,   23066,   25926,    4136,    1276,       0,       0,       0,       0,       0,       0,       0,       0,       0,       0,     124,       0,       0,       0,     215,     -60,     215,     -60,     -91,     184,  100.0,    2.8,    6.7,    0.9,   81.1,   87.7,   84.8,   95.3,   15.2,    4.7,  100.0,    2.8,    6.7,    0.9,   81.1,   87.7,   84.8,   95.3,   15.2,    4.7,    0.0,    0.0,    0.0,    0.0,    0.0,    0.0,    0.0,    0.0,    0.0,    0.0,     23,      2,      4,      1,     12,      6,     14,     11,     23,      2,      4,      1,     12,      6,     14,     11,      0,      0,      0,      0,      0,      0,      0,      0,    69.2,    78.9,    77.8,    92.1,    69.2,    78.0,    77.5,    91.2,    69.2,    78.9,    77.8,    92.1,    69.2,    78.0,    77.5,    91.2,     0.0,     0.0,     0.0,     0.0,     0.0,     0.0,     0.0,     0.0,"2500 mmbtu","0233BQ","IFED","023 "
"SOCAL (INDEX) - ICE FUTURES ENERGY DIV",260915,2026-09-15,0233BW,IFED,01,023 ,   13162,    1250,    1231,     270,   10236,   10571,   11756,   12072,    1406,    1090,   13162,    1250,    1231,     270,   10236,   10571,   11756,   12072,    1406,    1090,       0,       0,       0,       0,       0,       0,       0,       0,       0,       0,     806,    -620,      31,       0,     992,     587,     372,     618,     434,     188,  100.0,    9.5,    9.4,    2.1,   77.8,   80.3,   89.3,   91.7,   10.7,    8.3,  100.0,    9.5,    9.4,    2.1,   77.8,   80.3,   89.3,   91.7,   10.7,    8.3,    0.0,    0.0,    0.0,    0.0,    0.0,    0.0,    0.0,    0.0,    0.0,    0.0,     23,      3,      3,      1,     13,      7,     17,     10,     23,      3,      3,      1,     13,      7,     17,     10,      0,      0,      0,      0,      0,      0,      0,      0,    51.3,    76.4,    69.8,    88.1,    45.4,    63.4,    61.4,    74.6,    51.3,    76.4,    69.8,    88.1,    45.4,    63.4,    61.4,    74.6,     0.0,     0.0,     0.0,     0.0,     0.0,     0.0,     0.0,     0.0,"2500 mmbtu","0233BW","IFED","023 "
"SONAT - TIER 1 POOL (ZONE 0) - ICE FUTURES ENERGY DIV",260915,2026-09-15,0233C1,IFED,01,023 ,   77210,    3110,       0,     459,   63441,   71023,   67010,   71482,   10200,    5728,   77210,    3110,       0,     459,   63441,   71023,   67010,   71482,   10200,    5728,       0,       0,       0,       0,       0,       0,       0,       0,       0,       0,     582,       0,       0,       0,    1506,     610,    1506,     610,    -924,     -28,  100.0,    4.0,    0.0,    0.6,   82.2,   92.0,   86.8,   92.6,   13.2,    7.4,  100.0,    4.0,    0.0,    0.6,   82.2,   92.0,   86.8,   92.6,   13.2,    7.4,    0.0,    0.0,    0.0,    0.0,    0.0,    0.0,    0.0,    0.0,    0.0,    0.0,     29,      2,      0,      1,     15,     22,     17,     23,     29,      2,      0,      1,     15,     22,     17,     23,      0,      0,      0,      0,      0,      0,      0,      0,    57.7,    53.8,    76.7,    70.0,    48.3,    47.7,    65.1,    61.1,    57.7,    53.8,    76.7,    70.0,    48.3,    47.7,    65.1,    61.1,     0.0,     0.0,     0.0,     0.0,     0.0,     0.0,     0.0,     0.0,"2500 mmbtu","0233C1","IFED","023 "
"TETCO WLA BASIS - ICE FUTURES ENERGY DIV",260915,2026-09-15,0233CC,IFED,01,023 ,  119133,       0,   29126,       0,  115556,   86862,  115556,  115988,    3577,    3145,  119133,       0,   29126,       0,  115556,   86862,  115556,  115988,    3577,    3145,       0,       0,       0,       0,       0,       0,       0,       0,       0,       0,     738,       0,   -1224,       0,     738,      45,     738,   -1179,       0,    1917,  100.0,    0.0,   24.4,    0.0,   97.0,   72.9,   97.0,   97.4,    3.0,    2.6,  100.0,    0.0,   24.4,    0.0,   97.0,   72.9,   97.0,   97.4,    3.0,    2.6,    0.0,    0.0,    0.0,    0.0,    0.0,    0.0,    0.0,    0.0,    0.0,    0.0,     38,      0,      3,      0,     25,     21,     25,     24,     38,      0,      3,      0,     25,     21,     25,     24,      0,      0,      0,      0,      0,      0,      0,      0,    50.7,    61.1,    72.8,    80.9,    50.7,    57.4,    72.0,    75.1,    50.7,    61.1,    72.8,    80.9,    50.7,    57.4,    72.0,    75.1,     0.0,     0.0,     0.0,     0.0,     0.0,     0.0,     0.0,     0.0,"mmbtu","0233CC","IFED","023 "
"TETCO M3 INDEX - ICE FUTURES ENERGY DIV",260915,2026-09-15,0233CG,IFED,01,023 ,   64677,    1137,    2518,       0,   62534,   60495,   63671,   63013,    1006,    1664,   64677,    1137,    2518,       0,   62534,   60495,   63671,   63013,    1006,    1664,       0,       0,       0,       0,       0,       0,       0,       0,       0,       0,    4089,    1137,       0,       0,    4158,    4331,    5295,    4331,   -1206,    -242,  100.0,    1.8,    3.9,    0.0,   96.7,   93.5,   98.4,   97.4,    1.6,    2.6,  100.0,    1.8,    3.9,    0.0,   96.7,   93.5,   98.4,   97.4,    1.6,    2.6,    0.0,    0.0,    0.0,    0.0,    0.0,    0.0,    0.0,    0.0,    0.0,    0.0,     24,      2,      2,      0,     10,     14,     12,     16,     24,      2,      2,      0,     10,     14,     12,     16,      0,      0,      0,      0,      0,      0,      0,      0,    67.2,    64.1,    94.3,    82.8,    67.2,    54.9,    78.0,    72.2,    67.2,    64.1,    94.3,    82.8,    67.2,    54.9,    78.0,    72.2,     0.0,     0.0,     0.0,     0.0,     0.0,     0.0,     0.0,     0.0,"2500 mmbtu","0233CG","IFED","023 "
"TETCO M3 BASIS - ICE FUTURES ENERGY DIV",260915,2026-09-15,0233CH,IFED,01,023 ,  170989,    8234,    8174,    5724,  147357,  151951,  161315,  165849,    9674,    5140,  170989,    8234,    8174,    5724,  147357,  151951,  161315,  165849,    9674,    5140,       0,       0,       0,       0,       0,       0,       0,       0,       0,       0,    4856,    1372,    -879,     641,    2623,    4880,    4636,    4642,     220,     214,  100.0,    4.8,    4.8,    3.3,   86.2,   88.9,   94.3,   97.0,    5.7,    3.0,  100.0,    4.8,    4.8,    3.3,   86.2,   88.9,   94.3,   97.0,    5.7,    3.0,    0.0,    0.0,    0.0,    0.0,    0.0,    0.0,    0.0,    0.0,    0.0,    0.0,     48,      3,      6,      5,     27,     31,     33,     39,     48,      3,      6,      5,     27,     31,     33,     39,      0,      0,      0,      0,      0,      0,      0,      0,    42.2,    37.5,    64.9,    54.6,    39.2,    37.5,    60.9,    52.7,    42.2,    37.5,    64.9,    54.6,    39.2,    37.5,    60.9,    52.7,     0.0,     0.0,     0.0,     0.0,     0.0,     0.0,     0.0,     0.0,"2500 mm btu","0233CH","IFED","023 "
"TGT ZONE 1 BASIS - ICE FUTURES ENERGY DIV",260915,2026-09-15,0233CM,IFED,01,023 ,  230518,    4344,       0,       0,  222207,  221297,  226551,  221297,    3967,    9221,  230518,    4344,       0,       0,  222207,  221297,  226551,  221297,    3967,    9221,       0,       0,       0,       0,       0,       0,       0,       0,       0,       0,    4468,      62,       0,       0,    4952,    9025,    5014,    9025,    -546,   -4557,  100.0,    1.9,    0.0,    0.0,   96.4,   96.0,   98.3,   96.0,    1.7,    4.0,  100.0,    1.9,    0.0,    0.0,   96.4,   96.0,   98.3,   96.0,    1.7,    4.0,    0.0,    0.0,    0.0,    0.0,    0.0,    0.0,    0.0,    0.0,    0.0,    0.0,     42,      1,      0,      0,     34,     29,     35,     29,     42,      1,      0,      0,     34,     29,     35,     29,      0,      0,      0,      0,      0,      0,      0,      0,    42.8,    57.9,    72.1,    78.5,    42.3,    56.6,    67.0,    74.3,    42.8,    57.9,    72.1,    78.5,    42.3,    56.6,    67.0,    74.3,     0.0,     0.0,     0.0,     0.0,     0.0,     0.0,     0.0,     0.0,"2500 MMBtus","0233CM","IFED","023 "
"TRANSCO STN 85 MONTHLY INDEX - ICE FUTURES ENERGY DIV",260915,2026-09-15,0233CS,IFED,01,023 ,   53292,   14212,   10053,       0,   37615,   41150,   51827,   51203,    1465,    2089,   53292,   14212,   10053,       0,   37615,   41150,   51827,   51203,    1465,    2089,       0,       0,       0,       0,       0,       0,       0,       0,       0,       0,    2450,    1858,     176,       0,     342,    1571,    2200,    1747,     250,     703,  100.0,   26.7,   18.9,    0.0,   70.6,   77.2,   97.3,   96.1,    2.7,    3.9,  100.0,   26.7,   18.9,    0.0,   70.6,   77.2,   97.3,   96.1,    2.7,    3.9,    0.0,    0.0,    0.0,    0.0,    0.0,    0.0,    0.0,    0.0,    0.0,    0.0,     42,      6,      6,      0,     15,     22,     21,     28,     42,      6,      6,      0,     15,     22,     21,     28,      0,      0,      0,      0,      0,      0,      0,      0,    46.8,    54.8,    75.3,    73.2,    44.8,    54.8,    72.3,    70.8,    46.8,    54.8,    75.3,    73.2,    44.8,    54.8,    72.3,    70.8,     0.0,     0.0,     0.0,     0.0,     0.0,     0.0,     0.0,     0.0,"mmbtu","0233CS","IFED","023 "
"TRANSCO ZONE 6 BASIS - ICE FUTURES ENERGY DIV",260915,2026-09-15,0233CU,IFED,01,023 ,  259585,    5689,   16428,    6800,  239651,  231800,  252140,  255028,    7445,    4557,  259585,    5689,   16428,    6800,  239651,  231800,  252140,  255028,    7445,    4557,       0,       0,       0,       0,       0,       0,       0,       0,       0,       0,    2082,     501,    -275,    1146,     873,    2017,    2520,    2888,    -438,    -806,  100.0,    2.2,    6.3,    2.6,   92.3,   89.3,   97.1,   98.2,    2.9,    1.8,  100.0,    2.2,    6.3,    2.6,   92.3,   89.3,   97.1,   98.2,    2.9,    1.8,    0.0,    0.0,    0.0,    0.0,    0.0,    0.0,    0.0,    0.0,    0.0,    0.0,     55,      3,      7,      7,     35,     33,     43,     42,     55,      3,      7,      7,     35,     33,     43,     42,      0,      0,      0,      0,      0,      0,      0,      0,    41.2,    53.2,    62.3,    67.4,    39.6,    52.7,    59.5,    65.3,    41.2,    53.2,    62.3,    67.4,    39.6,    52.7,    59.5,    65.3,     0.0,     0.0,     0.0,     0.0,     0.0,     0.0,     0.0,     0.0,"mmbtu","0233CU","IFED","023 "
"TRANSCO ZONE 6 MONTHLY INDEX - ICE FUTURES ENERGY DIV",260915,2026-09-15,0233CV,IFED,01,023 ,  120940,       0,    4720,       0,  116324,  110053,  116324,  114773,    4616,    6167,  120940,       0,    4720,       0,  116324,  110053,  116324,  114773,    4616,    6167,       0,       0,       0,       0,       0,       0,       0,       0,       0,       0,      31,       0,       0,       0,      87,      93,      87,      93,     -56,     -62,  100.0,    0.0,    3.9,    0.0,   96.2,   91.0,   96.2,   94.9,    3.8,    5.1,  100.0,    0.0,    3.9,    0.0,   96.2,   91.0,   96.2,   94.9,    3.8,    5.1,    0.0,    0.0,    0.0,    0.0,    0.0,    0.0,    0.0,    0.0,    0.0,    0.0,     28,      0,      2,      0,     14,     17,     14,     19,     28,      0,      2,      0,     14,     17,     14,     19,      0,      0,      0,      0,      0,      0,      0,      0,    79.1,    66.7,    92.7,    83.5,    78.5,    66.7,    90.1,    82.9,    79.1,    66.7,    92.7,    83.5,    78.5,    66.7,    90.1,    82.9,     0.0,     0.0,     0.0,     0.0,     0.0,     0.0,     0.0,     0.0,"mmbtu","0233CV","IFED","023 "
"TRANSCO STATION 85-ZONE 4 BASI - ICE FUTURES ENERGY DIV",260915,2026-09-15,0233CW,IFED,01,023 ,  280460,   44978,   11636,   13116,  212182,  253369,  270276,  278121,   10184,    2339,  280460,   44978,   11636,   13116,  212182,  253369,  270276,  278121,   10184,    2339,       0,       0,       0,       0,       0,       0,       0,       0,       0,       0,   14352,    3625,    2952,    -369,   11563,   12099,   14819,   14682,    -467,    -330,  100.0,   16.0,    4.1,    4.7,   75.7,   90.3,   96.4,   99.2,    3.6,    0.8,  100.0,   16.0,    4.1,    4.7,   75.7,   90.3,   96.4,   99.2,    3.6,    0.8,    0.0,    0.0,    0.0,    0.0,    0.0,    0.0,    0.0,    0.0,    0.0,    0.0,     70,      8,      6,      9,     41,     42,     54,     52,     70,      8,      6,      9,     41,     42,     54,     52,      0,      0,      0,      0,      0,      0,      0,      0,    33.8,    37.3,    51.0,    53.7,    28.1,    28.0,    41.0,    43.0,    33.8,    37.3,    51.0,    53.7,    28.1,    28.0,    41.0,    43.0,     0.0,     0.0,     0.0,     0.0,     0.0,     0.0,     0.0,     0.0,"2500 mm btu","0233CW","IFED","023 "
"WAHA INDEX - ICE FUTURES ENERGY DIV",260915,2026-09-15,0233D4,IFED,01,023 ,   91389,    2534,    4822,       0,   88292,   82704,   90826,   87526,     563,    3863,   91389,    2534,    4822,       0,   88292,   82704,   90826,   87526,     563,    3863,       0,       0,       0,       0,       0,       0,       0,       0,       0,       0,    3193,     302,    1956,       0,    3933,    1219,    4235,    3175,   -1042,      18,  100.0,    2.8,    5.3,    0.0,   96.6,   90.5,   99.4,   95.8,    0.6,    4.2,  100.0,    2.8,    5.3,    0.0,   96.6,   90.5,   99.4,   95.8,    0.6,    4.2,    0.0,    0.0,    0.0,    0.0,    0.0,    0.0,    0.0,    0.0,    0.0,    0.0,     44,      2,      3,      0,     26,     23,     28,     26,     44,      2,      3,      0,     26,     23,     28,     26,      0,      0,      0,      0,      0,      0,      0,      0,    57.3,    59.6,    80.3,    76.7,    56.3,    58.5,    72.6,    71.2,    57.3,    59.6,    80.3,    76.7,    56.3,    58.5,    72.6,    71.2,     0.0,     0.0,     0.0,     0.0,     0.0,     0.0,     0.0,     0.0,"2500 mm btu","0233D4","IFED","023 "
"TETCO M2 Basis (Receipts) - ICE FUTURES ENERGY DIV",260915,2026-09-15,0233DR,IFED,01,023 ,  567712,   34341,    2178,    6471,  520236,  555645,  561048,  564294,    6664,    3418,  567712,   34341,    2178,    6471,  520236,  555645,  561048,  564294,    6664,    3418,       0,       0,       0,       0,       0,       0,       0,       0,       0,       0,    6609,     272,     135,    -655,    6357,    6577,    5974,    6057,     635,     552,  100.0,    6.0,    0.4,    1.1,   91.6,   97.9,   98.8,   99.4,    1.2,    0.6,  100.0,    6.0,    0.4,    1.1,   91.6,   97.9,   98.8,   99.4,    1.2,    0.6,    0.0,    0.0,    0.0,    0.0,    0.0,    0.0,    0.0,    0.0,    0.0,    0.0,     61,      3,      3,      3,     40,     29,     44,     34,     61,      3,      3,      3,     40,     29,     44,     34,      0,      0,      0,      0,      0,      0,      0,      0,    44.5,    49.1,    62.8,    72.1,    44.5,    49.1,    62.2,    71.9,    44.5,    49.1,    62.8,    72.1,    44.5,    49.1,    62.2,    71.9,     0.0,     0.0,     0.0,     0.0,     0.0,     0.0,     0.0,     0.0,"2500 MM Btus","0233DR","IFED","023 "
"TRANSCO LEIDY BASIS - ICE FUTURES ENERGY DIV",260915,2026-09-15,0233DT,IFED,01,023 ,  132980,   14963,    3001,     214,  112907,  125884,  128084,  129099,    4896,    3881,  132980,   14963,    3001,     214,  112907,  125884,  128084,  129099,    4896,    3881,       0,       0,       0,       0,       0,       0,       0,       0,       0,       0,    6605,       0,     -49,       0,    6334,    6474,    6334,    6425,     271,     180,  100.0,   11.3,    2.3,    0.2,   84.9,   94.7,   96.3,   97.1,    3.7,    2.9,  100.0,   11.3,    2.3,    0.2,   84.9,   94.7,   96.3,   97.1,    3.7,    2.9,    0.0,    0.0,    0.0,    0.0,    0.0,    0.0,    0.0,    0.0,    0.0,    0.0,     40,      3,      1,      1,     29,     22,     32,     24,     40,      3,      1,      1,     29,     22,     32,     24,      0,      0,      0,      0,      0,      0,      0,      0,    41.7,    39.4,    61.1,    64.2,    41.4,    37.8,    60.7,    60.7,    41.7,    39.4,    61.1,    64.2,    41.4,    37.8,    60.7,    60.7,     0.0,     0.0,     0.0,     0.0,     0.0,     0.0,     0.0,     0.0,"(Contracts of 2,500  MMBTU'S)","0233DT","IFED","023 "
"TETCO M2 Index (Receipts) - ICE FUTURES ENERGY DIV",260915,2026-09-15,0233DW,IFED,01,023 ,   33404,    1332,    1510,       0,   30985,   30590,   32317,   32100,    1087,    1304,   33404,    1332,    1510,       0,   30985,   30590,   32317,   32100,    1087,    1304,       0,       0,       0,       0,       0,       0,       0,       0,       0,       0,     945,     124,       0,       0,     790,     945,     914,     945,      31,       0,  100.0,    4.0,    4.5,    0.0,   92.8,   91.6,   96.7,   96.1,    3.3,    3.9,  100.0,    4.0,    4.5,    0.0,   92.8,   91.6,   96.7,   96.1,    3.3,    3.9,    0.0,    0.0,    0.0,    0.0,    0.0,    0.0,    0.0,    0.0,    0.0,    0.0,     28,      1,      1,      0,     13,     15,     14,     16,     28,      1,      1,      0,     13,     15,     14,     16,      0,      0,      0,      0,      0,      0,      0,      0,    64.2,    47.2,    86.1,    75.4,    64.2,    47.2,    86.1,    75.4,    64.2,    47.2,    86.1,    75.4,    64.2,    47.2,    86.1,    75.4,     0.0,     0.0,     0.0,     0.0,     0.0,     0.0,     0.0,     0.0,"2500 MM Btus","0233DW","IFED","023 "
"REX ZONE 3 BASIS - ICE FUTURES ENERGY DIV",260915,2026-09-15,0233EB,IFED,01,023 ,  286689,   30601,   24144,   10150,  240096,  248158,  280847,  282452,    5842,    4237,  286689,   30601,   24144,   10150,  240096,  248158,  280847,  282452,    5842,    4237,       0,       0,       0,       0,       0,       0,       0,       0,       0,       0,    9290,    9992,    4303,    2246,   -3290,    4288,    8948,   10837,     342,   -1547,  100.0,   10.7,    8.4,    3.5,   83.7,   86.6,   98.0,   98.5,    2.0,    1.5,  100.0,   10.7,    8.4,    3.5,   83.7,   86.6,   98.0,   98.5,    2.0,    1.5,    0.0,    0.0,    0.0,    0.0,    0.0,    0.0,    0.0,    0.0,    0.0,    0.0,     65,      2,      9,      6,     35,     40,     41,     51,     65,      2,      9,      6,     35,     40,     41,     51,      0,      0,      0,      0,      0,      0,      0,      0,    35.0,    30.5,    55.7,    47.3,    32.4,    28.5,    48.8,    44.8,    35.0,    30.5,    55.7,    47.3,    32.4,    28.5,    48.8,    44.8,     0.0,     0.0,     0.0,     0.0,     0.0,     0.0,     0.0,     0.0,"2500 MMBtus","0233EB","IFED","023 "
"REX ZONE 3 INDEX - ICE FUTURES ENERGY DIV",260915,2026-09-15,0233ED,IFED,01,023 ,   58545,    1401,    4116,       0,   54142,   53273,   55543,   57389,    3002,    1156,   58545,    1401,    4116,       0,   54142,   53273,   55543,   57389,    3002,    1156,       0,       0,       0,       0,       0,       0,       0,       0,       0,       0,    5133,     801,     341,       0,    3325,    4792,    4126,    5133,    1007,       0,  100.0,    2.4,    7.0,    0.0,   92.5,   91.0,   94.9,   98.0,    5.1,    2.0,  100.0,    2.4,    7.0,    0.0,   92.5,   91.0,   94.9,   98.0,    5.1,    2.0,    0.0,    0.0,    0.0,    0.0,    0.0,    0.0,    0.0,    0.0,    0.0,    0.0,     32,      2,      3,      0,     16,     18,     18,     21,     32,      2,      3,      0,     16,     18,     18,     21,      0,      0,      0,      0,      0,      0,      0,      0,    67.3,    55.1,    84.6,    75.3,    59.4,    46.4,    71.3,    64.5,    67.3,    55.1,    84.6,    75.3,    59.4,    46.4,    71.3,    64.5,     0.0,     0.0,     0.0,     0.0,     0.0,     0.0,     0.0,     0.0,"2500 MMBtus","0233ED","IFED","023 "
"NAT GAS TETCO-WLA INDEX - ICE FUTURES ENERGY DIV",260915,2026-09-15,0233EP,IFED,01,023 ,   19407,     390,   14750,       0,   18533,    4477,   18923,   19227,     484,     180,   19407,     390,   14750,       0,   18533,    4477,   18923,   19227,     484,     180,       0,       0,       0,       0,       0,       0,       0,       0,       0,       0,    1488,       0,    1240,       0,    1488,     248,    1488,    1488,       0,       0,  100.0,    2.0,   76.0,    0.0,   95.5,   23.1,   97.5,   99.1,    2.5,    0.9,  100.0,    2.0,   76.0,    0.0,   95.5,   23.1,   97.5,   99.1,    2.5,    0.9,    0.0,    0.0,    0.0,    0.0,    0.0,    0.0,    0.0,    0.0,    0.0,    0.0,     22,      1,      3,      0,     14,      6,     15,      9,     22,      1,      3,      0,     14,      6,     15,      9,      0,      0,      0,      0,      0,      0,      0,      0,    56.7,    87.6,    82.8,    97.2,    56.4,    84.0,    77.3,    90.5,    56.7,    87.6,    82.8,    97.2,    56.4,    84.0,    77.3,    90.5,     0.0,     0.0,     0.0,     0.0,     0.0,     0.0,     0.0,     0.0,"2500 MMBtus","0233EP","IFED","023 "
"Transco Zone 5 South Basis - ICE FUTURES ENERGY DIV",260915,2026-09-15,0233FJ,IFED,01,023 ,  139637,   16807,    3148,    1192,  110284,  129983,  128283,  134323,   11354,    5314,  139637,   16807,    3148,    1192,  110284,  129983,  128283,  134323,   11354,    5314,       0,       0,       0,       0,       0,       0,       0,       0,       0,       0,    -595,    -505,       0,       0,      82,   -1846,    -423,   -1846,    -172,    1251,  100.0,   12.0,    2.3,    0.9,   79.0,   93.1,   91.9,   96.2,    8.1,    3.8,  100.0,   12.0,    2.3,    0.9,   79.0,   93.1,   91.9,   96.2,    8.1,    3.8,    0.0,    0.0,    0.0,    0.0,    0.0,    0.0,    0.0,    0.0,    0.0,    0.0,     43,      4,      2,      4,     24,     29,     29,     34,     43,      4,      2,      4,     24,     29,     29,     34,      0,      0,      0,      0,      0,      0,      0,      0,    53.6,    47.0,    71.6,    67.4,    50.7,    45.7,    67.2,    61.9,    53.6,    47.0,    71.6,    67.4,    50.7,    45.7,    67.2,    61.9,     0.0,     0.0,     0.0,     0.0,     0.0,     0.0,     0.0,     0.0,"2500 MMBtus","0233FJ","IFED","023 "
"NAT GAS NYME - NEW YORK MERCANTILE EXCHANGE",260915,2026-09-15,023651,NYME,01,023 , 1820003,  307535,  529122,  860743,  595192,  388440, 1763470, 1778305,   56533,   41698, 1820003,  307535,  529122,  860743,  595192,  388440, 1763470, 1778305,   56533,   41698,       0,       0,       0,       0,       0,       0,       0,       0,       0,       0,   -3240,    3332,    5152,   -7505,    4975,    -651,     802,   -3004,   -4042,    -236,  100.0,   16.9,   29.1,   47.3,   32.7,   21.3,   96.9,   97.7,    3.1,    2.3,  100.0,   16.9,   29.1,   47.3,   32.7,   21.3,   96.9,   97.7,    3.1,    2.3,    0.0,    0.0,    0.0,    0.0,    0.0,    0.0,    0.0,    0.0,    0.0,    0.0,    326,    116,    107,    167,     84,     68,    295,    264,    326,    116,    107,    167,     84,     68,    295,    264,      0,      0,      0,      0,      0,      0,      0,      0,    18.0,    25.4,    27.6,    36.5,     8.6,    11.4,    13.2,    16.1,    18.0,    25.4,    27.6,    36.5,     8.6,    11.4,    13.2,    16.1,     0.0,     0.0,     0.0,     0.0,     0.0,     0.0,     0.0,     0.0,"(Contracts of 10,000 MMBTU'S)","023651","NYME","023 "
"HENRY HUB LAST DAY FIN - NEW YORK MERCANTILE EXCHANGE",260915,2026-09-15,023A55,NYME,01,023 ,  383520,  102103,   94301,   67427,  189850,  213816,  359380,  375544,   24140,    7976,  383520,  102103,   94301,   67427,  189850,  213816,  359380,  375544,   24140,    7976,       0,       0,       0,       0,       0,       0,       0,       0,       0,       0,    4683,   -6322,   -1274,    2773,    7939,    3521,    4390,    5020,     293,    -337,  100.0,   26.6,   24.6,   17.6,   49.5,   55.8,   93.7,   97.9,    6.3,    2.1,  100.0,   26.6,   24.6,   17.6,   49.5,   55.8,   93.7,   97.9,    6.3,    2.1,    0.0,    0.0,    0.0,    0.0,    0.0,    0.0,    0.0,    0.0,    0.0,    0.0,     95,     25,     14,     30,     53,     42,     91,     73,     95,     25,     14,     30,     53,     42,     91,     73,      0,      0,      0,      0,      0,      0,      0,      0,    17.0,    40.5,    30.7,    55.0,    15.5,    39.6,    25.5,    51.7,    17.0,    40.5,    30.7,    55.0,    15.5,    39.6,    25.5,    51.7,     0.0,     0.0,     0.0,     0.0,     0.0,     0.0,     0.0,     0.0,"(Contracts of 10,000 MMBTU'S)","023A55","NYME","023 "
"HENRY HUB PENULTIMATE FIN - NEW YORK MERCANTILE EXCHANGE",260915,2026-09-15,023A56,NYME,01,023 ,  221133,   48725,   53506,   41153,  125592,  121136,  215470,  215795,    5663,    5338,  221133,   48725,   53506,   41153,  125592,  121136,  215470,  215795,    5663,    5338,       0,       0,       0,       0,       0,       0,       0,       0,       0,       0,   15360,    6106,   11793,    2024,    7052,    1036,   15182,   14853,     178,     507,  100.0,   22.0,   24.2,   18.6,   56.8,   54.8,   97.4,   97.6,    2.6,    2.4,  100.0,   22.0,   24.2,   18.6,   56.8,   54.8,   97.4,   97.6,    2.6,    2.4,    0.0,    0.0,    0.0,    0.0,    0.0,    0.0,    0.0,    0.0,    0.0,    0.0,     78,     23,     22,     37,     30,     31,     70,     73,     78,     23,     22,     37,     30,     31,     70,     73,      0,      0,      0,      0,      0,      0,      0,      0,    24.2,    31.0,    39.3,    44.9,    23.0,    22.4,    36.2,    32.5,    24.2,    31.0,    39.3,    44.9,    23.0,    22.4,    36.2,    32.5,     0.0,     0.0,     0.0,     0.0,     0.0,     0.0,     0.0,     0.0,"(Contracts of 10,000 MMBTU'S)","023A56","NYME","023 "
"ETHANOL T2 FOB INCL DUTY - NEW YORK MERCANTILE EXCHANGE",260915,2026-09-15,025608,NYME,01,025 ,    3452,     100,       0,      11,    3094,    3257,    3205,    3268,     247,     184,    3452,     100,       0,      11,    3094,    3257,    3205,    3268,     247,     184,       0,       0,       0,       0,       0,       0,       0,       0,       0,       0,     115,       0,       0,       0,     180,     115,     180,     115,     -65,       0,  100.0,    2.9,    0.0,    0.3,   89.6,   94.4,   92.8,   94.7,    7.2,    5.3,  100.0,    2.9,    0.0,    0.3,   89.6,   94.4,   92.8,   94.7,    7.2,    5.3,    0.0,    0.0,    0.0,    0.0,    0.0,    0.0,    0.0,    0.0,    0.0,    0.0,     26,      1,      0,      1,     21,     21,     22,     22,     26,      1,      0,      1,     21,     21,     22,     22,      0,      0,      0,      0,      0,      0,      0,      0,    47.7,    51.6,    67.4,    72.7,    38.8,    40.4,    50.4,    52.7,    47.7,    51.6,    67.4,    72.7,    38.8,    40.4,    50.4,    52.7,     0.0,     0.0,     0.0,     0.0,     0.0,     0.0,     0.0,     0.0,"(100 CUBIC METERS)","025608","NYME","025 "
"ETHANOL - NEW YORK MERCANTILE EXCHANGE",260915,2026-09-15,025651,NYME,01,025 ,   41259,    8961,     740,    1888,   29811,   38077,   40660,   40705,     599,     554,   41259,    8961,     740,    1888,   29811,   38077,   40660,   40705,     599,     554,       0,       0,       0,       0,       0,       0,       0,       0,       0,       0,    1023,    -453,      15,     434,    1085,     581,    1066,    1030,     -43,      -7,  100.0,   21.7,    1.8,    4.6,   72.3,   92.3,   98.5,   98.7,    1.5,    1.3,  100.0,   21.7,    1.8,    4.6,   72.3,   92.3,   98.5,   98.7,    1.5,    1.3,    0.0,    0.0,    0.0,    0.0,    0.0,    0.0,    0.0,    0.0,    0.0,    0.0,    116,     26,     12,     11,     51,     65,     83,     83,    116,     26,     12,     11,     51,     65,     83,     83,      0,      0,      0,      0,      0,      0,      0,      0,    31.0,    23.4,    46.9,    41.1,    13.5,    14.4,    23.1,    23.8,    31.0,    23.4,    46.9,    41.1,    13.5,    14.4,    23.1,    23.8,     0.0,     0.0,     0.0,     0.0,     0.0,     0.0,     0.0,     0.0,"(CONTRACTS OF 42,000 U.S. GALLONS)","025651","NYME","025 "
"SOYBEAN MEAL - CHICAGO BOARD OF TRADE",260915,2026-09-15,026603,CBT ,00,026 ,  683474,  236962,   29211,  165369,  232242,  464761,  634573,  659341,   48901,   24133,  672346,  234206,   30899,  161107,  228934,  457339,  624247,  649345,   48099,   23001,   11128,    4856,     412,    2162,    3308,    7422,   10326,    9996,     802,    1132,   15856,   25313,   -5877,     276,  -12466,   19531,   13123,   13930,    2733,    1926,  100.0,   34.7,    4.3,   24.2,   34.0,   68.0,   92.8,   96.5,    7.2,    3.5,  100.0,   34.8,    4.6,   24.0,   34.0,   68.0,   92.8,   96.6,    7.2,    3.4,  100.0,   43.6,    3.7,   19.4,   29.7,   66.7,   92.8,   89.8,    7.2,   10.2,    357,    148,     41,     94,    123,    121,    307,    232,    357,    148,     43,     94,    123,    121,    307,    232,     67,     20,      6,      9,     28,     16,     51,     29,    10.4,    34.8,    18.4,    45.4,     8.2,    33.0,    15.2,    39.8,    10.6,    34.9,    18.6,    45.6,     8.3,    33.1,    15.4,    40.0,    46.7,    41.5,    63.4,    67.4,    35.5,    41.1,    49.1,    58.9,"(CONTRACTS OF 100 TONS)","026603","CBT ","026 "
"COTTON NO. 2 - ICE FUTURES U.S.",260915,2026-09-15,033661,ICUS,01,033 ,  380206,  151446,   34673,   74790,  136577,  262263,  362813,  371726,   17393,    8480,  347964,  143753,   34856,   69412,  118501,  235316,  331666,  339584,   16298,    8380,   32242,   12936,    5060,     135,   18076,   26947,   31147,   32142,    1095,     100,    -199,   -6639,    -661,     831,    7069,    -499,    1261,    -329,   -1460,     130,  100.0,   39.8,    9.1,   19.7,   35.9,   69.0,   95.4,   97.8,    4.6,    2.2,  100.0,   41.3,   10.0,   19.9,   34.1,   67.6,   95.3,   97.6,    4.7,    2.4,  100.0,   40.1,   15.7,    0.4,   56.1,   83.6,   96.6,   99.7,    3.4,    0.3,    369,    196,     55,    115,     71,     87,    304,    231,    366,    192,     61,    110,     63,     84,    293,    225,    104,     29,     18,      5,     27,     35,     60,     54,     8.9,    26.4,    16.1,    38.4,     7.7,    24.0,    13.1,    32.5,     9.2,    27.1,    16.5,    38.5,     8.1,    24.7,    13.8,    34.0,    37.7,    41.2,    55.1,    60.8,    37.1,    41.2,    52.9,    60.8,"(CONTRACTS OF 50,000 POUNDS)","033661","ICUS","033 "
"HENRY HUB - NEW YORK MERCANTILE EXCHANGE",260915,2026-09-15,03565B,NYME,01,023 ,  403350,  291134,   20612,    2257,   98052,  369506,  391443,  392375,   11907,   10975,  403350,  291134,   20612,    2257,   98052,  369506,  391443,  392375,   11907,   10975,       0,       0,       0,       0,       0,       0,       0,       0,       0,       0,    2526,    1989,       0,       0,       0,    2430,    1989,    2430,     537,      96,  100.0,   72.2,    5.1,    0.6,   24.3,   91.6,   97.0,   97.3,    3.0,    2.7,  100.0,   72.2,    5.1,    0.6,   24.3,   91.6,   97.0,   97.3,    3.0,    2.7,    0.0,    0.0,    0.0,    0.0,    0.0,    0.0,    0.0,    0.0,    0.0,    0.0,     34,      6,      5,      2,     19,     19,     26,     25,     34,      6,      5,      2,     19,     19,     26,     25,      0,      0,      0,      0,      0,      0,      0,      0,    70.7,    60.2,    83.5,    82.8,    70.2,    57.1,    80.4,    78.2,    70.7,    60.2,    83.5,    82.8,    70.2,    57.1,    80.4,    78.2,     0.0,     0.0,     0.0,     0.0,     0.0,     0.0,     0.0,     0.0,"(Contracts of 2,500  MMBTU'S)","03565B","NYME","023 "
"HENRY HUB PENULTIMATE NAT GAS - NEW YORK MERCANTILE EXCHANGE",260915,2026-09-15,03565C,NYME,01,023 ,  103599,   14389,   12983,   18059,   58377,   65553,   90825,   96595,   12774,    7004,  103599,   14389,   12983,   18059,   58377,   65553,   90825,   96595,   12774,    7004,       0,       0,       0,       0,       0,       0,       0,       0,       0,       0,    2152,    -960,    -336,    2260,     746,     338,    2046,    2262,     106,    -110,  100.0,   13.9,   12.5,   17.4,   56.3,   63.3,   87.7,   93.2,   12.3,    6.8,  100.0,   13.9,   12.5,   17.4,   56.3,   63.3,   87.7,   93.2,   12.3,    6.8,    0.0,    0.0,    0.0,    0.0,    0.0,    0.0,    0.0,    0.0,    0.0,    0.0,     41,     12,     10,     16,     17,     18,     37,     36,     41,     12,     10,     16,     17,     18,     37,     36,      0,      0,      0,      0,      0,      0,      0,      0,    33.1,    35.8,    49.6,    60.8,    20.3,    24.8,    29.1,    35.5,    33.1,    35.8,    49.6,    60.8,    20.3,    24.8,    29.1,    35.5,     0.0,     0.0,     0.0,     0.0,     0.0,     0.0,     0.0,     0.0,"(Contracts of 2,500  MMBTU'S)","03565C","NYME","023 "
"USD Malaysian Crude Palm Oil C - CHICAGO MERCANTILE EXCHANGE",260915,2026-09-15,037021,CME ,00,037 ,   42842,    1562,    4141,    1675,   39585,   37026,   42822,   42842,      20,       0,   42842,    1562,    4141,    1675,   39585,   37026,   42822,   42842,      20,       0,       0,       0,       0,       0,       0,       0,       0,       0,       0,       0,   -2107,     100,     394,    -100,   -2107,   -2401,   -2107,   -2107,       0,       0,  100.0,    3.6,    9.7,    3.9,   92.4,   86.4,  100.0,  100.0,    0.0,    0.0,  100.0,    3.6,    9.7,    3.9,   92.4,   86.4,  100.0,  100.0,    0.0,    0.0,    0.0,    0.0,    0.0,    0.0,    0.0,    0.0,    0.0,    0.0,    0.0,    0.0,     27,      5,      2,      4,     15,     15,     22,     20,     27,      5,      2,      4,     15,     15,     22,     20,      0,      0,      0,      0,      0,      0,      0,      0,    76.3,    64.0,    88.7,    90.8,    35.9,    37.6,    39.9,    41.1,    76.3,    64.0,    88.7,    90.8,    35.9,    37.6,    39.9,    41.1,     0.0,     0.0,     0.0,     0.0,     0.0,     0.0,     0.0,     0.0,"(CONTRACTS OF 25 METRIC TONS)","037021","CME ","037 "
"ROUGH RICE - CHICAGO BOARD OF TRADE",260915,2026-09-15,039601,CBT ,00,039 ,   13164,    5338,    2968,     508,    4540,    8700,   10386,   12176,    2778,     988,   13162,    5338,    2969,     507,    4540,    8698,   10385,   12174,    2777,     988,       2,       1,       0,       0,       0,       2,       1,       2,       1,       0,     205,     237,      41,     -21,     113,     248,     329,     268,    -124,     -63,  100.0,   40.5,   22.5,    3.9,   34.5,   66.1,   78.9,   92.5,   21.1,    7.5,  100.0,   40.6,   22.6,    3.9,   34.5,   66.1,   78.9,   92.5,   21.1,    7.5,  100.0,   50.0,    0.0,    0.0,    0.0,  100.0,   50.0,  100.0,   50.0,    0.0,     81,     30,     17,      5,     19,     19,     54,     37,     81,     30,     17,      4,     19,     19,     53,     37,      2,      1,      0,      0,      0,      1,      1,      1,    26.6,    40.7,    38.2,    57.7,    26.6,    40.7,    38.2,    57.7,    26.6,    40.7,    38.3,    57.7,    26.6,    40.7,    38.3,    57.7,    50.0,   100.0,    50.0,   100.0,    50.0,   100.0,    50.0,   100.0,"(CONTRACTS OF 200,000 POUNDS)","039601","CBT ","039 "
"FRZN CONCENTRATED ORANGE JUICE - ICE FUTURES U.S.",260915,2026-09-15,040701,ICUS,01,040 ,    9475,    4811,    3863,     484,    2300,    3486,    7595,    7833,    1880,    1642,    8171,    5027,    3849,      45,    1567,    2941,    6639,    6835,    1532,    1336,    1304,     197,     427,      26,     733,     545,     956,     998,     348,     306,     -83,    -256,    -232,      89,      16,     112,    -151,     -31,      68,     -52,  100.0,   50.8,   40.8,    5.1,   24.3,   36.8,   80.2,   82.7,   19.8,   17.3,  100.0,   61.5,   47.1,    0.6,   19.2,   36.0,   81.3,   83.6,   18.7,   16.4,  100.0,   15.1,   32.7,    2.0,   56.2,   41.8,   73.3,   76.5,   26.7,   23.5,     54,     21,     17,      6,     13,      7,     38,     26,     53,     21,     16,      2,      9,      7,     32,     23,     18,      5,      3,      1,      9,      3,     14,      7,    26.7,    44.1,    40.7,    58.7,    26.7,    44.0,    40.5,    58.2,    31.0,    44.5,    47.2,    61.5,    31.0,    44.5,    47.2,    61.0,    45.2,    71.5,    66.0,    76.5,    43.3,    71.1,    64.0,    73.7,"(CONTRACTS OF 15,000 POUNDS)","040701","ICUS","040 "
"UST 2Y NOTE - CHICAGO BOARD OF TRADE",260915,2026-09-15,042601,CBT ,00,042 , 4433736,  704048, 1559401,  206925, 3302237, 2494287, 4213210, 4260613,  220526,  173123, 4433736,  704048, 1559401,  206925, 3302237, 2494287, 4213210, 4260613,  220526,  173123,       0,       0,       0,       0,       0,       0,       0,       0,       0,       0,   87422,  125091,   51337,    4345,  -51813,   21812,   77623,   77494,    9799,    9928,  100.0,   15.9,   35.2,    4.7,   74.5,   56.3,   95.0,   96.1,    5.0,    3.9,  100.0,   15.9,   35.2,    4.7,   74.5,   56.3,   95.0,   96.1,    5.0,    3.9,    0.0,    0.0,    0.0,    0.0,    0.0,    0.0,    0.0,    0.0,    0.0,    0.0,    469,     74,     75,     39,    223,    213,    320,    304,    469,     74,     75,     39,    223,    213,    320,    304,      0,      0,      0,      0,      0,      0,      0,      0,    23.0,    17.9,    32.1,    29.7,    19.0,    17.6,    26.8,    28.0,    23.0,    17.9,    32.1,    29.7,    19.0,    17.6,    26.8,    28.0,     0.0,     0.0,     0.0,     0.0,     0.0,     0.0,     0.0,     0.0,"(CONTRACTS OF $200,000 FACE VALUE)","042601","CBT ","042 "
"UST 10Y NOTE - CHICAGO BOARD OF TRADE",260915,2026-09-15,043602,CBT ,00,043 , 5377777,  580778, 1402014,  169829, 4250772, 3426269, 5001379, 4998112,  376398,  379665, 5377777,  580778, 1402014,  169829, 4250772, 3426269, 5001379, 4998112,  376398,  379665,       0,       0,       0,       0,       0,       0,       0,       0,       0,       0,  152482,   22603,    9056,    4867,  138072,  151741,  165542,  165664,  -13060,  -13182,  100.0,   10.8,   26.1,    3.2,   79.0,   63.7,   93.0,   92.9,    7.0,    7.1,  100.0,   10.8,   26.1,    3.2,   79.0,   63.7,   93.0,   92.9,    7.0,    7.1,    0.0,    0.0,    0.0,    0.0,    0.0,    0.0,    0.0,    0.0,    0.0,    0.0,    436,     63,     82,     38,    206,    203,    293,    299,    436,     63,     82,     38,    206,    203,    293,    299,      0,      0,      0,      0,      0,      0,      0,      0,    32.1,    16.2,    41.4,    24.8,    28.9,    15.9,    37.0,    23.2,    32.1,    16.2,    41.4,    24.8,    28.9,    15.9,    37.0,    23.2,     0.0,     0.0,     0.0,     0.0,     0.0,     0.0,     0.0,     0.0,"(CONTRACTS OF $100,000 FACE VALUE)","043602","CBT ","043 "
"ULTRA UST 10Y - CHICAGO BOARD OF TRADE",260915,2026-09-15,043607,CBT ,00,043 , 2596996,  223046,  432736,   46118, 2124614, 1825011, 2393778, 2303865,  203218,  293131, 2596996,  223046,  432736,   46118, 2124614, 1825011, 2393778, 2303865,  203218,  293131,       0,       0,       0,       0,       0,       0,       0,       0,       0,       0,   11059,  -12764,    7388,    8226,   27401,    8751,   22863,   24365,  -11804,  -13306,  100.0,    8.6,   16.7,    1.8,   81.8,   70.3,   92.2,   88.7,    7.8,   11.3,  100.0,    8.6,   16.7,    1.8,   81.8,   70.3,   92.2,   88.7,    7.8,   11.3,    0.0,    0.0,    0.0,    0.0,    0.0,    0.0,    0.0,    0.0,    0.0,    0.0,    247,     27,     40,     18,    130,    128,    168,    175,    247,     27,     40,     18,    130,    128,    168,    175,      0,      0,      0,      0,      0,      0,      0,      0,    24.4,    24.5,    37.7,    34.5,    15.8,    18.6,    26.1,    25.2,    24.4,    24.5,    37.7,    34.5,    15.8,    18.6,    26.1,    25.2,     0.0,     0.0,     0.0,     0.0,     0.0,     0.0,     0.0,     0.0,"(CONTRACTS OF $100,000 FACE VALUE)","043607","CBT ","043 "
"MICRO 10 YEAR YIELD - CHICAGO BOARD OF TRADE",260915,2026-09-15,04360Y,CBT ,00,043 ,    3674,    3056,    1459,     127,       0,     357,    3183,    1943,     491,    1731,    3674,    3056,    1459,     127,       0,     357,    3183,    1943,     491,    1731,       0,       0,       0,       0,       0,       0,       0,       0,       0,       0,    1155,     995,     223,     127,       0,     243,    1122,     593,      33,     562,  100.0,   83.2,   39.7,    3.5,    0.0,    9.7,   86.6,   52.9,   13.4,   47.1,  100.0,   83.2,   39.7,    3.5,    0.0,    9.7,   86.6,   52.9,   13.4,   47.1,    0.0,    0.0,    0.0,    0.0,    0.0,    0.0,    0.0,    0.0,    0.0,    0.0,     30,     11,     16,      2,      0,      2,     13,     19,     30,     11,     16,      2,      0,      2,     13,     19,      0,      0,      0,      0,      0,      0,      0,      0,    78.2,    24.4,    83.2,    37.1,    76.8,    24.4,    80.8,    36.4,    78.2,    24.4,    83.2,    37.1,    76.8,    24.4,    80.8,    36.4,     0.0,     0.0,     0.0,     0.0,     0.0,     0.0,     0.0,     0.0,"(1000 x Index Points)","04360Y","CBT ","043 "
"UST 5Y NOTE - CHICAGO BOARD OF TRADE",260915,2026-09-15,044601,CBT ,00,044 , 6364260,  682423, 1679789,  193801, 5074674, 4110294, 5950898, 5983884,  413362,  380376, 6364260,  682423, 1679789,  193801, 5074674, 4110294, 5950898, 5983884,  413362,  380376,       0,       0,       0,       0,       0,       0,       0,       0,       0,       0,   54450,  130632, -139495,   26282,  -71511,  179888,   85403,   66675,  -30953,  -12225,  100.0,   10.7,   26.4,    3.0,   79.7,   64.6,   93.5,   94.0,    6.5,    6.0,  100.0,   10.7,   26.4,    3.0,   79.7,   64.6,   93.5,   94.0,    6.5,    6.0,    0.0,    0.0,    0.0,    0.0,    0.0,    0.0,    0.0,    0.0,    0.0,    0.0,    460,     78,     70,     31,    221,    220,    317,    303,    460,     78,     70,     31,    221,    220,    317,    303,      0,      0,      0,      0,      0,      0,      0,      0,    29.1,    18.8,    37.2,    28.8,    27.0,    18.2,    33.0,    28.0,    29.1,    18.8,    37.2,    28.8,    27.0,    18.2,    33.0,    28.0,     0.0,     0.0,     0.0,     0.0,     0.0,     0.0,     0.0,     0.0,"(CONTRACTS OF $100,000 FACE VALUE)","044601","CBT ","044 "
"FED FUNDS - CHICAGO BOARD OF TRADE",260915,2026-09-15,045601,CBT ,00,045 , 2401545,  416452,  395978,  484289, 1443563, 1487476, 2344304, 2367743,   57241,   33802, 2401545,  416452,  395978,  484289, 1443563, 1487476, 2344304, 2367743,   57241,   33802,       0,       0,       0,       0,       0,       0,       0,       0,       0,       0,  265172,  126204,   21841,    8921,  127144,  241929,  262269,  272691,    2903,   -7519,  100.0,   17.3,   16.5,   20.2,   60.1,   61.9,   97.6,   98.6,    2.4,    1.4,  100.0,   17.3,   16.5,   20.2,   60.1,   61.9,   97.6,   98.6,    2.4,    1.4,    0.0,    0.0,    0.0,    0.0,    0.0,    0.0,    0.0,    0.0,    0.0,    0.0,    185,     47,     30,     49,     95,     84,    166,    141,    185,     47,     30,     49,     95,     84,    166,    141,      0,      0,      0,      0,      0,      0,      0,      0,    25.7,    25.9,    39.5,    42.8,    17.7,    15.2,    24.4,    26.9,    25.7,    25.9,    39.5,    42.8,    17.7,    15.2,    24.4,    26.9,     0.0,     0.0,     0.0,     0.0,     0.0,     0.0,     0.0,     0.0,"(CONTRACTS OF $5,000,000)","045601","CBT ","045 "
"EURO SHORT TERM RATE - CHICAGO MERCANTILE EXCHANGE",260915,2026-09-15,047745,CME ,00,047 ,   31918,    2616,   11094,    5563,   23666,   15228,   31845,   31885,      73,      33,   31918,    2616,   11094,    5563,   23666,   15228,   31845,   31885,      73,      33,       0,       0,       0,       0,       0,       0,       0,       0,       0,       0,     677,      18,     393,     -55,     687,     339,     650,     677,      27,       0,  100.0,    8.2,   34.8,   17.4,   74.1,   47.7,   99.8,   99.9,    0.2,    0.1,  100.0,    8.2,   34.8,   17.4,   74.1,   47.7,   99.8,   99.9,    0.2,    0.1,    0.0,    0.0,    0.0,    0.0,    0.0,    0.0,    0.0,    0.0,    0.0,    0.0,     33,      4,      9,      7,     12,     13,     22,     23,     33,      4,      9,      7,     12,     13,     22,     23,      0,      0,      0,      0,      0,      0,      0,      0,    70.7,    55.3,    86.6,    79.4,    67.7,    50.8,    74.8,    65.8,    70.7,    55.3,    86.6,    79.4,    67.7,    50.8,    74.8,    65.8,     0.0,     0.0,     0.0,     0.0,     0.0,     0.0,     0.0,     0.0,"(2,500 X CONTRACT GRADE IMM INDEX)","047745","CME ","047 "
"BUTTER (CASH SETTLED) - CHICAGO MERCANTILE EXCHANGE",260915,2026-09-15,050642,CME ,00,050 ,   19694,      93,    7817,     219,   18596,   11381,   18908,   19417,     786,     277,   19694,      93,    7817,     219,   18596,   11381,   18908,   19417,     786,     277,       0,       0,       0,       0,       0,       0,       0,       0,       0,       0,    1237,     -34,     712,      28,    1110,     516,    1104,    1256,     133,     -19,  100.0,    0.5,   39.7,    1.1,   94.4,   57.8,   96.0,   98.6,    4.0,    1.4,  100.0,    0.5,   39.7,    1.1,   94.4,   57.8,   96.0,   98.6,    4.0,    1.4,    0.0,    0.0,    0.0,    0.0,    0.0,    0.0,    0.0,    0.0,    0.0,    0.0,     56,      2,     10,      4,     37,     26,     42,     37,     56,      2,     10,      4,     37,     26,     42,     37,      0,      0,      0,      0,      0,      0,      0,      0,    39.3,    44.6,    57.9,    65.5,    37.5,    42.2,    54.1,    57.3,    39.3,    44.6,    57.9,    65.5,    37.5,    42.2,    54.1,    57.3,     0.0,     0.0,     0.0,     0.0,     0.0,     0.0,     0.0,     0.0,"(CONTRACTS OF 20,000 POUNDS)","050642","CME ","050 "
"MILK, Class III - CHICAGO MERCANTILE EXCHANGE",260915,2026-09-15,052641,CME ,00,052 ,   32897,    2781,   12661,    2963,   25085,   12416,   30829,   28040,    2068,    4857,   32897,    2781,   12661,    2963,   25085,   12416,   30829,   28040,    2068,    4857,       0,       0,       0,       0,       0,       0,       0,       0,       0,       0,    1546,    -130,     602,      36,    1344,     591,    1250,    1229,     296,     317,  100.0,    8.5,   38.5,    9.0,   76.3,   37.7,   93.7,   85.2,    6.3,   14.8,  100.0,    8.5,   38.5,    9.0,   76.3,   37.7,   93.7,   85.2,    6.3,   14.8,    0.0,    0.0,    0.0,    0.0,    0.0,    0.0,    0.0,    0.0,    0.0,    0.0,     92,      9,     37,     16,     34,     23,     54,     65,     92,      9,     37,     16,     34,     23,     54,     65,      0,      0,      0,      0,      0,      0,      0,      0,    45.7,    23.2,    63.8,    39.6,    45.6,    21.6,    63.5,    35.0,    45.7,    23.2,    63.8,    39.6,    45.6,    21.6,    63.5,    35.0,     0.0,     0.0,     0.0,     0.0,     0.0,     0.0,     0.0,     0.0,"(CONTRACTS OF 200,000 POUNDS)","052641","CME ","052 "
"NON FAT DRY MILK - CHICAGO MERCANTILE EXCHANGE",260915,2026-09-15,052642,CME ,00,052 ,   11266,     242,    5915,     186,    9968,    4886,   10396,   10987,     870,     279,   11266,     242,    5915,     186,    9968,    4886,   10396,   10987,     870,     279,       0,       0,       0,       0,       0,       0,       0,       0,       0,       0,     495,      18,     517,     -17,     464,     -11,     465,     489,      30,       6,  100.0,    2.1,   52.5,    1.7,   88.5,   43.4,   92.3,   97.5,    7.7,    2.5,  100.0,    2.1,   52.5,    1.7,   88.5,   43.4,   92.3,   97.5,    7.7,    2.5,    0.0,    0.0,    0.0,    0.0,    0.0,    0.0,    0.0,    0.0,    0.0,    0.0,     53,      3,      8,      5,     35,     23,     42,     32,     53,      3,      8,      5,     35,     23,     42,     32,      0,      0,      0,      0,      0,      0,      0,      0,    34.2,    47.6,    54.0,    70.6,    32.2,    47.3,    48.6,    69.5,    34.2,    47.6,    54.0,    70.6,    32.2,    47.3,    48.6,    69.5,     0.0,     0.0,     0.0,     0.0,     0.0,     0.0,     0.0,     0.0,"(CONTRACTS OF 44,000 LBS.)","052642","CME ","052 "
"CME MILK IV - CHICAGO MERCANTILE EXCHANGE",260915,2026-09-15,052644,CME ,00,052 ,   11557,    6174,    1627,     286,    4920,    8710,   11380,   10623,     177,     934,   11557,    6174,    1627,     286,    4920,    8710,   11380,   10623,     177,     934,       0,       0,       0,       0,       0,       0,       0,       0,       0,       0,    1114,     941,     115,      -2,     175,     982,    1114,    1095,       0,      19,  100.0,   53.4,   14.1,    2.5,   42.6,   75.4,   98.5,   91.9,    1.5,    8.1,  100.0,   53.4,   14.1,    2.5,   42.6,   75.4,   98.5,   91.9,    1.5,    8.1,    0.0,    0.0,    0.0,    0.0,    0.0,    0.0,    0.0,    0.0,    0.0,    0.0,     34,      4,      5,      4,     11,     18,     17,     25,     34,      4,      5,      4,     11,     18,     17,     25,      0,      0,      0,      0,      0,      0,      0,      0,    80.5,    56.9,    93.9,    76.1,    80.5,    56.2,    92.3,    74.5,    80.5,    56.9,    93.9,    76.1,    80.5,    56.2,    92.3,    74.5,     0.0,     0.0,     0.0,     0.0,     0.0,     0.0,     0.0,     0.0,"(CONTRACTS OF 200,000 POUNDS)","052644","CME ","052 "
"LEAN HOGS - CHICAGO MERCANTILE EXCHANGE",260915,2026-09-15,054642,CME ,00,054 ,  285923,   74473,  143684,   78253,  112869,   45118,  265595,  267055,   20328,   18868,   69565,   45679,   51999,    3055,   14644,    9803,   63378,   64857,    6187,    4708,  216358,   66504,  129395,   37488,   98225,   35315,  202217,  202198,   14141,   14160,    2829,   -1844,    9378,   -1981,    5096,   -6050,    1271,    1347,    1558,    1482,  100.0,   26.0,   50.3,   27.4,   39.5,   15.8,   92.9,   93.4,    7.1,    6.6,  100.0,   65.7,   74.7,    4.4,   21.1,   14.1,   91.1,   93.2,    8.9,    6.8,  100.0,   30.7,   59.8,   17.3,   45.4,   16.3,   93.5,   93.5,    6.5,    6.5,    337,     85,    127,    108,     76,     80,    232,    261,    215,     59,     80,     10,     44,     36,    107,    122,    304,     83,    115,     85,     59,     73,    194,    228,    17.4,    13.3,    28.9,    22.9,    16.4,    12.6,    25.4,    20.8,    28.5,    22.0,    42.5,    35.0,    28.2,    22.0,    42.3,    35.0,    21.7,    15.9,    31.0,    25.1,    21.3,    14.5,    30.5,    22.8,"(CONTRACTS OF 40,000 POUNDS)","054642","CME ","054 "
"LIVE CATTLE - CHICAGO MERCANTILE EXCHANGE",260915,2026-09-15,057642,CME ,00,057 ,  282118,   94407,   65639,   53079,  110994,  132098,  258480,  250816,   23638,   31302,  282118,   94407,   65639,   53079,  110994,  132098,  258480,  250816,   23638,   31302,       0,       0,       0,       0,       0,       0,       0,       0,       0,       0,  -12232,    1203,    1458,  -10370,   -1070,   -1595,  -10237,  -10507,   -1995,   -1725,  100.0,   33.5,   23.3,   18.8,   39.3,   46.8,   91.6,   88.9,    8.4,   11.1,  100.0,   33.5,   23.3,   18.8,   39.3,   46.8,   91.6,   88.9,    8.4,   11.1,    0.0,    0.0,    0.0,    0.0,    0.0,    0.0,    0.0,    0.0,    0.0,    0.0,    378,    110,     74,    113,    106,    146,    275,    295,    378,    110,     74,    113,    106,    146,    275,    295,      0,      0,      0,      0,      0,      0,      0,      0,    14.3,    15.2,    23.4,    25.4,    13.9,    15.0,    22.2,    24.1,    14.3,    15.2,    23.4,    25.4,    13.9,    15.0,    22.2,    24.1,     0.0,     0.0,     0.0,     0.0,     0.0,     0.0,     0.0,     0.0,"(CONTRACTS OF 40,000 POUNDS)","057642","CME ","057 "
"LUMBER - CHICAGO MERCANTILE EXCHANGE",260915,2026-09-15,058644,CME ,00,058 ,    9205,    2312,    7445,      25,    6042,    1124,    8379,    8594,     826,     611,    9205,    2312,    7445,      25,    6042,    1124,    8379,    8594,     826,     611,       0,       0,       0,       0,       0,       0,       0,       0,       0,       0,    -740,     135,    -386,    -143,    -634,    -226,    -642,    -755,     -98,      15,  100.0,   25.1,   80.9,    0.3,   65.6,   12.2,   91.0,   93.4,    9.0,    6.6,  100.0,   25.1,   80.9,    0.3,   65.6,   12.2,   91.0,   93.4,    9.0,    6.6,    0.0,    0.0,    0.0,    0.0,    0.0,    0.0,    0.0,    0.0,    0.0,    0.0,     94,     22,     41,      2,     28,      9,     50,     52,     94,     22,     41,      2,     28,      9,     50,     52,      0,      0,      0,      0,      0,      0,      0,      0,    31.4,    28.8,    50.2,    48.5,    31.4,    28.8,    48.9,    48.5,    31.4,    28.8,    50.2,    48.5,    31.4,    28.8,    48.9,    48.5,     0.0,     0.0,     0.0,     0.0,     0.0,     0.0,     0.0,     0.0,"(CONTRACTS OF 27,500 BOARD FEET)","058644","CME ","058 "
"FEEDER CATTLE - CHICAGO MERCANTILE EXCHANGE",260915,2026-09-15,061641,CME ,00,061 ,   59633,   17740,   21593,   15096,   17218,   11449,   50054,   48138,    9579,   11495,   59633,   17740,   21593,   15096,   17218,   11449,   50054,   48138,    9579,   11495,       0,       0,       0,       0,       0,       0,       0,       0,       0,       0,   -2464,    -271,     188,   -1684,    -352,    -795,   -2307,   -2291,    -157,    -173,  100.0,   29.7,   36.2,   25.3,   28.9,   19.2,   83.9,   80.7,   16.1,   19.3,  100.0,   29.7,   36.2,   25.3,   28.9,   19.2,   83.9,   80.7,   16.1,   19.3,    0.0,    0.0,    0.0,    0.0,    0.0,    0.0,    0.0,    0.0,    0.0,    0.0,    209,     63,     47,     61,     55,     62,    152,    148,    209,     63,     47,     61,     55,     62,    152,    148,      0,      0,      0,      0,      0,      0,      0,      0,    15.6,    19.3,    26.6,    29.2,    11.9,    16.7,    20.4,    24.3,    15.6,    19.3,    26.6,    29.2,    11.9,    16.7,    20.4,    24.3,     0.0,     0.0,     0.0,     0.0,     0.0,     0.0,     0.0,     0.0,"(CONTRACTS OF 50,000 POUNDS)","061641","CME ","061 "
"CHEESE (CASH-SETTLED) - CHICAGO MERCANTILE EXCHANGE",260915,2026-09-15,063642,CME ,00,063 ,   31221,     553,    9523,    2086,   27654,   19180,   30293,   30789,     928,     432,   31221,     553,    9523,    2086,   27654,   19180,   30293,   30789,     928,     432,       0,       0,       0,       0,       0,       0,       0,       0,       0,       0,    2678,      33,      88,     291,    2362,    2239,    2686,    2618,      -8,      60,  100.0,    1.8,   30.5,    6.7,   88.6,   61.4,   97.0,   98.6,    3.0,    1.4,  100.0,    1.8,   30.5,    6.7,   88.6,   61.4,   97.0,   98.6,    3.0,    1.4,    0.0,    0.0,    0.0,    0.0,    0.0,    0.0,    0.0,    0.0,    0.0,    0.0,     74,      6,     26,      8,     30,     32,     43,     59,     74,      6,     26,      8,     30,     32,     43,     59,      0,      0,      0,      0,      0,      0,      0,      0,    48.2,    28.9,    70.3,    48.6,    47.4,    26.8,    66.8,    45.2,    48.2,    28.9,    70.3,    48.6,    47.4,    26.8,    66.8,    45.2,     0.0,     0.0,     0.0,     0.0,     0.0,     0.0,     0.0,     0.0,"(CONTRACTS OF 20,000 POUNDS)","063642","CME ","063 "
"MID-C DAY-AHEAD PEAK - ICE FUTURES ENERGY DIV",260915,2026-09-15,064391,IFED,01,064 ,   42445,    2646,    6173,    4035,   35154,   32110,   41835,   42318,     610,     127,   42445,    2646,    6173,    4035,   35154,   32110,   41835,   42318,     610,     127,       0,       0,       0,       0,       0,       0,       0,       0,       0,       0,      25,    -167,    1090,     -92,     262,    -973,       3,      25,      22,       0,  100.0,    6.2,   14.5,    9.5,   82.8,   75.7,   98.6,   99.7,    1.4,    0.3,  100.0,    6.2,   14.5,    9.5,   82.8,   75.7,   98.6,   99.7,    1.4,    0.3,    0.0,    0.0,    0.0,    0.0,    0.0,    0.0,    0.0,    0.0,    0.0,    0.0,     59,      7,     16,     10,     30,     32,     42,     53,     59,      7,     16,     10,     30,     32,     42,     53,      0,      0,      0,      0,      0,      0,      0,      0,    40.5,    35.0,    60.2,    58.4,    34.8,    33.6,    48.1,    50.7,    40.5,    35.0,    60.2,    58.4,    34.8,    33.6,    48.1,    50.7,     0.0,     0.0,     0.0,     0.0,     0.0,     0.0,     0.0,     0.0,"(Contracts of about 400 MWh)","064391","IFED","064 "
"MID-C DAY-AHEAD OFF-PEAK - ICE FUTURES ENERGY DIV",260915,2026-09-15,064392,IFED,01,064 ,   27593,    3509,    4130,    1063,   22334,   22199,   26906,   27392,     687,     201,   27593,    3509,    4130,    1063,   22334,   22199,   26906,   27392,     687,     201,       0,       0,       0,       0,       0,       0,       0,       0,       0,       0,     -39,      37,    -128,       3,     -79,     102,     -39,     -23,       0,     -16,  100.0,   12.7,   15.0,    3.9,   80.9,   80.5,   97.5,   99.3,    2.5,    0.7,  100.0,   12.7,   15.0,    3.9,   80.9,   80.5,   97.5,   99.3,    2.5,    0.7,    0.0,    0.0,    0.0,    0.0,    0.0,    0.0,    0.0,    0.0,    0.0,    0.0,     40,      5,      5,      4,     27,     27,     34,     34,     40,      5,      5,      4,     27,     27,     34,     34,      0,      0,      0,      0,      0,      0,      0,      0,    39.8,    44.1,    58.5,    72.5,    29.7,    40.8,    43.6,    56.3,    39.8,    44.1,    58.5,    72.5,    29.7,    40.8,    43.6,    56.3,     0.0,     0.0,     0.0,     0.0,     0.0,     0.0,     0.0,     0.0,"(Contracts of about 352 MWh)","064392","IFED","064 "
"PJM WESTERN HUB RT OFF - ICE FUTURES ENERGY DIV",260915,2026-09-15,064394,IFED,01,064 ,  260132,  103986,   17871,   29470,  125738,  212489,  259194,  259830,     938,     302,  260132,  103986,   17871,   29470,  125738,  212489,  259194,  259830,     938,     302,       0,       0,       0,       0,       0,       0,       0,       0,       0,       0,     607,   -5894,      60,     585,    5973,      91,     664,     736,     -57,    -129,  100.0,   40.0,    6.9,   11.3,   48.3,   81.7,   99.6,   99.9,    0.4,    0.1,  100.0,   40.0,    6.9,   11.3,   48.3,   81.7,   99.6,   99.9,    0.4,    0.1,    0.0,    0.0,    0.0,    0.0,    0.0,    0.0,    0.0,    0.0,    0.0,    0.0,     86,     27,     12,     23,     43,     43,     79,     69,     86,     27,     12,     23,     43,     43,     79,     69,      0,      0,      0,      0,      0,      0,      0,      0,    40.2,    42.8,    53.3,    60.5,    36.6,    34.8,    44.1,    46.4,    40.2,    42.8,    53.3,    60.5,    36.6,    34.8,    44.1,    46.4,     0.0,     0.0,     0.0,     0.0,     0.0,     0.0,     0.0,     0.0,"(Contracts of about 352 MWh)","064394","IFED","064 "
"SP15 FIN DA PEAK FIXED - ICE FUTURES ENERGY DIV",260915,2026-09-15,064395,IFED,01,064 ,  100437,    3288,   17955,   14952,   81716,   67373,   99956,  100280,     481,     157,  100437,    3288,   17955,   14952,   81716,   67373,   99956,  100280,     481,     157,       0,       0,       0,       0,       0,       0,       0,       0,       0,       0,     749,     213,    1600,    -387,     922,    -101,     748,    1112,       1,    -363,  100.0,    3.3,   17.9,   14.9,   81.4,   67.1,   99.5,   99.8,    0.5,    0.2,  100.0,    3.3,   17.9,   14.9,   81.4,   67.1,   99.5,   99.8,    0.5,    0.2,    0.0,    0.0,    0.0,    0.0,    0.0,    0.0,    0.0,    0.0,    0.0,    0.0,     73,     10,     19,     15,     39,     35,     57,     61,     73,     10,     19,     15,     39,     35,     57,     61,      0,      0,      0,      0,      0,      0,      0,      0,    43.1,    37.8,    69.0,    59.5,    41.6,    29.7,    55.3,    47.2,    43.1,    37.8,    69.0,    59.5,    41.6,    29.7,    55.3,    47.2,     0.0,     0.0,     0.0,     0.0,     0.0,     0.0,     0.0,     0.0,"(Contracts of about 400 MWh)","064395","IFED","064 "
"CAISO SP-15 DA OFF-PK FIXED - ICE FUTURES ENERGY DIV",260915,2026-09-15,064396,IFED,01,064 ,   76397,    2778,   16707,    9128,   64287,   50489,   76193,   76324,     204,      73,   76397,    2778,   16707,    9128,   64287,   50489,   76193,   76324,     204,      73,       0,       0,       0,       0,       0,       0,       0,       0,       0,       0,    1002,    -255,    -467,     445,     812,    1062,    1002,    1040,       0,     -38,  100.0,    3.6,   21.9,   11.9,   84.1,   66.1,   99.7,   99.9,    0.3,    0.1,  100.0,    3.6,   21.9,   11.9,   84.1,   66.1,   99.7,   99.9,    0.3,    0.1,    0.0,    0.0,    0.0,    0.0,    0.0,    0.0,    0.0,    0.0,    0.0,    0.0,     48,      6,      6,      7,     31,     27,     42,     35,     48,      6,      6,      7,     31,     27,     42,     35,      0,      0,      0,      0,      0,      0,      0,      0,    47.2,    51.7,    70.8,    76.3,    44.8,    43.6,    58.8,    63.7,    47.2,    51.7,    70.8,    76.3,    44.8,    43.6,    58.8,    63.7,     0.0,     0.0,     0.0,     0.0,     0.0,     0.0,     0.0,     0.0,"(Contracts of about 352 MWh)","064396","IFED","064 "
"PJM AEP DAYTON RT OFF-PK FIXED - ICE FUTURES ENERGY DIV",260915,2026-09-15,06439A,IFED,01,064 ,   57256,   22482,   11709,    3449,   30903,   41339,   56834,   56497,     422,     759,   57256,   22482,   11709,    3449,   30903,   41339,   56834,   56497,     422,     759,       0,       0,       0,       0,       0,       0,       0,       0,       0,       0,    1309,    1365,    -660,     387,    -455,    1366,    1297,    1093,      12,     216,  100.0,   39.3,   20.5,    6.0,   54.0,   72.2,   99.3,   98.7,    0.7,    1.3,  100.0,   39.3,   20.5,    6.0,   54.0,   72.2,   99.3,   98.7,    0.7,    1.3,    0.0,    0.0,    0.0,    0.0,    0.0,    0.0,    0.0,    0.0,    0.0,    0.0,     45,      7,      7,      9,     29,     28,     41,     39,     45,      7,      7,      9,     29,     28,     41,     39,      0,      0,      0,      0,      0,      0,      0,      0,    53.1,    33.1,    66.8,    52.7,    47.1,    26.8,    53.2,    40.7,    53.1,    33.1,    66.8,    52.7,    47.1,    26.8,    53.2,    40.7,     0.0,     0.0,     0.0,     0.0,     0.0,     0.0,     0.0,     0.0,"(Contracts of about 352 MWh)","06439A","IFED","064 "
"PJM AEP DAYTON RT PEAK FIXED - ICE FUTURES ENERGY DIV",260915,2026-09-15,06439B,IFED,01,064 ,   73280,   28441,   12684,    3906,   39827,   55987,   72174,   72577,    1106,     703,   73280,   28441,   12684,    3906,   39827,   55987,   72174,   72577,    1106,     703,       0,       0,       0,       0,       0,       0,       0,       0,       0,       0,    1024,     938,    -844,     712,    -817,    1217,     833,    1085,     191,     -61,  100.0,   38.8,   17.3,    5.3,   54.3,   76.4,   98.5,   99.0,    1.5,    1.0,  100.0,   38.8,   17.3,    5.3,   54.3,   76.4,   98.5,   99.0,    1.5,    1.0,    0.0,    0.0,    0.0,    0.0,    0.0,    0.0,    0.0,    0.0,    0.0,    0.0,     58,     12,     10,     12,     34,     32,     52,     48,     58,     12,     10,     12,     34,     32,     52,     48,      0,      0,      0,      0,      0,      0,      0,      0,    44.3,    40.4,    61.7,    57.6,    40.2,    36.1,    51.1,    49.3,    44.3,    40.4,    61.7,    57.6,    40.2,    36.1,    51.1,    49.3,     0.0,     0.0,     0.0,     0.0,     0.0,     0.0,     0.0,     0.0,"(Contracts of 800 MWh)","06439B","IFED","064 "
"PJM AEP DAYTON HUB DA OFF-PK - ICE FUTURES ENERGY DIV",260915,2026-09-15,06439C,IFED,01,064 ,   53953,   19096,   12781,    3443,   30225,   37243,   52764,   53467,    1189,     486,   53953,   19096,   12781,    3443,   30225,   37243,   52764,   53467,    1189,     486,       0,       0,       0,       0,       0,       0,       0,       0,       0,       0,     595,    -147,      14,     328,     469,     293,     650,     635,     -55,     -40,  100.0,   35.4,   23.7,    6.4,   56.0,   69.0,   97.8,   99.1,    2.2,    0.9,  100.0,   35.4,   23.7,    6.4,   56.0,   69.0,   97.8,   99.1,    2.2,    0.9,    0.0,    0.0,    0.0,    0.0,    0.0,    0.0,    0.0,    0.0,    0.0,    0.0,     54,      6,     10,      8,     31,     30,     42,     43,     54,      6,     10,      8,     31,     30,     42,     43,      0,      0,      0,      0,      0,      0,      0,      0,    47.1,    68.2,    64.6,    80.9,    46.9,    63.9,    60.6,    72.8,    47.1,    68.2,    64.6,    80.9,    46.9,    63.9,    60.6,    72.8,     0.0,     0.0,     0.0,     0.0,     0.0,     0.0,     0.0,     0.0,"(Contracts of about 352 MWh)","06439C","IFED","064 "
"AEP DAYTON HUB DA PEAK DAILY - ICE FUTURES ENERGY DIV",260915,2026-09-15,06439E,IFED,01,064 ,    4500,     700,     100,     350,    3450,    4050,    4500,    4500,       0,       0,    4500,     700,     100,     350,    3450,    4050,    4500,    4500,       0,       0,       0,       0,       0,       0,       0,       0,       0,       0,       0,       0,   -2100,     350,   -1400,     250,   -2500,    -950,   -1900,   -2100,    -200,       0,  100.0,   15.6,    2.2,    7.8,   76.7,   90.0,  100.0,  100.0,    0.0,    0.0,  100.0,   15.6,    2.2,    7.8,   76.7,   90.0,  100.0,  100.0,    0.0,    0.0,    0.0,    0.0,    0.0,    0.0,    0.0,    0.0,    0.0,    0.0,    0.0,    0.0,     26,      5,      2,      2,     13,     14,     19,     17,     26,      5,      2,      2,     13,     14,     19,     17,      0,      0,      0,      0,      0,      0,      0,      0,    53.3,    65.6,    74.4,    82.2,    45.6,    57.8,    57.8,    66.7,    53.3,    65.6,    74.4,    82.2,    45.6,    57.8,    57.8,    66.7,     0.0,     0.0,     0.0,     0.0,     0.0,     0.0,     0.0,     0.0,"(Contracts of about 16 MWh)","06439E","IFED","064 "
"PJM AEP DAYTON DA PEAK - ICE FUTURES ENERGY DIV",260915,2026-09-15,06439F,IFED,01,064 ,   62725,   18814,   12848,    3895,   38607,   45384,   61316,   62127,    1409,     598,   62725,   18814,   12848,    3895,   38607,   45384,   61316,   62127,    1409,     598,       0,       0,       0,       0,       0,       0,       0,       0,       0,       0,    1287,    -100,    -337,     708,     655,     786,    1263,    1157,      24,     130,  100.0,   30.0,   20.5,    6.2,   61.5,   72.4,   97.8,   99.0,    2.2,    1.0,  100.0,   30.0,   20.5,    6.2,   61.5,   72.4,   97.8,   99.0,    2.2,    1.0,    0.0,    0.0,    0.0,    0.0,    0.0,    0.0,    0.0,    0.0,    0.0,    0.0,     61,      7,     13,      9,     34,     31,     45,     49,     61,      7,     13,      9,     34,     31,     45,     49,      0,      0,      0,      0,      0,      0,      0,      0,    41.6,    62.8,    58.6,    79.4,    40.5,    60.2,    55.2,    71.3,    41.6,    62.8,    58.6,    79.4,    40.5,    60.2,    55.2,    71.3,     0.0,     0.0,     0.0,     0.0,     0.0,     0.0,     0.0,     0.0,"(Contracts of about 352 MWh)","06439F","IFED","064 "
"MISO INDIANA  OFF-PEAK - ICE FUTURES ENERGY DIV",260915,2026-09-15,06439K,IFED,01,064 ,   40692,       0,    9520,      85,   39907,   30967,   39992,   40572,     700,     120,   40692,       0,    9520,      85,   39907,   30967,   39992,   40572,     700,     120,       0,       0,       0,       0,       0,       0,       0,       0,       0,       0,    -982,       0,    -240,    -330,     111,    -281,    -219,    -851,    -763,    -131,  100.0,    0.0,   23.4,    0.2,   98.1,   76.1,   98.3,   99.7,    1.7,    0.3,  100.0,    0.0,   23.4,    0.2,   98.1,   76.1,   98.3,   99.7,    1.7,    0.3,    0.0,    0.0,    0.0,    0.0,    0.0,    0.0,    0.0,    0.0,    0.0,    0.0,     29,      0,      4,      1,     22,     18,     23,     22,     29,      0,      4,      1,     22,     18,     23,     22,      0,      0,      0,      0,      0,      0,      0,      0,    82.9,    57.1,    92.3,    81.9,    71.7,    50.3,    74.5,    69.9,    82.9,    57.1,    92.3,    81.9,    71.7,    50.3,    74.5,    69.9,     0.0,     0.0,     0.0,     0.0,     0.0,     0.0,     0.0,     0.0,"(Contracts of about 352 MWh)","06439K","IFED","064 "
"MISO IN. REAL-TIME OFF-PEAK - ICE FUTURES ENERGY DIV",260915,2026-09-15,06439L,IFED,01,064 ,   30362,    3880,    6462,     940,   25218,   22431,   30038,   29833,     324,     529,   30362,    3880,    6462,     940,   25218,   22431,   30038,   29833,     324,     529,       0,       0,       0,       0,       0,       0,       0,       0,       0,       0,   -1144,     -17,    -446,      -8,    -547,     316,    -572,    -138,    -572,   -1006,  100.0,   12.8,   21.3,    3.1,   83.1,   73.9,   98.9,   98.3,    1.1,    1.7,  100.0,   12.8,   21.3,    3.1,   83.1,   73.9,   98.9,   98.3,    1.1,    1.7,    0.0,    0.0,    0.0,    0.0,    0.0,    0.0,    0.0,    0.0,    0.0,    0.0,     29,      1,      3,      1,     21,     21,     23,     24,     29,      1,      3,      1,     21,     21,     23,     24,      0,      0,      0,      0,      0,      0,      0,      0,    54.5,    52.1,    74.9,    82.7,    41.7,    43.6,    54.4,    60.0,    54.5,    52.1,    74.9,    82.7,    41.7,    43.6,    54.4,    60.0,     0.0,     0.0,     0.0,     0.0,     0.0,     0.0,     0.0,     0.0,"(Contracts of about 352 MWh)","06439L","IFED","064 "
"ERCOT HOUSTON 345KV RT PK FIX - ICE FUTURES ENERGY DIV",260915,2026-09-15,06439N,IFED,01,064 ,   42388,   10956,     640,    1280,   29320,   40468,   41556,   42388,     832,       0,   42388,   10956,     640,    1280,   29320,   40468,   41556,   42388,     832,       0,       0,       0,       0,       0,       0,       0,       0,       0,       0,       0,   -1662,    -415,     -85,     -50,   -1164,    -807,   -1629,    -942,     -33,    -720,  100.0,   25.8,    1.5,    3.0,   69.2,   95.5,   98.0,  100.0,    2.0,    0.0,  100.0,   25.8,    1.5,    3.0,   69.2,   95.5,   98.0,  100.0,    2.0,    0.0,    0.0,    0.0,    0.0,    0.0,    0.0,    0.0,    0.0,    0.0,    0.0,    0.0,     33,      5,      2,      5,     20,     19,     26,     25,     33,      5,      2,      5,     20,     19,     26,     25,      0,      0,      0,      0,      0,      0,      0,      0,    36.5,    70.1,    56.9,    85.1,    33.8,    70.0,    52.3,    76.0,    36.5,    70.1,    56.9,    85.1,    33.8,    70.0,    52.3,    76.0,     0.0,     0.0,     0.0,     0.0,     0.0,     0.0,     0.0,     0.0,"(Contracts of about 352 MWh)","06439N","IFED","064 "
"ERCOT Houston 345KV RT OFF FIX - ICE FUTURES ENERGY DIV",260915,2026-09-15,06439Q,IFED,01,064 ,   40763,   11326,     200,    1160,   27505,   39403,   39991,   40763,     772,       0,   40763,   11326,     200,    1160,   27505,   39403,   39991,   40763,     772,       0,       0,       0,       0,       0,       0,       0,       0,       0,       0,       0,   -1427,    -415,     -50,     -50,    -894,    -782,   -1359,    -882,     -68,    -545,  100.0,   27.8,    0.5,    2.8,   67.5,   96.7,   98.1,  100.0,    1.9,    0.0,  100.0,   27.8,    0.5,    2.8,   67.5,   96.7,   98.1,  100.0,    1.9,    0.0,    0.0,    0.0,    0.0,    0.0,    0.0,    0.0,    0.0,    0.0,    0.0,    0.0,     33,      6,      1,      4,     19,     18,     25,     23,     33,      6,      1,      4,     19,     18,     25,     23,      0,      0,      0,      0,      0,      0,      0,      0,    36.1,    71.1,    56.2,    86.9,    34.9,    70.9,    52.2,    76.8,    36.1,    71.1,    56.2,    86.9,    34.9,    70.9,    52.2,    76.8,     0.0,     0.0,     0.0,     0.0,     0.0,     0.0,     0.0,     0.0,"(Contracts of about 352 MWh)","06439Q","IFED","064 "
"ERCOT NORTH 345KV RT PK FIX - ICE FUTURES ENERGY DIV",260915,2026-09-15,06439R,IFED,01,064 ,  262582,   90220,   22528,   28320,  142664,  211090,  261204,  261938,    1378,     644,  262582,   90220,   22528,   28320,  142664,  211090,  261204,  261938,    1378,     644,       0,       0,       0,       0,       0,       0,       0,       0,       0,       0,  -14635,   -3615,   -2026,   -2111,   -1772,   -8528,   -7498,  -12665,   -7137,   -1970,  100.0,   34.4,    8.6,   10.8,   54.3,   80.4,   99.5,   99.8,    0.5,    0.2,  100.0,   34.4,    8.6,   10.8,   54.3,   80.4,   99.5,   99.8,    0.5,    0.2,    0.0,    0.0,    0.0,    0.0,    0.0,    0.0,    0.0,    0.0,    0.0,    0.0,    111,     27,     26,     26,     50,     48,     88,     90,    111,     27,     26,     26,     50,     48,     88,     90,      0,      0,      0,      0,      0,      0,      0,      0,    33.3,    37.5,    53.0,    53.8,    24.6,    31.9,    39.5,    41.7,    33.3,    37.5,    53.0,    53.8,    24.6,    31.9,    39.5,    41.7,     0.0,     0.0,     0.0,     0.0,     0.0,     0.0,     0.0,     0.0,"(1 Mw per Peak Hour)","06439R","IFED","064 "
"ERCOT SOUTH 345 KV RT PEAK FIX - ICE FUTURES ENERGY DIV",260915,2026-09-15,06439S,IFED,01,064 ,   28279,     450,    3310,     350,   27208,   24215,   28008,   27875,     271,     404,   28279,     450,    3310,     350,   27208,   24215,   28008,   27875,     271,     404,       0,       0,       0,       0,       0,       0,       0,       0,       0,       0,   -1888,    -590,    -140,       0,   -1249,    -922,   -1839,   -1062,     -49,    -826,  100.0,    1.6,   11.7,    1.2,   96.2,   85.6,   99.0,   98.6,    1.0,    1.4,  100.0,    1.6,   11.7,    1.2,   96.2,   85.6,   99.0,   98.6,    1.0,    1.4,    0.0,    0.0,    0.0,    0.0,    0.0,    0.0,    0.0,    0.0,    0.0,    0.0,     26,      1,      2,      1,     17,     13,     19,     15,     26,      1,      2,      1,     17,     13,     19,     15,      0,      0,      0,      0,      0,      0,      0,      0,    50.9,    52.1,    76.4,    87.8,    50.9,    52.1,    73.4,    85.4,    50.9,    52.1,    76.4,    87.8,    50.9,    52.1,    73.4,    85.4,     0.0,     0.0,     0.0,     0.0,     0.0,     0.0,     0.0,     0.0,"(1 Mw per Peak Hour)","06439S","IFED","064 "
"ERCOT-SOUTH MONTHLY OFFPEAK - ICE FUTURES ENERGY DIV",260915,2026-09-15,06439U,IFED,01,064 ,   27528,     450,    3310,     350,   26457,   23464,   27257,   27124,     271,     404,   27528,     450,    3310,     350,   26457,   23464,   27257,   27124,     271,     404,       0,       0,       0,       0,       0,       0,       0,       0,       0,       0,   -1602,    -315,     -65,     -10,   -1228,    -822,   -1553,    -897,     -49,    -705,  100.0,    1.6,   12.0,    1.3,   96.1,   85.2,   99.0,   98.5,    1.0,    1.5,  100.0,    1.6,   12.0,    1.3,   96.1,   85.2,   99.0,   98.5,    1.0,    1.5,    0.0,    0.0,    0.0,    0.0,    0.0,    0.0,    0.0,    0.0,    0.0,    0.0,     26,      1,      2,      1,     17,     13,     19,     15,     26,      1,      2,      1,     17,     13,     19,     15,      0,      0,      0,      0,      0,      0,      0,      0,    52.3,    53.5,    74.9,    87.7,    52.3,    53.5,    71.1,    84.3,    52.3,    53.5,    74.9,    87.7,    52.3,    53.5,    71.1,    84.3,     0.0,     0.0,     0.0,     0.0,     0.0,     0.0,     0.0,     0.0,"(1 MW per off-peak hour)","06439U","IFED","064 "
"ERCOT WEST 345KV RT PEAK - ICE FUTURES ENERGY DIV",260915,2026-09-15,06439V,IFED,01,064 ,   32911,     701,    3001,    1060,   30976,   28352,   32737,   32413,     174,     498,   32911,     701,    3001,    1060,   30976,   28352,   32737,   32413,     174,     498,       0,       0,       0,       0,       0,       0,       0,       0,       0,       0,    -713,      79,     -77,     -19,    -734,    -402,    -674,    -498,     -39,    -215,  100.0,    2.1,    9.1,    3.2,   94.1,   86.1,   99.5,   98.5,    0.5,    1.5,  100.0,    2.1,    9.1,    3.2,   94.1,   86.1,   99.5,   98.5,    0.5,    1.5,    0.0,    0.0,    0.0,    0.0,    0.0,    0.0,    0.0,    0.0,    0.0,    0.0,     27,      2,      3,      2,     20,     15,     24,     18,     27,      2,      3,      2,     20,     15,     24,     18,      0,      0,      0,      0,      0,      0,      0,      0,    58.9,    63.4,    75.1,    86.1,    57.6,    57.3,    68.9,    76.8,    58.9,    63.4,    75.1,    86.1,    57.6,    57.3,    68.9,    76.8,     0.0,     0.0,     0.0,     0.0,     0.0,     0.0,     0.0,     0.0,"(1 MW per peak hour)","06439V","IFED","064 "
"ERCOT WEST 345K RT OFF-PEAK - ICE FUTURES ENERGY DIV",260915,2026-09-15,06439W,IFED,01,064 ,   32835,     701,    3001,    1060,   30900,   28306,   32661,   32367,     174,     468,   32835,     701,    3001,    1060,   30900,   28306,   32661,   32367,     174,     468,       0,       0,       0,       0,       0,       0,       0,       0,       0,       0,    -712,      79,     -77,     -19,    -733,    -406,    -673,    -502,     -39,    -210,  100.0,    2.1,    9.1,    3.2,   94.1,   86.2,   99.5,   98.6,    0.5,    1.4,  100.0,    2.1,    9.1,    3.2,   94.1,   86.2,   99.5,   98.6,    0.5,    1.4,    0.0,    0.0,    0.0,    0.0,    0.0,    0.0,    0.0,    0.0,    0.0,    0.0,     27,      2,      3,      2,     20,     15,     24,     18,     27,      2,      3,      2,     20,     15,     24,     18,      0,      0,      0,      0,      0,      0,      0,      0,    58.8,    63.6,    75.0,    86.4,    57.7,    57.5,    69.0,    77.0,    58.8,    63.6,    75.0,    86.4,    57.7,    57.5,    69.0,    77.0,     0.0,     0.0,     0.0,     0.0,     0.0,     0.0,     0.0,     0.0,"(1 MW per Off-Peak Hour)","06439W","IFED","064 "
"ERCOT - NORTH MONTHLY OFF-PEAK - ICE FUTURES ENERGY DIV",260915,2026-09-15,0643A8,IFED,01,064 ,  115932,    6005,   13470,    4891,  104388,   96508,  115284,  114869,     648,    1063,  115932,    6005,   13470,    4891,  104388,   96508,  115284,  114869,     648,    1063,       0,       0,       0,       0,       0,       0,       0,       0,       0,       0,   -5587,    -790,    -959,    -195,   -2920,   -4340,   -3905,   -5494,   -1682,     -93,  100.0,    5.2,   11.6,    4.2,   90.0,   83.2,   99.4,   99.1,    0.6,    0.9,  100.0,    5.2,   11.6,    4.2,   90.0,   83.2,   99.4,   99.1,    0.6,    0.9,    0.0,    0.0,    0.0,    0.0,    0.0,    0.0,    0.0,    0.0,    0.0,    0.0,     49,      5,     11,      6,     28,     27,     37,     40,     49,      5,     11,      6,     28,     27,     37,     40,      0,      0,      0,      0,      0,      0,      0,      0,    43.7,    43.4,    70.0,    61.7,    39.6,    40.2,    61.8,    54.4,    43.7,    43.4,    70.0,    61.7,    39.6,    40.2,    61.8,    54.4,     0.0,     0.0,     0.0,     0.0,     0.0,     0.0,     0.0,     0.0,"1 Mw per Off-Peak Hour","0643A8","IFED","064 "
"MISO IN. DAY-AHEAD PEAK - ICE FUTURES ENERGY DIV",260915,2026-09-15,0643AZ,IFED,01,064 ,   21762,      50,    3073,     470,   20707,   18015,   21227,   21558,     535,     204,   21762,      50,    3073,     470,   20707,   18015,   21227,   21558,     535,     204,       0,       0,       0,       0,       0,       0,       0,       0,       0,       0,   -1551,    -145,    -508,    -204,    -719,    -794,   -1068,   -1506,    -483,     -45,  100.0,    0.2,   14.1,    2.2,   95.2,   82.8,   97.5,   99.1,    2.5,    0.9,  100.0,    0.2,   14.1,    2.2,   95.2,   82.8,   97.5,   99.1,    2.5,    0.9,    0.0,    0.0,    0.0,    0.0,    0.0,    0.0,    0.0,    0.0,    0.0,    0.0,     35,      1,      5,      2,     29,     16,     32,     21,     35,      1,      5,      2,     29,     16,     32,     21,      0,      0,      0,      0,      0,      0,      0,      0,    61.7,    74.8,    79.4,    91.5,    49.6,    62.1,    63.0,    70.7,    61.7,    74.8,    79.4,    91.5,    49.6,    62.1,    63.0,    70.7,     0.0,     0.0,     0.0,     0.0,     0.0,     0.0,     0.0,     0.0,"(1 MW per peak hour)","0643AZ","IFED","064 "
"MISO INDIANA HUB RT PEAK - ICE FUTURES ENERGY DIV",260915,2026-09-15,0643B3,IFED,01,064 ,   37853,    4012,    8558,    3088,   30110,   25510,   37210,   37156,     643,     697,   37853,    4012,    8558,    3088,   30110,   25510,   37210,   37156,     643,     697,       0,       0,       0,       0,       0,       0,       0,       0,       0,       0,   -3370,   -2157,    -526,    -485,    -584,   -1617,   -3226,   -2628,    -144,    -742,  100.0,   10.6,   22.6,    8.2,   79.5,   67.4,   98.3,   98.2,    1.7,    1.8,  100.0,   10.6,   22.6,    8.2,   79.5,   67.4,   98.3,   98.2,    1.7,    1.8,    0.0,    0.0,    0.0,    0.0,    0.0,    0.0,    0.0,    0.0,    0.0,    0.0,     34,      5,      3,      1,     19,     23,     25,     26,     34,      5,      3,      1,     19,     23,     25,     26,      0,      0,      0,      0,      0,      0,      0,      0,    54.0,    55.2,    78.2,    76.4,    43.4,    45.2,    56.9,    60.5,    54.0,    55.2,    78.2,    76.4,    43.4,    45.2,    56.9,    60.5,     0.0,     0.0,     0.0,     0.0,     0.0,     0.0,     0.0,     0.0,"(Contracts of 800 MWh)","0643B3","IFED","064 "
"PJM N. IL HUB DA OFF-PK - ICE FUTURES ENERGY DIV",260915,2026-09-15,0643BC,IFED,01,064 ,   22582,    2910,    1051,     563,   18622,   20419,   22095,   22033,     487,     549,   22582,    2910,    1051,     563,   18622,   20419,   22095,   22033,     487,     549,       0,       0,       0,       0,       0,       0,       0,       0,       0,       0,     495,      50,     -83,      83,     360,     555,     493,     555,       2,     -60,  100.0,   12.9,    4.7,    2.5,   82.5,   90.4,   97.8,   97.6,    2.2,    2.4,  100.0,   12.9,    4.7,    2.5,   82.5,   90.4,   97.8,   97.6,    2.2,    2.4,    0.0,    0.0,    0.0,    0.0,    0.0,    0.0,    0.0,    0.0,    0.0,    0.0,     34,      2,      5,      2,     19,     18,     23,     23,     34,      2,      5,      2,     19,     18,     23,     23,      0,      0,      0,      0,      0,      0,      0,      0,    50.3,    70.0,    74.8,    85.8,    50.3,    68.2,    72.3,    81.0,    50.3,    70.0,    74.8,    85.8,    50.3,    68.2,    72.3,    81.0,     0.0,     0.0,     0.0,     0.0,     0.0,     0.0,     0.0,     0.0,"(1 MW per off-peak hour)","0643BC","IFED","064 "
"PJM N. IL HUB DA PEAK - ICE FUTURES ENERGY DIV",260915,2026-09-15,0643BE,IFED,01,064 ,   21926,    2850,     579,     374,   18286,   20505,   21510,   21458,     416,     468,   21926,    2850,     579,     374,   18286,   20505,   21510,   21458,     416,     468,       0,       0,       0,       0,       0,       0,       0,       0,       0,       0,     507,      50,     -91,      94,     360,     508,     504,     511,       3,      -4,  100.0,   13.0,    2.6,    1.7,   83.4,   93.5,   98.1,   97.9,    1.9,    2.1,  100.0,   13.0,    2.6,    1.7,   83.4,   93.5,   98.1,   97.9,    1.9,    2.1,    0.0,    0.0,    0.0,    0.0,    0.0,    0.0,    0.0,    0.0,    0.0,    0.0,     36,      2,      5,      3,     24,     18,     28,     24,     36,      2,      5,      3,     24,     18,     28,     24,      0,      0,      0,      0,      0,      0,      0,      0,    49.4,    69.5,    71.4,    84.3,    48.8,    67.5,    70.5,    79.1,    49.4,    69.5,    71.4,    84.3,    48.8,    67.5,    70.5,    79.1,     0.0,     0.0,     0.0,     0.0,     0.0,     0.0,     0.0,     0.0,"(1 MW per peak hour)","0643BE","IFED","064 "
"ISO NE MASS HUB DA OFF-PK FIXD - ICE FUTURES ENERGY DIV",260915,2026-09-15,0643BF,IFED,01,064 ,   61667,    7571,    5473,    1442,   52254,   54571,   61267,   61486,     400,     181,   61667,    7571,    5473,    1442,   52254,   54571,   61267,   61486,     400,     181,       0,       0,       0,       0,       0,       0,       0,       0,       0,       0,    1004,     475,   -1375,    -118,     654,    2517,    1011,    1024,      -7,     -20,  100.0,   12.3,    8.9,    2.3,   84.7,   88.5,   99.4,   99.7,    0.6,    0.3,  100.0,   12.3,    8.9,    2.3,   84.7,   88.5,   99.4,   99.7,    0.6,    0.3,    0.0,    0.0,    0.0,    0.0,    0.0,    0.0,    0.0,    0.0,    0.0,    0.0,     50,      8,      9,      9,     27,     23,     39,     37,     50,      8,      9,      9,     27,     23,     39,     37,      0,      0,      0,      0,      0,      0,      0,      0,    43.9,    66.7,    66.5,    80.9,    43.2,    65.0,    65.7,    76.9,    43.9,    66.7,    66.5,    80.9,    43.2,    65.0,    65.7,    76.9,     0.0,     0.0,     0.0,     0.0,     0.0,     0.0,     0.0,     0.0,"(1 MW per Hour for about 368 Hours)","0643BF","IFED","064 "
"ISO NE MASS HUB DA PEAK - ICE FUTURES ENERGY DIV",260915,2026-09-15,0643BG,IFED,01,064 ,   86959,    7018,   13183,    6993,   72385,   66453,   86396,   86629,     563,     330,   86959,    7018,   13183,    6993,   72385,   66453,   86396,   86629,     563,     330,       0,       0,       0,       0,       0,       0,       0,       0,       0,       0,    1992,   -1431,   -1823,    1780,    1586,    2024,    1935,    1981,      57,      11,  100.0,    8.1,   15.2,    8.0,   83.2,   76.4,   99.4,   99.6,    0.6,    0.4,  100.0,    8.1,   15.2,    8.0,   83.2,   76.4,   99.4,   99.6,    0.6,    0.4,    0.0,    0.0,    0.0,    0.0,    0.0,    0.0,    0.0,    0.0,    0.0,    0.0,     66,     10,     19,     14,     29,     25,     47,     50,     66,     10,     19,     14,     29,     25,     47,     50,      0,      0,      0,      0,      0,      0,      0,      0,    46.9,    58.4,    66.2,    73.9,    46.8,    55.2,    62.9,    67.9,    46.9,    58.4,    66.2,    73.9,    46.8,    55.2,    62.9,    67.9,     0.0,     0.0,     0.0,     0.0,     0.0,     0.0,     0.0,     0.0,"(Contracts of 800MWh)","0643BG","IFED","064 "
"CAISO NP-15 PEAK - ICE FUTURES ENERGY DIV",260915,2026-09-15,0643BM,IFED,01,064 ,   44460,    2551,    9214,    4009,   37698,   31150,   44258,   44373,     202,      87,   44460,    2551,    9214,    4009,   37698,   31150,   44258,   44373,     202,      87,       0,       0,       0,       0,       0,       0,       0,       0,       0,       0,     345,    -278,    -144,     334,     272,     121,     328,     311,      17,      34,  100.0,    5.7,   20.7,    9.0,   84.8,   70.1,   99.5,   99.8,    0.5,    0.2,  100.0,    5.7,   20.7,    9.0,   84.8,   70.1,   99.5,   99.8,    0.5,    0.2,    0.0,    0.0,    0.0,    0.0,    0.0,    0.0,    0.0,    0.0,    0.0,    0.0,     44,      7,      5,      6,     28,     17,     39,     24,     44,      7,      5,      6,     28,     17,     39,     24,      0,      0,      0,      0,      0,      0,      0,      0,    48.8,    69.0,    71.4,    87.2,    48.7,    66.8,    64.8,    76.9,    48.8,    69.0,    71.4,    87.2,    48.7,    66.8,    64.8,    76.9,     0.0,     0.0,     0.0,     0.0,     0.0,     0.0,     0.0,     0.0,"(Contracts of 400MWh)","0643BM","IFED","064 "
"CAISO NP-15 DA OFF-PK FIXED - ICE FUTURES ENERGY DIV",260915,2026-09-15,0643BR,IFED,01,064 ,   47014,    7604,   14070,    1443,   37704,   31421,   46751,   46934,     263,      80,   47014,    7604,   14070,    1443,   37704,   31421,   46751,   46934,     263,      80,       0,       0,       0,       0,       0,       0,       0,       0,       0,       0,    1217,     408,     738,      25,     784,     454,    1217,    1217,       0,       0,  100.0,   16.2,   29.9,    3.1,   80.2,   66.8,   99.4,   99.8,    0.6,    0.2,  100.0,   16.2,   29.9,    3.1,   80.2,   66.8,   99.4,   99.8,    0.6,    0.2,    0.0,    0.0,    0.0,    0.0,    0.0,    0.0,    0.0,    0.0,    0.0,    0.0,     36,      6,      3,      5,     22,     17,     30,     23,     36,      6,      3,      5,     22,     17,     30,     23,      0,      0,      0,      0,      0,      0,      0,      0,    55.0,    83.2,    75.4,    93.7,    54.6,    81.2,    72.4,    89.2,    55.0,    83.2,    75.4,    93.7,    54.6,    81.2,    72.4,    89.2,     0.0,     0.0,     0.0,     0.0,     0.0,     0.0,     0.0,     0.0,"(1 MW per Hour for about 386 Hours)","0643BR","IFED","064 "
"PJM NI HUB RT OFF-PK FIXED - ICE FUTURES ENERGY DIV",260915,2026-09-15,0643BS,IFED,01,064 ,   83805,   55645,       0,    4222,   23175,   78863,   83042,   83085,     763,     720,   83805,   55645,       0,    4222,   23175,   78863,   83042,   83085,     763,     720,       0,       0,       0,       0,       0,       0,       0,       0,       0,       0,    -779,   -2233,       0,     443,     986,   -1172,    -804,    -729,      25,     -50,  100.0,   66.4,    0.0,    5.0,   27.7,   94.1,   99.1,   99.1,    0.9,    0.9,  100.0,   66.4,    0.0,    5.0,   27.7,   94.1,   99.1,   99.1,    0.9,    0.9,    0.0,    0.0,    0.0,    0.0,    0.0,    0.0,    0.0,    0.0,    0.0,    0.0,     34,      6,      0,      3,     22,     22,     29,     25,     34,      6,      0,      3,     22,     22,     29,     25,      0,      0,      0,      0,      0,      0,      0,      0,    76.1,    74.7,    88.1,    84.5,    71.4,    73.9,    80.4,    80.0,    76.1,    74.7,    88.1,    84.5,    71.4,    73.9,    80.4,    80.0,     0.0,     0.0,     0.0,     0.0,     0.0,     0.0,     0.0,     0.0,"(1 MW per Hour for about 386 Hours)","0643BS","IFED","064 "
"PJM N. IL HUB RT PEAK - ICE FUTURES ENERGY DIV",260915,2026-09-15,0643BT,IFED,01,064 ,   64937,   24076,       0,     839,   39177,   63857,   64092,   64696,     845,     241,   64937,   24076,       0,     839,   39177,   63857,   64092,   64696,     845,     241,       0,       0,       0,       0,       0,       0,       0,       0,       0,       0,     562,      63,       0,       5,     410,     571,     478,     576,      84,     -14,  100.0,   37.1,    0.0,    1.3,   60.3,   98.3,   98.7,   99.6,    1.3,    0.4,  100.0,   37.1,    0.0,    1.3,   60.3,   98.3,   98.7,   99.6,    1.3,    0.4,    0.0,    0.0,    0.0,    0.0,    0.0,    0.0,    0.0,    0.0,    0.0,    0.0,     33,      6,      0,      3,     26,     23,     32,     26,     33,      6,      0,      3,     26,     23,     32,     26,      0,      0,      0,      0,      0,      0,      0,      0,    62.1,    70.1,    79.4,    85.7,    56.0,    67.9,    71.1,    74.9,    62.1,    70.1,    79.4,    85.7,    56.0,    67.9,    71.1,    74.9,     0.0,     0.0,     0.0,     0.0,     0.0,     0.0,     0.0,     0.0,"(Contracts of 800 MWh)","0643BT","IFED","064 "
"NYISO ZONE J DA PEAK - ICE FUTURES ENERGY DIV",260915,2026-09-15,0643BW,IFED,01,064 ,   10206,    2727,    1636,      45,    7045,    8361,    9817,   10042,     389,     164,   10206,    2727,    1636,      45,    7045,    8361,    9817,   10042,     389,     164,       0,       0,       0,       0,       0,       0,       0,       0,       0,       0,     203,       0,       0,       0,     203,     203,     203,     203,       0,       0,  100.0,   26.7,   16.0,    0.4,   69.0,   81.9,   96.2,   98.4,    3.8,    1.6,  100.0,   26.7,   16.0,    0.4,   69.0,   81.9,   96.2,   98.4,    3.8,    1.6,    0.0,    0.0,    0.0,    0.0,    0.0,    0.0,    0.0,    0.0,    0.0,    0.0,     24,      3,      2,      2,     15,     12,     20,     14,     24,      3,      2,      2,     15,     12,     20,     14,      0,      0,      0,      0,      0,      0,      0,      0,    51.5,    63.7,    74.5,    86.1,    50.0,    60.7,    69.8,    79.4,    51.5,    63.7,    74.5,    86.1,    50.0,    60.7,    69.8,    79.4,     0.0,     0.0,     0.0,     0.0,     0.0,     0.0,     0.0,     0.0,"(Contracts of 800MWh)","0643BW","IFED","064 "
"NYISO ZONE J DA OFF-PK FIXED - ICE FUTURES ENERGY DIV",260915,2026-09-15,0643BX,IFED,01,064 ,    8626,    2525,    1270,      15,    5539,    7191,    8079,    8476,     547,     150,    8626,    2525,    1270,      15,    5539,    7191,    8079,    8476,     547,     150,       0,       0,       0,       0,       0,       0,       0,       0,       0,       0,     270,       0,       0,       0,     390,     330,     390,     330,    -120,     -60,  100.0,   29.3,   14.7,    0.2,   64.2,   83.4,   93.7,   98.3,    6.3,    1.7,  100.0,   29.3,   14.7,    0.2,   64.2,   83.4,   93.7,   98.3,    6.3,    1.7,    0.0,    0.0,    0.0,    0.0,    0.0,    0.0,    0.0,    0.0,    0.0,    0.0,     21,      3,      1,      2,     13,     12,     17,     14,     21,      3,      1,      2,     13,     12,     17,     14,      0,      0,      0,      0,      0,      0,      0,      0,    54.6,    63.9,    77.2,    86.4,    54.6,    60.4,    73.2,    81.2,    54.6,    63.9,    77.2,    86.4,    54.6,    60.4,    73.2,    81.2,     0.0,     0.0,     0.0,     0.0,     0.0,     0.0,     0.0,     0.0,"(1 MW for about 368 Hours)","0643BX","IFED","064 "
"NYISO ZONE A DA PEAK - ICE FUTURES ENERGY DIV",260915,2026-09-15,0643BY,IFED,01,064 ,   33076,     458,    2021,     838,   30940,   29370,   32236,   32229,     840,     847,   33076,     458,    2021,     838,   30940,   29370,   32236,   32229,     840,     847,       0,       0,       0,       0,       0,       0,       0,       0,       0,       0,     825,     -60,     277,      44,     830,     475,     814,     796,      11,      29,  100.0,    1.4,    6.1,    2.5,   93.5,   88.8,   97.5,   97.4,    2.5,    2.6,  100.0,    1.4,    6.1,    2.5,   93.5,   88.8,   97.5,   97.4,    2.5,    2.6,    0.0,    0.0,    0.0,    0.0,    0.0,    0.0,    0.0,    0.0,    0.0,    0.0,     36,      3,      5,      4,     23,     22,     30,     27,     36,      3,      5,      4,     23,     22,     30,     27,      0,      0,      0,      0,      0,      0,      0,      0,    67.8,    66.7,    81.6,    82.6,    66.3,    60.1,    74.2,    72.3,    67.8,    66.7,    81.6,    82.6,    66.3,    60.1,    74.2,    72.3,     0.0,     0.0,     0.0,     0.0,     0.0,     0.0,     0.0,     0.0,"(Contracts of 800MWh)","0643BY","IFED","064 "
"NYISO ZONE A DA OFF-PK FIX PR - ICE FUTURES ENERGY DIV",260915,2026-09-15,0643BZ,IFED,01,064 ,   33537,    1749,    1064,    1009,   29984,   31176,   32742,   33249,     795,     288,   33537,    1749,    1064,    1009,   29984,   31176,   32742,   33249,     795,     288,       0,       0,       0,       0,       0,       0,       0,       0,       0,       0,     923,    -195,      50,     145,     970,     713,     920,     908,       3,      15,  100.0,    5.2,    3.2,    3.0,   89.4,   93.0,   97.6,   99.1,    2.4,    0.9,  100.0,    5.2,    3.2,    3.0,   89.4,   93.0,   97.6,   99.1,    2.4,    0.9,    0.0,    0.0,    0.0,    0.0,    0.0,    0.0,    0.0,    0.0,    0.0,    0.0,     36,      4,      3,      3,     23,     19,     28,     24,     36,      4,      3,      3,     23,     19,     28,     24,      0,      0,      0,      0,      0,      0,      0,      0,    65.3,    68.6,    77.8,    83.1,    60.2,    66.2,    68.3,    73.0,    65.3,    68.6,    77.8,    83.1,    60.2,    66.2,    68.3,    73.0,     0.0,     0.0,     0.0,     0.0,     0.0,     0.0,     0.0,     0.0,"(1MW for about 368 Hours)","0643BZ","IFED","064 "
"NYISO ZONE G DA PEAK - ICE FUTURES ENERGY DIV",260915,2026-09-15,0643C3,IFED,01,064 ,   24001,     787,    4959,    1194,   21348,   17697,   23329,   23850,     672,     151,   24001,     787,    4959,    1194,   21348,   17697,   23329,   23850,     672,     151,       0,       0,       0,       0,       0,       0,       0,       0,       0,       0,     407,     -46,     613,    -225,     564,      34,     293,     422,     114,     -15,  100.0,    3.3,   20.7,    5.0,   88.9,   73.7,   97.2,   99.4,    2.8,    0.6,  100.0,    3.3,   20.7,    5.0,   88.9,   73.7,   97.2,   99.4,    2.8,    0.6,    0.0,    0.0,    0.0,    0.0,    0.0,    0.0,    0.0,    0.0,    0.0,    0.0,     46,      6,     10,      6,     25,     23,     34,     36,     46,      6,     10,      6,     25,     23,     34,     36,      0,      0,      0,      0,      0,      0,      0,      0,    47.1,    49.5,    67.8,    67.4,    45.0,    44.7,    59.7,    59.5,    47.1,    49.5,    67.8,    67.4,    45.0,    44.7,    59.7,    59.5,     0.0,     0.0,     0.0,     0.0,     0.0,     0.0,     0.0,     0.0,"(Contracts of 800MWh)","0643C3","IFED","064 "
"NYISO ZONE G DA OFF-PK - ICE FUTURES ENERGY DIV",260915,2026-09-15,0643C4,IFED,01,064 ,   21171,     120,    4429,     898,   19401,   15335,   20419,   20662,     752,     509,   21171,     120,    4429,     898,   19401,   15335,   20419,   20662,     752,     509,       0,       0,       0,       0,       0,       0,       0,       0,       0,       0,     530,       0,     737,    -280,     673,      53,     393,     510,     137,      20,  100.0,    0.6,   20.9,    4.2,   91.6,   72.4,   96.4,   97.6,    3.6,    2.4,  100.0,    0.6,   20.9,    4.2,   91.6,   72.4,   96.4,   97.6,    3.6,    2.4,    0.0,    0.0,    0.0,    0.0,    0.0,    0.0,    0.0,    0.0,    0.0,    0.0,     37,      1,      9,      3,     22,     21,     26,     30,     37,      1,      9,      3,     22,     21,     26,     30,      0,      0,      0,      0,      0,      0,      0,      0,    46.7,    51.1,    67.1,    68.4,    44.9,    44.3,    60.3,    58.0,    46.7,    51.1,    67.1,    68.4,    44.9,    44.3,    60.3,    58.0,     0.0,     0.0,     0.0,     0.0,     0.0,     0.0,     0.0,     0.0,"(1MW for about 368 Hours)","0643C4","IFED","064 "
"PALO VERDE DA PEAK - ICE FUTURES ENERGY DIV",260915,2026-09-15,0643CB,IFED,01,064 ,   22979,     940,     227,    1169,   20773,   21525,   22882,   22921,      97,      58,   22979,     940,     227,    1169,   20773,   21525,   22882,   22921,      97,      58,       0,       0,       0,       0,       0,       0,       0,       0,       0,       0,     145,     256,       0,      24,    -133,     145,     147,     169,      -2,     -24,  100.0,    4.1,    1.0,    5.1,   90.4,   93.7,   99.6,   99.7,    0.4,    0.3,  100.0,    4.1,    1.0,    5.1,   90.4,   93.7,   99.6,   99.7,    0.4,    0.3,    0.0,    0.0,    0.0,    0.0,    0.0,    0.0,    0.0,    0.0,    0.0,    0.0,     38,      5,      3,      4,     24,     21,     31,     26,     38,      5,      3,      4,     24,     21,     31,     26,      0,      0,      0,      0,      0,      0,      0,      0,    52.0,    62.7,    71.3,    79.9,    38.5,    48.2,    51.9,    59.7,    52.0,    62.7,    71.3,    79.9,    38.5,    48.2,    51.9,    59.7,     0.0,     0.0,     0.0,     0.0,     0.0,     0.0,     0.0,     0.0,"(Contracts of 400MWh)","0643CB","IFED","064 "
"PALO VERDE DA OFF-PK FiXED PR - ICE FUTURES ENERGY DIV",260915,2026-09-15,0643CC,IFED,01,064 ,   18479,    4306,     487,    1325,   12739,   16430,   18370,   18242,     109,     237,   18479,    4306,     487,    1325,   12739,   16430,   18370,   18242,     109,     237,       0,       0,       0,       0,       0,       0,       0,       0,       0,       0,     370,     125,     135,       0,     245,     220,     370,     355,       0,      15,  100.0,   23.3,    2.6,    7.2,   68.9,   88.9,   99.4,   98.7,    0.6,    1.3,  100.0,   23.3,    2.6,    7.2,   68.9,   88.9,   99.4,   98.7,    0.6,    1.3,    0.0,    0.0,    0.0,    0.0,    0.0,    0.0,    0.0,    0.0,    0.0,    0.0,     35,      3,      4,      4,     20,     23,     25,     29,     35,      3,      4,      4,     20,     23,     25,     29,      0,      0,      0,      0,      0,      0,      0,      0,    64.0,    55.1,    81.6,    70.0,    57.7,    51.5,    71.8,    64.4,    64.0,    55.1,    81.6,    70.0,    57.7,    51.5,    71.8,    64.4,     0.0,     0.0,     0.0,     0.0,     0.0,     0.0,     0.0,     0.0,"(1 MW for about 368 Hours)","0643CC","IFED","064 "
"PJM WESTERN HUB DA OFF-PK - ICE FUTURES ENERGY DIV",260915,2026-09-15,0643DB,IFED,01,064 ,  117257,   17686,    5517,    2668,   96238,  108249,  116592,  116434,     665,     823,  117257,   17686,    5517,    2668,   96238,  108249,  116592,  116434,     665,     823,       0,       0,       0,       0,       0,       0,       0,       0,       0,       0,     834,     877,    -179,      -4,     -72,    1151,     801,     968,      33,    -134,  100.0,   15.1,    4.7,    2.3,   82.1,   92.3,   99.4,   99.3,    0.6,    0.7,  100.0,   15.1,    4.7,    2.3,   82.1,   92.3,   99.4,   99.3,    0.6,    0.7,    0.0,    0.0,    0.0,    0.0,    0.0,    0.0,    0.0,    0.0,    0.0,    0.0,     66,     12,     10,      4,     42,     32,     56,     44,     66,     12,     10,      4,     42,     32,     56,     44,      0,      0,      0,      0,      0,      0,      0,      0,    41.7,    66.1,    60.5,    81.4,    36.9,    65.5,    55.4,    74.6,    41.7,    66.1,    60.5,    81.4,    36.9,    65.5,    55.4,    74.6,     0.0,     0.0,     0.0,     0.0,     0.0,     0.0,     0.0,     0.0,"(1 MW per off-peak hour)","0643DB","IFED","064 "
"PJM WESTERN HUB DA PEAK - ICE FUTURES ENERGY DIV",260915,2026-09-15,0643DC,IFED,01,064 ,  124798,   20780,    8299,    3354,  100262,  112459,  124396,  124112,     402,     686,  124798,   20780,    8299,    3354,  100262,  112459,  124396,  124112,     402,     686,       0,       0,       0,       0,       0,       0,       0,       0,       0,       0,     715,     100,    -201,     277,     301,     652,     678,     728,      37,     -13,  100.0,   16.7,    6.6,    2.7,   80.3,   90.1,   99.7,   99.5,    0.3,    0.5,  100.0,   16.7,    6.6,    2.7,   80.3,   90.1,   99.7,   99.5,    0.3,    0.5,    0.0,    0.0,    0.0,    0.0,    0.0,    0.0,    0.0,    0.0,    0.0,    0.0,     77,     19,     11,      5,     40,     33,     61,     47,     77,     19,     11,      5,     40,     33,     61,     47,      0,      0,      0,      0,      0,      0,      0,      0,    38.2,    65.8,    57.7,    80.1,    35.0,    64.7,    54.0,    74.8,    38.2,    65.8,    57.7,    80.1,    35.0,    64.7,    54.0,    74.8,     0.0,     0.0,     0.0,     0.0,     0.0,     0.0,     0.0,     0.0,"(Contracts of about 352 MWh)","0643DC","IFED","064 "
"PJM WESTERN HUB RT PEAK MINI - ICE FUTURES ENERGY DIV",260915,2026-09-15,0643DF,IFED,01,064 ,  381804,   89160,   93206,   66971,  224174,  220283,  380305,  380460,    1499,    1344,  381804,   89160,   93206,   66971,  224174,  220283,  380305,  380460,    1499,    1344,       0,       0,       0,       0,       0,       0,       0,       0,       0,       0,    3633,    2870,     568,    -580,    1173,    3369,    3463,    3357,     170,     276,  100.0,   23.4,   24.4,   17.5,   58.7,   57.7,   99.6,   99.6,    0.4,    0.4,  100.0,   23.4,   24.4,   17.5,   58.7,   57.7,   99.6,   99.6,    0.4,    0.4,    0.0,    0.0,    0.0,    0.0,    0.0,    0.0,    0.0,    0.0,    0.0,    0.0,    128,     50,     22,     40,     52,     48,    119,     93,    128,     50,     22,     40,     52,     48,    119,     93,      0,      0,      0,      0,      0,      0,      0,      0,    21.2,    34.7,    36.3,    51.5,    19.3,    30.2,    30.0,    43.8,    21.2,    34.7,    36.3,    51.5,    19.3,    30.2,    30.0,    43.8,     0.0,     0.0,     0.0,     0.0,     0.0,     0.0,     0.0,     0.0,"(1 MW per peak hour)","0643DF","IFED","064 "
"MISO ARKANSAS DA PEAK FIXED - ICE FUTURES ENERGY DIV",260915,2026-09-15,0643F9,IFED,01,064 ,    6944,     300,     160,      50,    6566,    6734,    6916,    6944,      28,       0,    6944,     300,     160,      50,    6566,    6734,    6916,    6944,      28,       0,       0,       0,       0,       0,       0,       0,       0,       0,       0,       0,.,.,.,.,.,.,.,.,.,.,  100.0,    4.3,    2.3,    0.7,   94.6,   97.0,   99.6,  100.0,    0.4,    0.0,  100.0,    4.3,    2.3,    0.7,   94.6,   97.0,   99.6,  100.0,    0.4,    0.0,    0.0,    0.0,    0.0,    0.0,    0.0,    0.0,    0.0,    0.0,    0.0,    0.0,     20,      2,      2,      1,     12,     11,     14,     14,     20,      2,      2,      1,     12,     11,     14,     14,      0,      0,      0,      0,      0,      0,      0,      0,    76.5,    86.4,    91.0,    95.4,    72.1,    78.2,    80.5,    82.8,    76.5,    86.4,    91.0,    95.4,    72.1,    78.2,    80.5,    82.8,     0.0,     0.0,     0.0,     0.0,     0.0,     0.0,     0.0,     0.0,"1 MW","0643F9","IFED","064 "
"PJM WEST HUB REAL TIME PK MINI - ICE FUTURES ENERGY DIV",260915,2026-09-15,0643IA,IFED,01,064 ,    4095,    2156,    1580,     780,     610,    1380,    3546,    3740,     549,     355,    4095,    2156,    1580,     780,     610,    1380,    3546,    3740,     549,     355,       0,       0,       0,       0,       0,       0,       0,       0,       0,       0,    -735,    1241,      60,    -520,   -1545,    -280,    -824,    -740,      89,       5,  100.0,   52.6,   38.6,   19.0,   14.9,   33.7,   86.6,   91.3,   13.4,    8.7,  100.0,   52.6,   38.6,   19.0,   14.9,   33.7,   86.6,   91.3,   13.4,    8.7,    0.0,    0.0,    0.0,    0.0,    0.0,    0.0,    0.0,    0.0,    0.0,    0.0,     24,      7,      7,      5,      6,      6,     15,     16,     24,      7,      7,      5,      6,      6,     15,     16,      0,      0,      0,      0,      0,      0,      0,      0,    65.6,    49.3,    80.3,    74.5,    47.3,    42.0,    60.2,    60.9,    65.6,    49.3,    80.3,    74.5,    47.3,    42.0,    60.2,    60.9,     0.0,     0.0,     0.0,     0.0,     0.0,     0.0,     0.0,     0.0,"16 MWh","0643IA","IFED","064 "
"ERCOT N 345KV REAL T PK DALY M - ICE FUTURES ENERGY DIV",260915,2026-09-15,0643IB,IFED,01,064 ,   12623,    3115,    3795,    1888,    6925,    6050,   11928,   11733,     695,     890,   12623,    3115,    3795,    1888,    6925,    6050,   11928,   11733,     695,     890,       0,       0,       0,       0,       0,       0,       0,       0,       0,       0,   -3837,   -1565,    -605,   -1352,   -1040,   -1925,   -3957,   -3882,     120,      45,  100.0,   24.7,   30.1,   15.0,   54.9,   47.9,   94.5,   92.9,    5.5,    7.1,  100.0,   24.7,   30.1,   15.0,   54.9,   47.9,   94.5,   92.9,    5.5,    7.1,    0.0,    0.0,    0.0,    0.0,    0.0,    0.0,    0.0,    0.0,    0.0,    0.0,     50,      6,     15,      9,     22,     21,     34,     39,     50,      6,     15,      9,     22,     21,     34,     39,      0,      0,      0,      0,      0,      0,      0,      0,    44.3,    27.3,    64.8,    44.6,    35.1,    26.7,    53.7,    40.4,    44.3,    27.3,    64.8,    44.6,    35.1,    26.7,    53.7,    40.4,     0.0,     0.0,     0.0,     0.0,     0.0,     0.0,     0.0,     0.0,"(240 MW = 15 Hours X 16 MWh)","0643IB","IFED","064 "
"ERCOT N 345KV REAL T PK 2x16 - ICE FUTURES ENERGY DIV",260915,2026-09-15,0643ID,IFED,01,064 ,  132841,   18724,   11615,    2148,  111533,  118627,  132405,  132390,     436,     451,  132841,   18724,   11615,    2148,  111533,  118627,  132405,  132390,     436,     451,       0,       0,       0,       0,       0,       0,       0,       0,       0,       0,   -3926,     168,   -1715,    -798,    -966,     735,   -1596,   -1778,   -2330,   -2148,  100.0,   14.1,    8.7,    1.6,   84.0,   89.3,   99.7,   99.7,    0.3,    0.3,  100.0,   14.1,    8.7,    1.6,   84.0,   89.3,   99.7,   99.7,    0.3,    0.3,    0.0,    0.0,    0.0,    0.0,    0.0,    0.0,    0.0,    0.0,    0.0,    0.0,     64,     11,      9,     13,     39,     33,     55,     51,     64,     11,      9,     13,     39,     33,     55,     51,      0,      0,      0,      0,      0,      0,      0,      0,    44.1,    36.4,    64.6,    61.4,    38.1,    27.5,    54.6,    45.2,    44.1,    36.4,    64.6,    61.4,    38.1,    27.5,    54.6,    45.2,     0.0,     0.0,     0.0,     0.0,     0.0,     0.0,     0.0,     0.0,"(1MW for about 352 Hours)","0643ID","IFED","064 "
"ERCOT North 345KV Hub RT 7x8 - ICE FUTURES ENERGY DIV",260915,2026-09-15,0643IK,IFED,01,064 ,  264896,  134630,    4574,   15384,  114017,  244655,  264031,  264613,     865,     283,  264896,  134630,    4574,   15384,  114017,  244655,  264031,  264613,     865,     283,       0,       0,       0,       0,       0,       0,       0,       0,       0,       0,   -9780,   -3824,    -751,   -1985,   -1324,   -6648,   -7133,   -9384,   -2647,    -396,  100.0,   50.8,    1.7,    5.8,   43.0,   92.4,   99.7,   99.9,    0.3,    0.1,  100.0,   50.8,    1.7,    5.8,   43.0,   92.4,   99.7,   99.9,    0.3,    0.1,    0.0,    0.0,    0.0,    0.0,    0.0,    0.0,    0.0,    0.0,    0.0,    0.0,     65,     17,      8,     16,     31,     34,     54,     52,     65,     17,      8,     16,     31,     34,     54,     52,      0,      0,      0,      0,      0,      0,      0,      0,    58.6,    50.5,    71.7,    70.5,    52.9,    48.3,    61.2,    62.9,    58.6,    50.5,    71.7,    70.5,    52.9,    48.3,    61.2,    62.9,     0.0,     0.0,     0.0,     0.0,     0.0,     0.0,     0.0,     0.0,"(1MW for about 352 Hours)","0643IK","IFED","064 "
"ERCOT Houston 345KV Hub RT 7x8 - ICE FUTURES ENERGY DIV",260915,2026-09-15,0643IL,IFED,01,064 ,   14695,     100,       0,       0,   14595,   14575,   14695,   14575,       0,     120,   14695,     100,       0,       0,   14595,   14575,   14695,   14575,       0,     120,       0,       0,       0,       0,       0,       0,       0,       0,       0,       0,    -675,     -25,       0,       0,    -625,    -525,    -650,    -525,     -25,    -150,  100.0,    0.7,    0.0,    0.0,   99.3,   99.2,  100.0,   99.2,    0.0,    0.8,  100.0,    0.7,    0.0,    0.0,   99.3,   99.2,  100.0,   99.2,    0.0,    0.8,    0.0,    0.0,    0.0,    0.0,    0.0,    0.0,    0.0,    0.0,    0.0,    0.0,     21,      1,      0,      0,     13,     10,     14,     10,     21,      1,      0,      0,     13,     10,     14,     10,      0,      0,      0,      0,      0,      0,      0,      0,    81.0,    57.7,    95.8,    92.2,    76.9,    57.7,    91.7,    91.8,    81.0,    57.7,    95.8,    92.2,    76.9,    57.7,    91.7,    91.8,     0.0,     0.0,     0.0,     0.0,     0.0,     0.0,     0.0,     0.0,"(1MW for about 352 Hours)","0643IL","IFED","064 "
"ISONE.H.INTERNAL_HUB_mo_on_dap - NODAL EXCHANGE",260915,2026-09-15,064AAA,NODX,01,064 ,   80112,   12593,    1925,     385,   56420,   67000,   69398,   69310,   10714,   10802,   80112,   12593,    1925,     385,   56420,   67000,   69398,   69310,   10714,   10802,       0,       0,       0,       0,       0,       0,       0,       0,       0,       0,     817,       0,       0,       0,     724,     724,     724,     724,      93,      93,  100.0,   15.7,    2.4,    0.5,   70.4,   83.6,   86.6,   86.5,   13.4,   13.5,  100.0,   15.7,    2.4,    0.5,   70.4,   83.6,   86.6,   86.5,   13.4,   13.5,    0.0,    0.0,    0.0,    0.0,    0.0,    0.0,    0.0,    0.0,    0.0,    0.0,     32,      3,      3,      2,     21,     23,     26,     26,     32,      3,      3,      2,     21,     23,     26,     26,      0,      0,      0,      0,      0,      0,      0,      0,    66.1,    49.6,    77.9,    64.9,    64.4,    43.6,    70.7,    56.1,    66.1,    49.6,    77.9,    64.9,    64.4,    43.6,    70.7,    56.1,     0.0,     0.0,     0.0,     0.0,     0.0,     0.0,     0.0,     0.0,"(Contracts of 400 MWh)","064AAA","NODX","064 "
"ISONE.H.INTERNAL_HB_mo_off_dap - NODAL EXCHANGE",260915,2026-09-15,064AAB,NODX,01,064 ,   75311,   12286,    2538,     290,   53452,   62903,   66028,   65731,    9283,    9580,   75311,   12286,    2538,     290,   53452,   62903,   66028,   65731,    9283,    9580,       0,       0,       0,       0,       0,       0,       0,       0,       0,       0,     660,       0,       0,       0,     660,     660,     660,     660,       0,       0,  100.0,   16.3,    3.4,    0.4,   71.0,   83.5,   87.7,   87.3,   12.3,   12.7,  100.0,   16.3,    3.4,    0.4,   71.0,   83.5,   87.7,   87.3,   12.3,   12.7,    0.0,    0.0,    0.0,    0.0,    0.0,    0.0,    0.0,    0.0,    0.0,    0.0,     32,      3,      3,      2,     21,     23,     26,     26,     32,      3,      3,      2,     21,     23,     26,     26,      0,      0,      0,      0,      0,      0,      0,      0,    65.5,    46.8,    78.4,    62.6,    63.2,    44.2,    71.0,    54.2,    65.5,    46.8,    78.4,    62.6,    63.2,    44.2,    71.0,    54.2,     0.0,     0.0,     0.0,     0.0,     0.0,     0.0,     0.0,     0.0,"(Contracts of 400 MWh)","064AAB","NODX","064 "
"MISO.INDIANA.HUB_month_on_dap - NODAL EXCHANGE",260915,2026-09-15,064BFI,NODX,01,064 ,   20352,     100,    1178,    1035,   16207,   15052,   17342,   17265,    3010,    3087,   20352,     100,    1178,    1035,   16207,   15052,   17342,   17265,    3010,    3087,       0,       0,       0,       0,       0,       0,       0,       0,       0,       0,    -545,     -25,    -205,       0,    -565,    -100,    -590,    -305,      45,    -240,  100.0,    0.5,    5.8,    5.1,   79.6,   74.0,   85.2,   84.8,   14.8,   15.2,  100.0,    0.5,    5.8,    5.1,   79.6,   74.0,   85.2,   84.8,   14.8,   15.2,    0.0,    0.0,    0.0,    0.0,    0.0,    0.0,    0.0,    0.0,    0.0,    0.0,     25,      1,      2,      2,     14,     20,     17,     22,     25,      1,      2,      2,     14,     20,     17,     22,      0,      0,      0,      0,      0,      0,      0,      0,    50.2,    58.6,    71.5,    73.7,    47.5,    50.3,    61.4,    60.2,    50.2,    58.6,    71.5,    73.7,    47.5,    50.3,    61.4,    60.2,     0.0,     0.0,     0.0,     0.0,     0.0,     0.0,     0.0,     0.0,"Megawatt Hours (MWh)","064BFI","NODX","064 "
"MISO.INDIANA.HUB_month_off_dap - NODAL EXCHANGE",260915,2026-09-15,064BFJ,NODX,01,064 ,   20980,     100,    1279,    1275,   16700,   15564,   18075,   18118,    2905,    2862,   20980,     100,    1279,    1275,   16700,   15564,   18075,   18118,    2905,    2862,       0,       0,       0,       0,       0,       0,       0,       0,       0,       0,    -603,     -25,     -18,    -160,    -303,    -125,    -488,    -303,    -115,    -300,  100.0,    0.5,    6.1,    6.1,   79.6,   74.2,   86.2,   86.4,   13.8,   13.6,  100.0,    0.5,    6.1,    6.1,   79.6,   74.2,   86.2,   86.4,   13.8,   13.6,    0.0,    0.0,    0.0,    0.0,    0.0,    0.0,    0.0,    0.0,    0.0,    0.0,     26,      1,      2,      2,     15,     19,     18,     21,     26,      1,      2,      2,     15,     19,     18,     21,      0,      0,      0,      0,      0,      0,      0,      0,    51.0,    56.4,    71.5,    72.4,    48.0,    48.7,    57.3,    58.3,    51.0,    56.4,    71.5,    72.4,    48.0,    48.7,    57.3,    58.3,     0.0,     0.0,     0.0,     0.0,     0.0,     0.0,     0.0,     0.0,"Megawatt Hours (MWh)","064BFJ","NODX","064 "
"NYISO.CENTRL_month_on_dap - NODAL EXCHANGE",260915,2026-09-15,064CTQ,NODX,01,064 ,   35183,   11572,      20,     100,   22168,   34378,   33840,   34498,    1343,     685,   35183,   11572,      20,     100,   22168,   34378,   33840,   34498,    1343,     685,       0,       0,       0,       0,       0,       0,       0,       0,       0,       0,     -25,     320,       0,       0,    -345,     -25,     -25,     -25,       0,       0,  100.0,   32.9,    0.1,    0.3,   63.0,   97.7,   96.2,   98.1,    3.8,    1.9,  100.0,   32.9,    0.1,    0.3,   63.0,   97.7,   96.2,   98.1,    3.8,    1.9,    0.0,    0.0,    0.0,    0.0,    0.0,    0.0,    0.0,    0.0,    0.0,    0.0,     23,      3,      1,      1,     16,      9,     20,     10,     23,      3,      1,      1,     16,      9,     20,     10,      0,      0,      0,      0,      0,      0,      0,      0,    68.9,    96.6,    82.7,    98.0,    68.4,    95.3,    82.1,    95.4,    68.9,    96.6,    82.7,    98.0,    68.4,    95.3,    82.1,    95.4,     0.0,     0.0,     0.0,     0.0,     0.0,     0.0,     0.0,     0.0,"Megawatt Hours (MWh)","064CTQ","NODX","064 "
"NYISO.CENTRL_month_off_dap - NODAL EXCHANGE",260915,2026-09-15,064CTR,NODX,01,064 ,   32404,   10290,      20,     100,   20654,   31819,   31044,   31939,    1360,     465,   32404,   10290,      20,     100,   20654,   31819,   31044,   31939,    1360,     465,       0,       0,       0,       0,       0,       0,       0,       0,       0,       0,     126,     315,       0,       0,    -189,     131,     126,     131,       0,      -5,  100.0,   31.8,    0.1,    0.3,   63.7,   98.2,   95.8,   98.6,    4.2,    1.4,  100.0,   31.8,    0.1,    0.3,   63.7,   98.2,   95.8,   98.6,    4.2,    1.4,    0.0,    0.0,    0.0,    0.0,    0.0,    0.0,    0.0,    0.0,    0.0,    0.0,     23,      3,      1,      1,     17,      8,     21,      9,     23,      3,      1,      1,     17,      8,     21,      9,      0,      0,      0,      0,      0,      0,      0,      0,    69.7,    97.1,    84.8,    98.5,    69.1,    96.5,    84.3,    96.6,    69.7,    97.1,    84.8,    98.5,    69.1,    96.5,    84.3,    96.6,     0.0,     0.0,     0.0,     0.0,     0.0,     0.0,     0.0,     0.0,"Megawatt Hours (MWh)","064CTR","NODX","064 "
"NYISO.HUD VL_month_on_dap - NODAL EXCHANGE",260915,2026-09-15,064CXO,NODX,01,064 ,   37090,    1040,    6111,    1270,   28746,   23700,   31056,   31081,    6034,    6009,   37090,    1040,    6111,    1270,   28746,   23700,   31056,   31081,    6034,    6009,       0,       0,       0,       0,       0,       0,       0,       0,       0,       0,     930,       0,      55,       0,     895,     840,     895,     895,      35,      35,  100.0,    2.8,   16.5,    3.4,   77.5,   63.9,   83.7,   83.8,   16.3,   16.2,  100.0,    2.8,   16.5,    3.4,   77.5,   63.9,   83.7,   83.8,   16.3,   16.2,    0.0,    0.0,    0.0,    0.0,    0.0,    0.0,    0.0,    0.0,    0.0,    0.0,     32,      2,      5,      3,     23,     18,     28,     23,     32,      2,      5,      3,     23,     18,     28,     23,      0,      0,      0,      0,      0,      0,      0,      0,    34.1,    41.7,    54.7,    60.5,    33.4,    37.8,    50.5,    53.0,    34.1,    41.7,    54.7,    60.5,    33.4,    37.8,    50.5,    53.0,     0.0,     0.0,     0.0,     0.0,     0.0,     0.0,     0.0,     0.0,"Megawatt Hours (MWh)","064CXO","NODX","064 "
"NYISO.HUD VL_month_off_dap - NODAL EXCHANGE",260915,2026-09-15,064CXP,NODX,01,064 ,   36145,    1200,    6030,    1439,   27799,   23054,   30438,   30523,    5707,    5622,   36145,    1200,    6030,    1439,   27799,   23054,   30438,   30523,    5707,    5622,       0,       0,       0,       0,       0,       0,       0,       0,       0,       0,    1157,       0,      55,      49,    1000,     945,    1049,    1049,     108,     108,  100.0,    3.3,   16.7,    4.0,   76.9,   63.8,   84.2,   84.4,   15.8,   15.6,  100.0,    3.3,   16.7,    4.0,   76.9,   63.8,   84.2,   84.4,   15.8,   15.6,    0.0,    0.0,    0.0,    0.0,    0.0,    0.0,    0.0,    0.0,    0.0,    0.0,     32,      3,      4,      2,     23,     20,     27,     25,     32,      3,      4,      2,     23,     20,     27,     25,      0,      0,      0,      0,      0,      0,      0,      0,    32.4,    44.3,    52.9,    63.6,    31.8,    40.2,    48.5,    54.6,    32.4,    44.3,    52.9,    63.6,    31.8,    40.2,    48.5,    54.6,     0.0,     0.0,     0.0,     0.0,     0.0,     0.0,     0.0,     0.0,"Megawatt Hours (MWh)","064CXP","NODX","064 "
"NYISO.N.Y.C._month_on_dap - NODAL EXCHANGE",260915,2026-09-15,064CZS,NODX,01,064 ,   29328,    1346,     600,     204,   24104,   25319,   25654,   26123,    3674,    3205,   29328,    1346,     600,     204,   24104,   25319,   25654,   26123,    3674,    3205,       0,       0,       0,       0,       0,       0,       0,       0,       0,       0,     415,     240,       0,    -240,     355,     595,     355,     355,      60,      60,  100.0,    4.6,    2.0,    0.7,   82.2,   86.3,   87.5,   89.1,   12.5,   10.9,  100.0,    4.6,    2.0,    0.7,   82.2,   86.3,   87.5,   89.1,   12.5,   10.9,    0.0,    0.0,    0.0,    0.0,    0.0,    0.0,    0.0,    0.0,    0.0,    0.0,     28,      2,      2,      1,     18,     17,     20,     20,     28,      2,      2,      1,     18,     17,     20,     20,      0,      0,      0,      0,      0,      0,      0,      0,    56.2,    56.1,    73.3,    80.4,    56.2,    56.1,    70.3,    78.1,    56.2,    56.1,    73.3,    80.4,    56.2,    56.1,    70.3,    78.1,     0.0,     0.0,     0.0,     0.0,     0.0,     0.0,     0.0,     0.0,"Megawatt Hours (MWh)","064CZS","NODX","064 "
"NYISO.N.Y.C._month_off_dap - NODAL EXCHANGE",260915,2026-09-15,064CZT,NODX,01,064 ,   28998,    1226,     600,     189,   23736,   25019,   25151,   25808,    3847,    3190,   28998,    1226,     600,     189,   23736,   25019,   25151,   25808,    3847,    3190,       0,       0,       0,       0,       0,       0,       0,       0,       0,       0,     525,     240,       0,    -130,     355,     595,     465,     465,      60,      60,  100.0,    4.2,    2.1,    0.7,   81.9,   86.3,   86.7,   89.0,   13.3,   11.0,  100.0,    4.2,    2.1,    0.7,   81.9,   86.3,   86.7,   89.0,   13.3,   11.0,    0.0,    0.0,    0.0,    0.0,    0.0,    0.0,    0.0,    0.0,    0.0,    0.0,     27,      2,      2,      1,     16,     16,     18,     19,     27,      2,      2,      1,     16,     16,     18,     19,      0,      0,      0,      0,      0,      0,      0,      0,    56.0,    55.5,    73.8,    80.7,    56.0,    55.0,    70.2,    78.8,    56.0,    55.5,    73.8,    80.7,    56.0,    55.0,    70.2,    78.8,     0.0,     0.0,     0.0,     0.0,     0.0,     0.0,     0.0,     0.0,"Megawatt Hours (MWh)","064CZT","NODX","064 "
"NYISO.WEST_month_on_dap - NODAL EXCHANGE",260915,2026-09-15,064DEU,NODX,01,064 ,   35866,       0,    3877,     498,   32911,   29253,   33409,   33628,    2457,    2238,   35866,       0,    3877,     498,   32911,   29253,   33409,   33628,    2457,    2238,       0,       0,       0,       0,       0,       0,       0,       0,       0,       0,     697,     -50,     390,     -65,     812,     372,     697,     697,       0,       0,  100.0,    0.0,   10.8,    1.4,   91.8,   81.6,   93.1,   93.8,    6.9,    6.2,  100.0,    0.0,   10.8,    1.4,   91.8,   81.6,   93.1,   93.8,    6.9,    6.2,    0.0,    0.0,    0.0,    0.0,    0.0,    0.0,    0.0,    0.0,    0.0,    0.0,     29,      0,      3,      2,     19,     19,     21,     22,     29,      0,      3,      2,     19,     19,     21,     22,      0,      0,      0,      0,      0,      0,      0,      0,    71.3,    51.8,    82.2,    76.7,    64.4,    46.9,    73.3,    70.0,    71.3,    51.8,    82.2,    76.7,    64.4,    46.9,    73.3,    70.0,     0.0,     0.0,     0.0,     0.0,     0.0,     0.0,     0.0,     0.0,"Megawatt Hours (MWh)","064DEU","NODX","064 "
"NYISO.WEST_month_off_dap - NODAL EXCHANGE",260915,2026-09-15,064DEV,NODX,01,064 ,   35710,       0,    3131,     819,   32258,   29580,   33077,   33530,    2633,    2180,   35710,       0,    3131,     819,   32258,   29580,   33077,   33530,    2633,    2180,       0,       0,       0,       0,       0,       0,       0,       0,       0,       0,     558,     -50,     385,     -60,     682,     242,     572,     567,     -14,      -9,  100.0,    0.0,    8.8,    2.3,   90.3,   82.8,   92.6,   93.9,    7.4,    6.1,  100.0,    0.0,    8.8,    2.3,   90.3,   82.8,   92.6,   93.9,    7.4,    6.1,    0.0,    0.0,    0.0,    0.0,    0.0,    0.0,    0.0,    0.0,    0.0,    0.0,     26,      0,      4,      2,     15,     19,     17,     23,     26,      0,      4,      2,     15,     19,     17,     23,      0,      0,      0,      0,      0,      0,      0,      0,    75.4,    53.3,    87.3,    77.1,    69.5,    49.7,    78.4,    69.2,    75.4,    53.3,    87.3,    77.1,    69.5,    49.7,    78.4,    69.2,     0.0,     0.0,     0.0,     0.0,     0.0,     0.0,     0.0,     0.0,"Megawatt Hours (MWh)","064DEV","NODX","064 "
"PJM.AEP_month_on_dap - NODAL EXCHANGE",260915,2026-09-15,064DLQ,NODX,01,064 ,   27376,    1956,    4526,     380,   23907,   21575,   26243,   26481,    1133,     895,   27376,    1956,    4526,     380,   23907,   21575,   26243,   26481,    1133,     895,       0,       0,       0,       0,       0,       0,       0,       0,       0,       0,       0,       0,       0,       0,       0,       0,       0,       0,       0,       0,  100.0,    7.1,   16.5,    1.4,   87.3,   78.8,   95.9,   96.7,    4.1,    3.3,  100.0,    7.1,   16.5,    1.4,   87.3,   78.8,   95.9,   96.7,    4.1,    3.3,    0.0,    0.0,    0.0,    0.0,    0.0,    0.0,    0.0,    0.0,    0.0,    0.0,     22,      2,      2,      1,     16,      4,     19,      6,     22,      2,      2,      1,     16,      4,     19,      6,      0,      0,      0,      0,      0,      0,      0,      0,    63.9,    94.0,    79.9,    96.7,    63.9,    92.5,    79.9,    93.9,    63.9,    94.0,    79.9,    96.7,    63.9,    92.5,    79.9,    93.9,     0.0,     0.0,     0.0,     0.0,     0.0,     0.0,     0.0,     0.0,"Megawatt Hours (MWh)","064DLQ","NODX","064 "
"PJM.AEP_month_off_dap - NODAL EXCHANGE",260915,2026-09-15,064DLR,NODX,01,064 ,   27341,    1956,    4526,     380,   23892,   21540,   26228,   26446,    1113,     895,   27341,    1956,    4526,     380,   23892,   21540,   26228,   26446,    1113,     895,       0,       0,       0,       0,       0,       0,       0,       0,       0,       0,       0,       0,       0,       0,       0,       0,       0,       0,       0,       0,  100.0,    7.2,   16.6,    1.4,   87.4,   78.8,   95.9,   96.7,    4.1,    3.3,  100.0,    7.2,   16.6,    1.4,   87.4,   78.8,   95.9,   96.7,    4.1,    3.3,    0.0,    0.0,    0.0,    0.0,    0.0,    0.0,    0.0,    0.0,    0.0,    0.0,     22,      2,      2,      1,     16,      4,     19,      6,     22,      2,      2,      1,     16,      4,     19,      6,      0,      0,      0,      0,      0,      0,      0,      0,    64.0,    94.0,    79.9,    96.7,    64.0,    92.4,    79.9,    93.8,    64.0,    94.0,    79.9,    96.7,    64.0,    92.4,    79.9,    93.8,     0.0,     0.0,     0.0,     0.0,     0.0,     0.0,     0.0,     0.0,"Megawatt Hours (MWh)","064DLR","NODX","064 "
"PJM.AEP-DAYTON HUB_mo_on_dap - NODAL EXCHANGE",260915,2026-09-15,064DLW,NODX,01,064 ,  100535,   28445,    7936,    1421,   50538,   70642,   80404,   79999,   20131,   20536,  100535,   28445,    7936,    1421,   50538,   70642,   80404,   79999,   20131,   20536,       0,       0,       0,       0,       0,       0,       0,       0,       0,       0,    1191,    -571,     159,     311,    1650,     920,    1390,    1390,    -199,    -199,  100.0,   28.3,    7.9,    1.4,   50.3,   70.3,   80.0,   79.6,   20.0,   20.4,  100.0,   28.3,    7.9,    1.4,   50.3,   70.3,   80.0,   79.6,   20.0,   20.4,    0.0,    0.0,    0.0,    0.0,    0.0,    0.0,    0.0,    0.0,    0.0,    0.0,     45,      8,      5,      6,     23,     28,     33,     37,     45,      8,      5,      6,     23,     28,     33,     37,      0,      0,      0,      0,      0,      0,      0,      0,    47.1,    35.4,    65.1,    55.6,    45.0,    34.5,    57.6,    51.3,    47.1,    35.4,    65.1,    55.6,    45.0,    34.5,    57.6,    51.3,     0.0,     0.0,     0.0,     0.0,     0.0,     0.0,     0.0,     0.0,"Megawatt Hours (MWh)","064DLW","NODX","064 "
"PJM.AEP-DAYTON HUB_mo_off_dap - NODAL EXCHANGE",260915,2026-09-15,064DLX,NODX,01,064 ,   97855,   28299,    5130,    1592,   48607,   71416,   78498,   78138,   19357,   19717,   97855,   28299,    5130,    1592,   48607,   71416,   78498,   78138,   19357,   19717,       0,       0,       0,       0,       0,       0,       0,       0,       0,       0,    1355,    -572,      83,     412,    1700,    1045,    1540,    1540,    -185,    -185,  100.0,   28.9,    5.2,    1.6,   49.7,   73.0,   80.2,   79.9,   19.8,   20.1,  100.0,   28.9,    5.2,    1.6,   49.7,   73.0,   80.2,   79.9,   19.8,   20.1,    0.0,    0.0,    0.0,    0.0,    0.0,    0.0,    0.0,    0.0,    0.0,    0.0,     43,      7,      5,      6,     21,     28,     30,     37,     43,      7,      5,      6,     21,     28,     30,     37,      0,      0,      0,      0,      0,      0,      0,      0,    48.3,    35.3,    65.9,    54.9,    43.5,    34.8,    55.9,    50.1,    48.3,    35.3,    65.9,    54.9,    43.5,    34.8,    55.9,    50.1,     0.0,     0.0,     0.0,     0.0,     0.0,     0.0,     0.0,     0.0,"Megawatt Hours (MWh)","064DLX","NODX","064 "
"PJM.APS_month_on_dap - NODAL EXCHANGE",260915,2026-09-15,064DMY,NODX,01,064 ,   12662,    2813,     365,       0,    8090,   11718,   10903,   12083,    1759,     579,   12662,    2813,     365,       0,    8090,   11718,   10903,   12083,    1759,     579,       0,       0,       0,       0,       0,       0,       0,       0,       0,       0,       0,       0,       0,       0,       0,       0,       0,       0,       0,       0,  100.0,   22.2,    2.9,    0.0,   63.9,   92.5,   86.1,   95.4,   13.9,    4.6,  100.0,   22.2,    2.9,    0.0,   63.9,   92.5,   86.1,   95.4,   13.9,    4.6,    0.0,    0.0,    0.0,    0.0,    0.0,    0.0,    0.0,    0.0,    0.0,    0.0,     20,      3,      1,      0,     13,      7,     16,      8,     20,      3,      1,      0,     13,      7,     16,      8,      0,      0,      0,      0,      0,      0,      0,      0,    42.6,    82.5,    67.5,    95.4,    42.6,    81.3,    67.5,    88.9,    42.6,    82.5,    67.5,    95.4,    42.6,    81.3,    67.5,    88.9,     0.0,     0.0,     0.0,     0.0,     0.0,     0.0,     0.0,     0.0,"Megawatt Hours (MWh)","064DMY","NODX","064 "
"PJM.APS_month_off_dap - NODAL EXCHANGE",260915,2026-09-15,064DMZ,NODX,01,064 ,   12134,    2573,     365,       0,    7817,   11190,   10390,   11555,    1744,     579,   12134,    2573,     365,       0,    7817,   11190,   10390,   11555,    1744,     579,       0,       0,       0,       0,       0,       0,       0,       0,       0,       0,       0,       0,       0,       0,       0,       0,       0,       0,       0,       0,  100.0,   21.2,    3.0,    0.0,   64.4,   92.2,   85.6,   95.2,   14.4,    4.8,  100.0,   21.2,    3.0,    0.0,   64.4,   92.2,   85.6,   95.2,   14.4,    4.8,    0.0,    0.0,    0.0,    0.0,    0.0,    0.0,    0.0,    0.0,    0.0,    0.0,     20,      3,      1,      0,     13,      7,     16,      8,     20,      3,      1,      0,     13,      7,     16,      8,      0,      0,      0,      0,      0,      0,      0,      0,    43.8,    82.6,    67.8,    95.2,    43.8,    81.3,    67.8,    90.0,    43.8,    82.6,    67.8,    95.2,    43.8,    81.3,    67.8,    90.0,     0.0,     0.0,     0.0,     0.0,     0.0,     0.0,     0.0,     0.0,"Megawatt Hours (MWh)","064DMZ","NODX","064 "
"PJM.BGE_month_on_dap - NODAL EXCHANGE",260915,2026-09-15,064DPQ,NODX,01,064 ,   26415,    3975,    1910,     390,   21110,   22970,   25475,   25270,     940,    1145,   26415,    3975,    1910,     390,   21110,   22970,   25475,   25270,     940,    1145,       0,       0,       0,       0,       0,       0,       0,       0,       0,       0,     245,     160,     270,       0,     190,      80,     350,     350,    -105,    -105,  100.0,   15.0,    7.2,    1.5,   79.9,   87.0,   96.4,   95.7,    3.6,    4.3,  100.0,   15.0,    7.2,    1.5,   79.9,   87.0,   96.4,   95.7,    3.6,    4.3,    0.0,    0.0,    0.0,    0.0,    0.0,    0.0,    0.0,    0.0,    0.0,    0.0,     26,      4,      2,      2,     16,     10,     22,     12,     26,      4,      2,      2,     16,     10,     22,     12,      0,      0,      0,      0,      0,      0,      0,      0,    56.5,    87.4,    76.0,    93.2,    56.0,    86.1,    74.8,    89.8,    56.5,    87.4,    76.0,    93.2,    56.0,    86.1,    74.8,    89.8,     0.0,     0.0,     0.0,     0.0,     0.0,     0.0,     0.0,     0.0,"Megawatt Hours (MWh)","064DPQ","NODX","064 "
"PJM.BGE_month_off_dap - NODAL EXCHANGE",260915,2026-09-15,064DPR,NODX,01,064 ,   26325,    3990,    1935,     390,   20655,   22525,   25035,   24850,    1290,    1475,   26325,    3990,    1935,     390,   20655,   22525,   25035,   24850,    1290,    1475,       0,       0,       0,       0,       0,       0,       0,       0,       0,       0,     230,     175,     270,       0,     120,      25,     295,     295,     -65,     -65,  100.0,   15.2,    7.4,    1.5,   78.5,   85.6,   95.1,   94.4,    4.9,    5.6,  100.0,   15.2,    7.4,    1.5,   78.5,   85.6,   95.1,   94.4,    4.9,    5.6,    0.0,    0.0,    0.0,    0.0,    0.0,    0.0,    0.0,    0.0,    0.0,    0.0,     26,      4,      2,      2,     16,     10,     22,     12,     26,      4,      2,      2,     16,     10,     22,     12,      0,      0,      0,      0,      0,      0,      0,      0,    56.0,    87.0,    74.2,    92.1,    55.5,    85.6,    72.9,    88.3,    56.0,    87.0,    74.2,    92.1,    55.5,    85.6,    72.9,    88.3,     0.0,     0.0,     0.0,     0.0,     0.0,     0.0,     0.0,     0.0,"Megawatt Hours (MWh)","064DPR","NODX","064 "
"PJM.DOM_month_on_dap - NODAL EXCHANGE",260915,2026-09-15,064DZS,NODX,01,064 ,   11649,    1725,    2585,      25,    9214,    8324,   10964,   10934,     685,     715,   11649,    1725,    2585,      25,    9214,    8324,   10964,   10934,     685,     715,       0,       0,       0,       0,       0,       0,       0,       0,       0,       0,     -15,       0,       0,       0,     -15,     -15,     -15,     -15,       0,       0,  100.0,   14.8,   22.2,    0.2,   79.1,   71.5,   94.1,   93.9,    5.9,    6.1,  100.0,   14.8,   22.2,    0.2,   79.1,   71.5,   94.1,   93.9,    5.9,    6.1,    0.0,    0.0,    0.0,    0.0,    0.0,    0.0,    0.0,    0.0,    0.0,    0.0,     24,      2,      4,      1,     13,      9,     16,     13,     24,      2,      4,      1,     13,      9,     16,     13,      0,      0,      0,      0,      0,      0,      0,      0,    59.3,    72.0,    81.7,    91.0,    59.3,    66.1,    79.2,    84.1,    59.3,    72.0,    81.7,    91.0,    59.3,    66.1,    79.2,    84.1,     0.0,     0.0,     0.0,     0.0,     0.0,     0.0,     0.0,     0.0,"Megawatt Hours (MWh)","064DZS","NODX","064 "
"PJM.DOM_month_off_dap - NODAL EXCHANGE",260915,2026-09-15,064DZT,NODX,01,064 ,   12139,    1725,    2585,      25,    9754,    8919,   11504,   11529,     635,     610,   12139,    1725,    2585,      25,    9754,    8919,   11504,   11529,     635,     610,       0,       0,       0,       0,       0,       0,       0,       0,       0,       0,      -5,       0,       0,       0,     144,     370,     144,     370,    -149,    -375,  100.0,   14.2,   21.3,    0.2,   80.4,   73.5,   94.8,   95.0,    5.2,    5.0,  100.0,   14.2,   21.3,    0.2,   80.4,   73.5,   94.8,   95.0,    5.2,    5.0,    0.0,    0.0,    0.0,    0.0,    0.0,    0.0,    0.0,    0.0,    0.0,    0.0,     26,      2,      4,      1,     15,     10,     18,     14,     26,      2,      4,      1,     15,     10,     18,     14,      0,      0,      0,      0,      0,      0,      0,      0,    57.9,    72.3,    80.9,    91.8,    57.9,    66.6,    80.3,    84.7,    57.9,    72.3,    80.9,    91.8,    57.9,    66.6,    80.3,    84.7,     0.0,     0.0,     0.0,     0.0,     0.0,     0.0,     0.0,     0.0,"Megawatt Hours (MWh)","064DZT","NODX","064 "
"PJM.JCPL_month_on_dap - NODAL EXCHANGE",260915,2026-09-15,064EJI,NODX,01,064 ,   47947,    6610,    5155,     975,   35717,   38482,   43302,   44612,    4645,    3335,   47947,    6610,    5155,     975,   35717,   38482,   43302,   44612,    4645,    3335,       0,       0,       0,       0,       0,       0,       0,       0,       0,       0,      55,       0,      25,       0,      65,      40,      65,      65,     -10,     -10,  100.0,   13.8,   10.8,    2.0,   74.5,   80.3,   90.3,   93.0,    9.7,    7.0,  100.0,   13.8,   10.8,    2.0,   74.5,   80.3,   90.3,   93.0,    9.7,    7.0,    0.0,    0.0,    0.0,    0.0,    0.0,    0.0,    0.0,    0.0,    0.0,    0.0,     30,      5,      2,      2,     18,     14,     24,     17,     30,      5,      2,      2,     18,     14,     24,     17,      0,      0,      0,      0,      0,      0,      0,      0,    54.1,    78.9,    70.8,    88.6,    50.4,    78.9,    67.1,    84.3,    54.1,    78.9,    70.8,    88.6,    50.4,    78.9,    67.1,    84.3,     0.0,     0.0,     0.0,     0.0,     0.0,     0.0,     0.0,     0.0,"Megawatt Hours (MWh)","064EJI","NODX","064 "
"PJM.JCPL_month_off_dap - NODAL EXCHANGE",260915,2026-09-15,064EJJ,NODX,01,064 ,   46012,    6935,    4270,     605,   33502,   37417,   41042,   42292,    4970,    3720,   46012,    6935,    4270,     605,   33502,   37417,   41042,   42292,    4970,    3720,       0,       0,       0,       0,       0,       0,       0,       0,       0,       0,      65,     -25,       0,      25,      75,      50,      75,      75,     -10,     -10,  100.0,   15.1,    9.3,    1.3,   72.8,   81.3,   89.2,   91.9,   10.8,    8.1,  100.0,   15.1,    9.3,    1.3,   72.8,   81.3,   89.2,   91.9,   10.8,    8.1,    0.0,    0.0,    0.0,    0.0,    0.0,    0.0,    0.0,    0.0,    0.0,    0.0,     30,      6,      1,      2,     19,     14,     25,     17,     30,      6,      1,      2,     19,     14,     25,     17,      0,      0,      0,      0,      0,      0,      0,      0,    52.2,    79.5,    69.9,    87.6,    49.9,    79.4,    67.5,    85.0,    52.2,    79.5,    69.9,    87.6,    49.9,    79.4,    67.5,    85.0,     0.0,     0.0,     0.0,     0.0,     0.0,     0.0,     0.0,     0.0,"Megawatt Hours (MWh)","064EJJ","NODX","064 "
"PJM.METED_month_on_dap - NODAL EXCHANGE",260915,2026-09-15,064EOW,NODX,01,064 ,   11934,     165,     155,     325,    9516,   10582,   10006,   11062,    1928,     872,   11934,     165,     155,     325,    9516,   10582,   10006,   11062,    1928,     872,       0,       0,       0,       0,       0,       0,       0,       0,       0,       0,       0,       0,       0,       0,       0,       0,       0,       0,       0,       0,  100.0,    1.4,    1.3,    2.7,   79.7,   88.7,   83.8,   92.7,   16.2,    7.3,  100.0,    1.4,    1.3,    2.7,   79.7,   88.7,   83.8,   92.7,   16.2,    7.3,    0.0,    0.0,    0.0,    0.0,    0.0,    0.0,    0.0,    0.0,    0.0,    0.0,     21,      2,      2,      3,     14,      7,     18,     10,     21,      2,      2,      3,     14,      7,     18,     10,      0,      0,      0,      0,      0,      0,      0,      0,    54.8,    79.4,    72.1,    90.6,    54.8,    76.8,    71.3,    83.6,    54.8,    79.4,    72.1,    90.6,    54.8,    76.8,    71.3,    83.6,     0.0,     0.0,     0.0,     0.0,     0.0,     0.0,     0.0,     0.0,"Megawatt Hours (MWh)","064EOW","NODX","064 "
"PJM.METED_month_off_dap - NODAL EXCHANGE",260915,2026-09-15,064EOX,NODX,01,064 ,   12126,     165,     155,     325,    9711,   10817,   10201,   11297,    1925,     829,   12126,     165,     155,     325,    9711,   10817,   10201,   11297,    1925,     829,       0,       0,       0,       0,       0,       0,       0,       0,       0,       0,       0,       0,       0,       0,       0,       0,       0,       0,       0,       0,  100.0,    1.4,    1.3,    2.7,   80.1,   89.2,   84.1,   93.2,   15.9,    6.8,  100.0,    1.4,    1.3,    2.7,   80.1,   89.2,   84.1,   93.2,   15.9,    6.8,    0.0,    0.0,    0.0,    0.0,    0.0,    0.0,    0.0,    0.0,    0.0,    0.0,     21,      2,      2,      3,     14,      8,     18,     11,     21,      2,      2,      3,     14,      8,     18,     11,      0,      0,      0,      0,      0,      0,      0,      0,    52.9,    78.8,    72.6,    89.9,    51.8,    76.8,    68.2,    80.8,    52.9,    78.8,    72.6,    89.9,    51.8,    76.8,    68.2,    80.8,     0.0,     0.0,     0.0,     0.0,     0.0,     0.0,     0.0,     0.0,"Megawatt Hours (MWh)","064EOX","NODX","064 "
"PJM.N ILLINOIS HUB_mo_on_dap - NODAL EXCHANGE",260915,2026-09-15,064ERM,NODX,01,064 ,   93597,    3110,     410,       0,   82683,   85329,   85793,   85739,    7804,    7858,   93597,    3110,     410,       0,   82683,   85329,   85793,   85739,    7804,    7858,       0,       0,       0,       0,       0,       0,       0,       0,       0,       0,    3770,     675,     150,       0,    2680,    3205,    3355,    3355,     415,     415,  100.0,    3.3,    0.4,    0.0,   88.3,   91.2,   91.7,   91.6,    8.3,    8.4,  100.0,    3.3,    0.4,    0.0,   88.3,   91.2,   91.7,   91.6,    8.3,    8.4,    0.0,    0.0,    0.0,    0.0,    0.0,    0.0,    0.0,    0.0,    0.0,    0.0,     31,      3,      2,      0,     20,     19,     23,     21,     31,      3,      2,      0,     20,     19,     23,     21,      0,      0,      0,      0,      0,      0,      0,      0,    59.1,    74.7,    82.7,    83.9,    56.3,    74.5,    77.5,    82.3,    59.1,    74.7,    82.7,    83.9,    56.3,    74.5,    77.5,    82.3,     0.0,     0.0,     0.0,     0.0,     0.0,     0.0,     0.0,     0.0,"Megawatt Hours (MWh)","064ERM","NODX","064 "
"PJM.N ILLINOIS HUB_mo_off_dap - NODAL EXCHANGE",260915,2026-09-15,064ERN,NODX,01,064 ,   92200,    3050,     410,       0,   81456,   84042,   84506,   84452,    7694,    7748,   92200,    3050,     410,       0,   81456,   84042,   84506,   84452,    7694,    7748,       0,       0,       0,       0,       0,       0,       0,       0,       0,       0,    4245,     675,     150,       0,    3155,    3680,    3830,    3830,     415,     415,  100.0,    3.3,    0.4,    0.0,   88.3,   91.2,   91.7,   91.6,    8.3,    8.4,  100.0,    3.3,    0.4,    0.0,   88.3,   91.2,   91.7,   91.6,    8.3,    8.4,    0.0,    0.0,    0.0,    0.0,    0.0,    0.0,    0.0,    0.0,    0.0,    0.0,     31,      3,      2,      0,     20,     21,     23,     23,     31,      3,      2,      0,     20,     21,     23,     23,      0,      0,      0,      0,      0,      0,      0,      0,    58.8,    75.2,    81.4,    84.2,    55.9,    74.9,    76.4,    82.7,    58.8,    75.2,    81.4,    84.2,    55.9,    74.9,    76.4,    82.7,     0.0,     0.0,     0.0,     0.0,     0.0,     0.0,     0.0,     0.0,"Megawatt Hours (MWh)","064ERN","NODX","064 "
"PJM.PECO_month_on_dap - NODAL EXCHANGE",260915,2026-09-15,064EUY,NODX,01,064 ,  101987,   21620,    1161,     334,   72474,   93310,   94428,   94805,    7559,    7182,  101987,   21620,    1161,     334,   72474,   93310,   94428,   94805,    7559,    7182,       0,       0,       0,       0,       0,       0,       0,       0,       0,       0,     830,       0,       0,      35,     130,     130,     165,     165,     665,     665,  100.0,   21.2,    1.1,    0.3,   71.1,   91.5,   92.6,   93.0,    7.4,    7.0,  100.0,   21.2,    1.1,    0.3,   71.1,   91.5,   92.6,   93.0,    7.4,    7.0,    0.0,    0.0,    0.0,    0.0,    0.0,    0.0,    0.0,    0.0,    0.0,    0.0,     36,      4,      5,      3,     22,     16,     28,     22,     36,      4,      5,      3,     22,     16,     28,     22,      0,      0,      0,      0,      0,      0,      0,      0,    52.0,    76.6,    74.0,    89.1,    47.8,    75.5,    62.5,    77.8,    52.0,    76.6,    74.0,    89.1,    47.8,    75.5,    62.5,    77.8,     0.0,     0.0,     0.0,     0.0,     0.0,     0.0,     0.0,     0.0,"Megawatt Hours (MWh)","064EUY","NODX","064 "
"PJM.PECO_month_off_dap - NODAL EXCHANGE",260915,2026-09-15,064EUZ,NODX,01,064 ,  101097,   21395,     886,     484,   70979,   91775,   92858,   93145,    8239,    7952,  101097,   21395,     886,     484,   70979,   91775,   92858,   93145,    8239,    7952,       0,       0,       0,       0,       0,       0,       0,       0,       0,       0,     830,       0,       0,      35,      95,      95,     130,     130,     700,     700,  100.0,   21.2,    0.9,    0.5,   70.2,   90.8,   91.9,   92.1,    8.1,    7.9,  100.0,   21.2,    0.9,    0.5,   70.2,   90.8,   91.9,   92.1,    8.1,    7.9,    0.0,    0.0,    0.0,    0.0,    0.0,    0.0,    0.0,    0.0,    0.0,    0.0,     36,      4,      5,      4,     22,     16,     29,     22,     36,      4,      5,      4,     22,     16,     29,     22,      0,      0,      0,      0,      0,      0,      0,      0,    50.7,    75.9,    73.3,    88.4,    45.0,    74.5,    61.4,    77.0,    50.7,    75.9,    73.3,    88.4,    45.0,    74.5,    61.4,    77.0,     0.0,     0.0,     0.0,     0.0,     0.0,     0.0,     0.0,     0.0,"Megawatt Hours (MWh)","064EUZ","NODX","064 "
"PJM.PENELEC_month_on_dap - NODAL EXCHANGE",260915,2026-09-15,064EVA,NODX,01,064 ,   13583,    7511,       0,      40,    4464,   12473,   12015,   12513,    1568,    1070,   13583,    7511,       0,      40,    4464,   12473,   12015,   12513,    1568,    1070,       0,       0,       0,       0,       0,       0,       0,       0,       0,       0,     180,      50,       0,       0,     130,     180,     180,     180,       0,       0,  100.0,   55.3,    0.0,    0.3,   32.9,   91.8,   88.5,   92.1,   11.5,    7.9,  100.0,   55.3,    0.0,    0.3,   32.9,   91.8,   88.5,   92.1,   11.5,    7.9,    0.0,    0.0,    0.0,    0.0,    0.0,    0.0,    0.0,    0.0,    0.0,    0.0,     20,      5,      0,      1,     10,      8,     15,      9,     20,      5,      0,      1,     10,      8,     15,      9,      0,      0,      0,      0,      0,      0,      0,      0,    65.7,    87.2,    78.6,    91.9,    65.4,    87.2,    78.0,    89.9,    65.7,    87.2,    78.6,    91.9,    65.4,    87.2,    78.0,    89.9,     0.0,     0.0,     0.0,     0.0,     0.0,     0.0,     0.0,     0.0,"Megawatt Hours (MWh)","064EVA","NODX","064 "
"PJM.PEPCO_month_on_dap - NODAL EXCHANGE",260915,2026-09-15,064EVG,NODX,01,064 ,   24202,     850,    7387,     535,   20311,   14235,   21696,   22157,    2506,    2045,   24202,     850,    7387,     535,   20311,   14235,   21696,   22157,    2506,    2045,       0,       0,       0,       0,       0,       0,       0,       0,       0,       0,    1110,       0,    -275,     505,     270,     545,     775,     775,     335,     335,  100.0,    3.5,   30.5,    2.2,   83.9,   58.8,   89.6,   91.6,   10.4,    8.4,  100.0,    3.5,   30.5,    2.2,   83.9,   58.8,   89.6,   91.6,   10.4,    8.4,    0.0,    0.0,    0.0,    0.0,    0.0,    0.0,    0.0,    0.0,    0.0,    0.0,     30,      3,      3,      2,     20,     14,     24,     18,     30,      3,      3,      2,     20,     14,     24,     18,      0,      0,      0,      0,      0,      0,      0,      0,    43.7,    70.0,    64.7,    82.2,    42.2,    63.6,    60.4,    74.7,    43.7,    70.0,    64.7,    82.2,    42.2,    63.6,    60.4,    74.7,     0.0,     0.0,     0.0,     0.0,     0.0,     0.0,     0.0,     0.0,"Megawatt Hours (MWh)","064EVG","NODX","064 "
"PJM.PEPCO_month_off_dap - NODAL EXCHANGE",260915,2026-09-15,064EVH,NODX,01,064 ,   24202,     850,    7387,     535,   20311,   14235,   21696,   22157,    2506,    2045,   24202,     850,    7387,     535,   20311,   14235,   21696,   22157,    2506,    2045,       0,       0,       0,       0,       0,       0,       0,       0,       0,       0,    1110,       0,    -275,     505,     270,     545,     775,     775,     335,     335,  100.0,    3.5,   30.5,    2.2,   83.9,   58.8,   89.6,   91.6,   10.4,    8.4,  100.0,    3.5,   30.5,    2.2,   83.9,   58.8,   89.6,   91.6,   10.4,    8.4,    0.0,    0.0,    0.0,    0.0,    0.0,    0.0,    0.0,    0.0,    0.0,    0.0,     30,      3,      3,      2,     20,     14,     24,     18,     30,      3,      3,      2,     20,     14,     24,     18,      0,      0,      0,      0,      0,      0,      0,      0,    43.7,    70.0,    64.7,    82.2,    42.2,    63.6,    60.4,    74.7,    43.7,    70.0,    64.7,    82.2,    42.2,    63.6,    60.4,    74.7,     0.0,     0.0,     0.0,     0.0,     0.0,     0.0,     0.0,     0.0,"Megawatt Hours (MWh)","064EVH","NODX","064 "
"PJM.PPL_month_on_dap - NODAL EXCHANGE",260915,2026-09-15,064EWU,NODX,01,064 ,   64820,    3115,    3690,    1245,   58676,   58470,   63036,   63405,    1784,    1415,   64820,    3115,    3690,    1245,   58676,   58470,   63036,   63405,    1784,    1415,       0,       0,       0,       0,       0,       0,       0,       0,       0,       0,     910,       0,     300,     900,     185,    -115,    1085,    1085,    -175,    -175,  100.0,    4.8,    5.7,    1.9,   90.5,   90.2,   97.2,   97.8,    2.8,    2.2,  100.0,    4.8,    5.7,    1.9,   90.5,   90.2,   97.2,   97.8,    2.8,    2.2,    0.0,    0.0,    0.0,    0.0,    0.0,    0.0,    0.0,    0.0,    0.0,    0.0,     39,      5,      1,      3,     28,     19,     33,     23,     39,      5,      1,      3,     28,     19,     33,     23,      0,      0,      0,      0,      0,      0,      0,      0,    63.4,    55.9,    74.9,    76.9,    61.7,    55.1,    72.4,    72.9,    63.4,    55.9,    74.9,    76.9,    61.7,    55.1,    72.4,    72.9,     0.0,     0.0,     0.0,     0.0,     0.0,     0.0,     0.0,     0.0,"Megawatt Hours (MWh)","064EWU","NODX","064 "
"PJM.PPL_month_off_dap - NODAL EXCHANGE",260915,2026-09-15,064EWV,NODX,01,064 ,   64763,    3115,    3555,    1245,   58639,   58548,   62999,   63348,    1764,    1415,   64763,    3115,    3555,    1245,   58639,   58548,   62999,   63348,    1764,    1415,       0,       0,       0,       0,       0,       0,       0,       0,       0,       0,     930,       0,     300,     900,     205,     -95,    1105,    1105,    -175,    -175,  100.0,    4.8,    5.5,    1.9,   90.5,   90.4,   97.3,   97.8,    2.7,    2.2,  100.0,    4.8,    5.5,    1.9,   90.5,   90.4,   97.3,   97.8,    2.7,    2.2,    0.0,    0.0,    0.0,    0.0,    0.0,    0.0,    0.0,    0.0,    0.0,    0.0,     39,      5,      1,      3,     27,     19,     32,     23,     39,      5,      1,      3,     27,     19,     32,     23,      0,      0,      0,      0,      0,      0,      0,      0,    64.4,    56.6,    75.8,    77.3,    62.8,    55.1,    73.3,    74.1,    64.4,    56.6,    75.8,    77.3,    62.8,    55.1,    73.3,    74.1,     0.0,     0.0,     0.0,     0.0,     0.0,     0.0,     0.0,     0.0,"Megawatt Hours (MWh)","064EWV","NODX","064 "
"PJM PSEG DAP - NODAL EXCHANGE",260915,2026-09-15,064EXE,NODX,01,064 ,   87290,    7435,    9045,    2710,   64256,   62627,   74401,   74382,   12889,   12908,   87290,    7435,    9045,    2710,   64256,   62627,   74401,   74382,   12889,   12908,       0,       0,       0,       0,       0,       0,       0,       0,       0,       0,    1045,       0,    -140,       0,     875,    1045,     875,     905,     170,     140,  100.0,    8.5,   10.4,    3.1,   73.6,   71.7,   85.2,   85.2,   14.8,   14.8,  100.0,    8.5,   10.4,    3.1,   73.6,   71.7,   85.2,   85.2,   14.8,   14.8,    0.0,    0.0,    0.0,    0.0,    0.0,    0.0,    0.0,    0.0,    0.0,    0.0,     40,      3,      5,      4,     30,     21,     36,     27,     40,      3,      5,      4,     30,     21,     36,     27,      0,      0,      0,      0,      0,      0,      0,      0,    34.4,    46.3,    51.3,    66.7,    29.5,    31.9,    40.4,    49.5,    34.4,    46.3,    51.3,    66.7,    29.5,    31.9,    40.4,    49.5,     0.0,     0.0,     0.0,     0.0,     0.0,     0.0,     0.0,     0.0,"Megawatt Hours (MWh)","064EXE","NODX","064 "
"PJM.PSEG_month_off_dap - NODAL EXCHANGE",260915,2026-09-15,064EXF,NODX,01,064 ,   84454,    6780,    7970,    2845,   61471,   61007,   71096,   71822,   13358,   12632,   84454,    6780,    7970,    2845,   61471,   61007,   71096,   71822,   13358,   12632,       0,       0,       0,       0,       0,       0,       0,       0,       0,       0,     930,       0,    -140,       0,     775,     945,     775,     805,     155,     125,  100.0,    8.0,    9.4,    3.4,   72.8,   72.2,   84.2,   85.0,   15.8,   15.0,  100.0,    8.0,    9.4,    3.4,   72.8,   72.2,   84.2,   85.0,   15.8,   15.0,    0.0,    0.0,    0.0,    0.0,    0.0,    0.0,    0.0,    0.0,    0.0,    0.0,     39,      5,      3,      5,     29,     21,     36,     27,     39,      5,      3,      5,     29,     21,     36,     27,      0,      0,      0,      0,      0,      0,      0,      0,    34.4,    47.9,    51.3,    66.8,    29.9,    34.0,    40.2,    51.2,    34.4,    47.9,    51.3,    66.8,    29.9,    34.0,    40.2,    51.2,     0.0,     0.0,     0.0,     0.0,     0.0,     0.0,     0.0,     0.0,"Megawatt Hours (MWh)","064EXF","NODX","064 "
"PJM.WESTERN HUB DAP - NODAL EXCHANGE",260915,2026-09-15,064FHK,NODX,01,064 ,  243295,   11593,   29903,    4099,  174699,  156343,  190391,  190345,   52904,   52950,  243295,   11593,   29903,    4099,  174699,  156343,  190391,  190345,   52904,   52950,       0,       0,       0,       0,       0,       0,       0,       0,       0,       0,    -882,     786,    1156,    -561,    1571,    1201,    1796,    1796,   -2678,   -2678,  100.0,    4.8,   12.3,    1.7,   71.8,   64.3,   78.3,   78.2,   21.7,   21.8,  100.0,    4.8,   12.3,    1.7,   71.8,   64.3,   78.3,   78.2,   21.7,   21.8,    0.0,    0.0,    0.0,    0.0,    0.0,    0.0,    0.0,    0.0,    0.0,    0.0,     55,      7,      6,      8,     35,     36,     45,     47,     55,      7,      6,      8,     35,     36,     45,     47,      0,      0,      0,      0,      0,      0,      0,      0,    43.4,    31.6,    56.4,    50.3,    35.4,    25.0,    44.8,    39.8,    43.4,    31.6,    56.4,    50.3,    35.4,    25.0,    44.8,    39.8,     0.0,     0.0,     0.0,     0.0,     0.0,     0.0,     0.0,     0.0,"Megawatt Hours (MWh)","064FHK","NODX","064 "
"PJM.WESTERN HUB_month_off_dap - NODAL EXCHANGE",260915,2026-09-15,064FHL,NODX,01,064 ,  238378,    5222,   31090,    6061,  172572,  146503,  183855,  183654,   54523,   54724,  238378,    5222,   31090,    6061,  172572,  146503,  183855,  183654,   54523,   54724,       0,       0,       0,       0,       0,       0,       0,       0,       0,       0,    -363,     620,    1044,    -395,    1724,    1300,    1949,    1949,   -2312,   -2312,  100.0,    2.2,   13.0,    2.5,   72.4,   61.5,   77.1,   77.0,   22.9,   23.0,  100.0,    2.2,   13.0,    2.5,   72.4,   61.5,   77.1,   77.0,   22.9,   23.0,    0.0,    0.0,    0.0,    0.0,    0.0,    0.0,    0.0,    0.0,    0.0,    0.0,     55,      6,      7,      9,     34,     37,     44,     49,     55,      6,      7,      9,     34,     37,     44,     49,      0,      0,      0,      0,      0,      0,      0,      0,    42.3,    30.3,    55.5,    48.7,    35.6,    23.8,    44.7,    38.8,    42.3,    30.3,    55.5,    48.7,    35.6,    23.8,    44.7,    38.8,     0.0,     0.0,     0.0,     0.0,     0.0,     0.0,     0.0,     0.0,"Megawatt Hours (MWh)","064FHL","NODX","064 "
"MISO.INDIANA.HUB_month_on_rtp - NODAL EXCHANGE",260915,2026-09-15,064FJY,NODX,01,064 ,   28340,     520,    3260,      80,   24165,   21865,   24765,   25205,    3575,    3135,   28340,     520,    3260,      80,   24165,   21865,   24765,   25205,    3575,    3135,       0,       0,       0,       0,       0,       0,       0,       0,       0,       0,   -1740,    -115,    -430,     -10,   -1550,   -1240,   -1675,   -1680,     -65,     -60,  100.0,    1.8,   11.5,    0.3,   85.3,   77.2,   87.4,   88.9,   12.6,   11.1,  100.0,    1.8,   11.5,    0.3,   85.3,   77.2,   87.4,   88.9,   12.6,   11.1,    0.0,    0.0,    0.0,    0.0,    0.0,    0.0,    0.0,    0.0,    0.0,    0.0,     21,      2,      1,      2,     16,     17,     19,     19,     21,      2,      1,      2,     16,     17,     19,     19,      0,      0,      0,      0,      0,      0,      0,      0,    58.9,    63.8,    75.5,    75.7,    49.1,    49.0,    53.8,    54.7,    58.9,    63.8,    75.5,    75.7,    49.1,    49.0,    53.8,    54.7,     0.0,     0.0,     0.0,     0.0,     0.0,     0.0,     0.0,     0.0,"Megawatt Hours (MWh)","064FJY","NODX","064 "
"MISO.INDIANA.HUB_month_off_rtp - NODAL EXCHANGE",260915,2026-09-15,064FJZ,NODX,01,064 ,   27270,     865,    3238,      77,   23959,   21761,   24901,   25076,    2369,    2194,   27270,     865,    3238,      77,   23959,   21761,   24901,   25076,    2369,    2194,       0,       0,       0,       0,       0,       0,       0,       0,       0,       0,   -1690,    -150,    -210,     -10,   -1575,   -1520,   -1735,   -1740,      45,      50,  100.0,    3.2,   11.9,    0.3,   87.9,   79.8,   91.3,   92.0,    8.7,    8.0,  100.0,    3.2,   11.9,    0.3,   87.9,   79.8,   91.3,   92.0,    8.7,    8.0,    0.0,    0.0,    0.0,    0.0,    0.0,    0.0,    0.0,    0.0,    0.0,    0.0,     22,      2,      1,      2,     16,     17,     19,     19,     22,      2,      1,      2,     16,     17,     19,     19,      0,      0,      0,      0,      0,      0,      0,      0,    64.0,    64.8,    78.2,    78.1,    54.9,    52.3,    59.0,    57.3,    64.0,    64.8,    78.2,    78.1,    54.9,    52.3,    59.0,    57.3,     0.0,     0.0,     0.0,     0.0,     0.0,     0.0,     0.0,     0.0,"Megawatt Hours (MWh)","064FJZ","NODX","064 "
"PJM.AEP-DAYTON HUB_mo_on_rtp - NODAL EXCHANGE",260915,2026-09-15,064FKA,NODX,01,064 ,   71900,    8930,    6610,    3171,   50453,   53098,   62554,   62879,    9346,    9021,   71900,    8930,    6610,    3171,   50453,   53098,   62554,   62879,    9346,    9021,       0,       0,       0,       0,       0,       0,       0,       0,       0,       0,    1052,     755,    -100,      -5,     215,    1070,     965,     965,      87,      87,  100.0,   12.4,    9.2,    4.4,   70.2,   73.8,   87.0,   87.5,   13.0,   12.5,  100.0,   12.4,    9.2,    4.4,   70.2,   73.8,   87.0,   87.5,   13.0,   12.5,    0.0,    0.0,    0.0,    0.0,    0.0,    0.0,    0.0,    0.0,    0.0,    0.0,     42,      8,      4,      7,     28,     28,     38,     37,     42,      8,      4,      7,     28,     28,     38,     37,      0,      0,      0,      0,      0,      0,      0,      0,    33.6,    45.4,    50.8,    61.2,    24.3,    35.0,    36.4,    46.7,    33.6,    45.4,    50.8,    61.2,    24.3,    35.0,    36.4,    46.7,     0.0,     0.0,     0.0,     0.0,     0.0,     0.0,     0.0,     0.0,"Megawatt Hours (MWh)","064FKA","NODX","064 "
"PJM.AEP-DAYTON HUB_mo_off_rtp - NODAL EXCHANGE",260915,2026-09-15,064FKB,NODX,01,064 ,   72396,    3351,    7405,    3455,   55929,   52555,   62735,   63415,    9661,    8981,   72396,    3351,    7405,    3455,   55929,   52555,   62735,   63415,    9661,    8981,       0,       0,       0,       0,       0,       0,       0,       0,       0,       0,    1015,    -130,    -810,     410,     850,    1530,    1130,    1130,    -115,    -115,  100.0,    4.6,   10.2,    4.8,   77.3,   72.6,   86.7,   87.6,   13.3,   12.4,  100.0,    4.6,   10.2,    4.8,   77.3,   72.6,   86.7,   87.6,   13.3,   12.4,    0.0,    0.0,    0.0,    0.0,    0.0,    0.0,    0.0,    0.0,    0.0,    0.0,     40,      6,      5,      6,     26,     27,     35,     35,     40,      6,      5,      6,     26,     27,     35,     35,      0,      0,      0,      0,      0,      0,      0,      0,    39.2,    43.0,    53.2,    58.6,    28.3,    33.4,    38.2,    44.2,    39.2,    43.0,    53.2,    58.6,    28.3,    33.4,    38.2,    44.2,     0.0,     0.0,     0.0,     0.0,     0.0,     0.0,     0.0,     0.0,"Megawatt Hours (MWh)","064FKB","NODX","064 "
"PJM.N ILLINOIS HUB_mo_on_rtp - NODAL EXCHANGE",260915,2026-09-15,064FKC,NODX,01,064 ,   67923,    1000,       0,     515,   60500,   61324,   62015,   61839,    5908,    6084,   67923,    1000,       0,     515,   60500,   61324,   62015,   61839,    5908,    6084,       0,       0,       0,       0,       0,       0,       0,       0,       0,       0,    -218,       0,       0,       0,    -750,    -750,    -750,    -750,     532,     532,  100.0,    1.5,    0.0,    0.8,   89.1,   90.3,   91.3,   91.0,    8.7,    9.0,  100.0,    1.5,    0.0,    0.8,   89.1,   90.3,   91.3,   91.0,    8.7,    9.0,    0.0,    0.0,    0.0,    0.0,    0.0,    0.0,    0.0,    0.0,    0.0,    0.0,     26,      4,      0,      2,     17,     17,     21,     19,     26,      4,      0,      2,     17,     17,     21,     19,      0,      0,      0,      0,      0,      0,      0,      0,    56.2,    61.5,    77.4,    78.6,    37.4,    50.8,    54.3,    59.0,    56.2,    61.5,    77.4,    78.6,    37.4,    50.8,    54.3,    59.0,     0.0,     0.0,     0.0,     0.0,     0.0,     0.0,     0.0,     0.0,"Megawatt Hours (MWh)","064FKC","NODX","064 "
"PJM.N ILLINOIS HUB_mo_off_rtp - NODAL EXCHANGE",260915,2026-09-15,064FKD,NODX,01,064 ,   65758,    3219,       0,     445,   55139,   58402,   58803,   58847,    6955,    6911,   65758,    3219,       0,     445,   55139,   58402,   58803,   58847,    6955,    6911,       0,       0,       0,       0,       0,       0,       0,       0,       0,       0,     335,       0,       0,       0,    -265,    -265,    -265,    -265,     600,     600,  100.0,    4.9,    0.0,    0.7,   83.9,   88.8,   89.4,   89.5,   10.6,   10.5,  100.0,    4.9,    0.0,    0.7,   83.9,   88.8,   89.4,   89.5,   10.6,   10.5,    0.0,    0.0,    0.0,    0.0,    0.0,    0.0,    0.0,    0.0,    0.0,    0.0,     26,      3,      0,      3,     18,     20,     21,     23,     26,      3,      0,      3,     18,     20,     21,     23,      0,      0,      0,      0,      0,      0,      0,      0,    55.9,    60.7,    72.7,    75.6,    31.3,    45.3,    45.3,    50.8,    55.9,    60.7,    72.7,    75.6,    31.3,    45.3,    45.3,    50.8,     0.0,     0.0,     0.0,     0.0,     0.0,     0.0,     0.0,     0.0,"Megawatt Hours (MWh)","064FKD","NODX","064 "
"PJM.WESTERN HUB_month_on_rtp - NODAL EXCHANGE",260915,2026-09-15,064FKE,NODX,01,064 ,  233669,   10191,   17257,    5274,  190605,  183410,  206070,  205941,   27599,   27728,  233669,   10191,   17257,    5274,  190605,  183410,  206070,  205941,   27599,   27728,       0,       0,       0,       0,       0,       0,       0,       0,       0,       0,     638,    -210,     455,     286,     651,     -14,     727,     727,     -89,     -89,  100.0,    4.4,    7.4,    2.3,   81.6,   78.5,   88.2,   88.1,   11.8,   11.9,  100.0,    4.4,    7.4,    2.3,   81.6,   78.5,   88.2,   88.1,   11.8,   11.9,    0.0,    0.0,    0.0,    0.0,    0.0,    0.0,    0.0,    0.0,    0.0,    0.0,     51,      9,      4,     10,     31,     34,     43,     45,     51,      9,      4,     10,     31,     34,     43,     45,      0,      0,      0,      0,      0,      0,      0,      0,    35.4,    47.1,    58.8,    63.0,    32.1,    41.6,    51.2,    53.4,    35.4,    47.1,    58.8,    63.0,    32.1,    41.6,    51.2,    53.4,     0.0,     0.0,     0.0,     0.0,     0.0,     0.0,     0.0,     0.0,"Megawatt Hours (MWh)","064FKE","NODX","064 "
"PJM.WESTERN HUB_month_off_rtp - NODAL EXCHANGE",260915,2026-09-15,064FKF,NODX,01,064 ,  194227,   12550,   12975,    6180,  142711,  142512,  161441,  161667,   32786,   32560,  194227,   12550,   12975,    6180,  142711,  142512,  161441,  161667,   32786,   32560,       0,       0,       0,       0,       0,       0,       0,       0,       0,       0,     546,     -71,     405,     120,    1168,     692,    1217,    1217,    -671,    -671,  100.0,    6.5,    6.7,    3.2,   73.5,   73.4,   83.1,   83.2,   16.9,   16.8,  100.0,    6.5,    6.7,    3.2,   73.5,   73.4,   83.1,   83.2,   16.9,   16.8,    0.0,    0.0,    0.0,    0.0,    0.0,    0.0,    0.0,    0.0,    0.0,    0.0,     48,      6,      5,      8,     32,     33,     41,     43,     48,      6,      5,      8,     32,     33,     41,     43,      0,      0,      0,      0,      0,      0,      0,      0,    36.7,    46.7,    55.2,    59.2,    32.0,    42.4,    46.6,    51.2,    36.7,    46.7,    55.2,    59.2,    32.0,    42.4,    46.6,    51.2,     0.0,     0.0,     0.0,     0.0,     0.0,     0.0,     0.0,     0.0,"Megawatt Hours (MWh)","064FKF","NODX","064 "
"ERCOT.HB_NORTH_month_on_rtp - NODAL EXCHANGE",260915,2026-09-15,064FOK,NODX,01,064 ,   79663,    1900,    1940,       0,   67983,   67943,   69883,   69883,    9780,    9780,   79663,    1900,    1940,       0,   67983,   67943,   69883,   69883,    9780,    9780,       0,       0,       0,       0,       0,       0,       0,       0,       0,       0,   -3247,      25,     -35,     -25,   -1162,   -2812,   -1162,   -2872,   -2085,    -375,  100.0,    2.4,    2.4,    0.0,   85.3,   85.3,   87.7,   87.7,   12.3,   12.3,  100.0,    2.4,    2.4,    0.0,   85.3,   85.3,   87.7,   87.7,   12.3,   12.3,    0.0,    0.0,    0.0,    0.0,    0.0,    0.0,    0.0,    0.0,    0.0,    0.0,     27,      1,      2,      0,     19,     21,     20,     23,     27,      1,      2,      0,     19,     21,     20,     23,      0,      0,      0,      0,      0,      0,      0,      0,    64.1,    46.7,    77.5,    68.2,    58.7,    43.9,    68.8,    60.8,    64.1,    46.7,    77.5,    68.2,    58.7,    43.9,    68.8,    60.8,     0.0,     0.0,     0.0,     0.0,     0.0,     0.0,     0.0,     0.0,"Megawatt Hours (MWh)","064FOK","NODX","064 "
"ERCOT.HB_NORTH_month_off_rtp - NODAL EXCHANGE",260915,2026-09-15,064FOL,NODX,01,064 ,   76653,       0,    1040,       0,   68144,   67060,   68144,   68100,    8509,    8553,   76653,       0,    1040,       0,   68144,   67060,   68144,   68100,    8509,    8553,       0,       0,       0,       0,       0,       0,       0,       0,       0,       0,   -3402,       0,     -35,       0,   -1551,   -3155,   -1551,   -3190,   -1851,    -212,  100.0,    0.0,    1.4,    0.0,   88.9,   87.5,   88.9,   88.8,   11.1,   11.2,  100.0,    0.0,    1.4,    0.0,   88.9,   87.5,   88.9,   88.8,   11.1,   11.2,    0.0,    0.0,    0.0,    0.0,    0.0,    0.0,    0.0,    0.0,    0.0,    0.0,     23,      0,      1,      0,     17,     20,     17,     21,     23,      0,      1,      0,     17,     20,     17,     21,      0,      0,      0,      0,      0,      0,      0,      0,    68.8,    48.8,    83.2,    70.1,    61.8,    45.9,    71.8,    63.0,    68.8,    48.8,    83.2,    70.1,    61.8,    45.9,    71.8,    63.0,     0.0,     0.0,     0.0,     0.0,     0.0,     0.0,     0.0,     0.0,"Megawatt Hours (MWh)","064FOL","NODX","064 "
"PJM.ATSI_month_on_dap - NODAL EXCHANGE",260915,2026-09-15,064FZA,NODX,01,064 ,   31005,    7790,    1455,     225,   21067,   27294,   29082,   28974,    1923,    2031,   31005,    7790,    1455,     225,   21067,   27294,   29082,   28974,    1923,    2031,       0,       0,       0,       0,       0,       0,       0,       0,       0,       0,     120,       0,       0,       0,     360,     120,     360,     120,    -240,       0,  100.0,   25.1,    4.7,    0.7,   67.9,   88.0,   93.8,   93.4,    6.2,    6.6,  100.0,   25.1,    4.7,    0.7,   67.9,   88.0,   93.8,   93.4,    6.2,    6.6,    0.0,    0.0,    0.0,    0.0,    0.0,    0.0,    0.0,    0.0,    0.0,    0.0,     22,      2,      3,      1,     13,      8,     16,     11,     22,      2,      3,      1,     13,      8,     16,     11,      0,      0,      0,      0,      0,      0,      0,      0,    67.9,    78.0,    84.4,    90.1,    63.7,    77.5,    77.6,    84.4,    67.9,    78.0,    84.4,    90.1,    63.7,    77.5,    77.6,    84.4,     0.0,     0.0,     0.0,     0.0,     0.0,     0.0,     0.0,     0.0,"Megawatt Hours (MWh)","064FZA","NODX","064 "
"PJM.ATSI_month_off_dap - NODAL EXCHANGE",260915,2026-09-15,064FZB,NODX,01,064 ,   31005,    7790,    1455,     225,   21067,   27294,   29082,   28974,    1923,    2031,   31005,    7790,    1455,     225,   21067,   27294,   29082,   28974,    1923,    2031,       0,       0,       0,       0,       0,       0,       0,       0,       0,       0,     120,       0,       0,       0,     360,     120,     360,     120,    -240,       0,  100.0,   25.1,    4.7,    0.7,   67.9,   88.0,   93.8,   93.4,    6.2,    6.6,  100.0,   25.1,    4.7,    0.7,   67.9,   88.0,   93.8,   93.4,    6.2,    6.6,    0.0,    0.0,    0.0,    0.0,    0.0,    0.0,    0.0,    0.0,    0.0,    0.0,     22,      2,      3,      1,     13,      8,     16,     11,     22,      2,      3,      1,     13,      8,     16,     11,      0,      0,      0,      0,      0,      0,      0,      0,    67.9,    78.0,    84.4,    90.1,    63.7,    77.5,    77.6,    84.4,    67.9,    78.0,    84.4,    90.1,    63.7,    77.5,    77.6,    84.4,     0.0,     0.0,     0.0,     0.0,     0.0,     0.0,     0.0,     0.0,"Megawatt Hours (MWh)","064FZB","NODX","064 "
"ERCOT.HB_NORTH_month_7x8_rtp - NODAL EXCHANGE",260915,2026-09-15,064GBD,NODX,01,064 ,   37765,    7200,    1150,    2350,   26465,   32695,   36015,   36195,    1750,    1570,   37765,    7200,    1150,    2350,   26465,   32695,   36015,   36195,    1750,    1570,       0,       0,       0,       0,       0,       0,       0,       0,       0,       0,   -1040,       0,    -250,       0,    -360,    -450,    -360,    -700,    -680,    -340,  100.0,   19.1,    3.0,    6.2,   70.1,   86.6,   95.4,   95.8,    4.6,    4.2,  100.0,   19.1,    3.0,    6.2,   70.1,   86.6,   95.4,   95.8,    4.6,    4.2,    0.0,    0.0,    0.0,    0.0,    0.0,    0.0,    0.0,    0.0,    0.0,    0.0,     21,      1,      1,      1,     17,     14,     19,     15,     21,      1,      1,      1,     17,     14,     19,     15,      0,      0,      0,      0,      0,      0,      0,      0,    56.3,    62.6,    77.6,    85.8,    48.4,    48.4,    56.5,    59.2,    56.3,    62.6,    77.6,    85.8,    48.4,    48.4,    56.5,    59.2,     0.0,     0.0,     0.0,     0.0,     0.0,     0.0,     0.0,     0.0,"Megawatt Hours (MWh)","064GBD","NODX","064 "
"ERCOT North 345KV Hub RT 7x16 - ICE FUTURES ENERGY DIV",260915,2026-09-15,064IBM,IFED,01,064 ,   16211,     425,    2505,     300,   15106,   13151,   15831,   15956,     380,     255,   16211,     425,    2505,     300,   15106,   13151,   15831,   15956,     380,     255,       0,       0,       0,       0,       0,       0,       0,       0,       0,       0,   -1068,      50,    -150,    -100,    -870,    -743,    -920,    -993,    -148,     -75,  100.0,    2.6,   15.5,    1.9,   93.2,   81.1,   97.7,   98.4,    2.3,    1.6,  100.0,    2.6,   15.5,    1.9,   93.2,   81.1,   97.7,   98.4,    2.3,    1.6,    0.0,    0.0,    0.0,    0.0,    0.0,    0.0,    0.0,    0.0,    0.0,    0.0,     27,      3,      4,      2,     18,     16,     22,     21,     27,      3,      4,      2,     18,     16,     22,     21,      0,      0,      0,      0,      0,      0,      0,      0,    46.0,    51.5,    71.9,    73.1,    25.1,    33.7,    37.4,    43.2,    46.0,    51.5,    71.9,    73.1,    25.1,    33.7,    37.4,    43.2,     0.0,     0.0,     0.0,     0.0,     0.0,     0.0,     0.0,     0.0,"(1MW for about 352 Hours)","064IBM","IFED","064 "
"PROPANE ARGUS CIF ARA MINI - ICE FUTURES ENERGY DIV",260915,2026-09-15,066391,IFED,01,066 ,    6835,     168,    4116,     151,    5926,    2044,    6245,    6311,     590,     524,    6835,     168,    4116,     151,    5926,    2044,    6245,    6311,     590,     524,       0,       0,       0,       0,       0,       0,       0,       0,       0,       0,     656,     168,     454,      73,     552,     374,     793,     901,    -137,    -245,  100.0,    2.5,   60.2,    2.2,   86.7,   29.9,   91.4,   92.3,    8.6,    7.7,  100.0,    2.5,   60.2,    2.2,   86.7,   29.9,   91.4,   92.3,    8.6,    7.7,    0.0,    0.0,    0.0,    0.0,    0.0,    0.0,    0.0,    0.0,    0.0,    0.0,     35,      1,      7,      6,     23,     20,     29,     28,     35,      1,      7,      6,     23,     20,     29,     28,      0,      0,      0,      0,      0,      0,      0,      0,    37.0,    61.2,    61.3,    79.5,    36.5,    60.1,    58.9,    75.0,    37.0,    61.2,    61.3,    79.5,    36.5,    60.1,    58.9,    75.0,     0.0,     0.0,     0.0,     0.0,     0.0,     0.0,     0.0,     0.0,"100 metric tonnes","066391","IFED","066 "
"PROPANE ARGUS FAR EAST MINI - ICE FUTURES ENERGY DIV",260915,2026-09-15,066393,IFED,01,066 ,    9753,    1881,    3183,     568,    6185,    5174,    8634,    8925,    1119,     828,    9753,    1881,    3183,     568,    6185,    5174,    8634,    8925,    1119,     828,       0,       0,       0,       0,       0,       0,       0,       0,       0,       0,     578,    -130,     186,     150,     759,     242,     779,     578,    -201,       0,  100.0,   19.3,   32.6,    5.8,   63.4,   53.1,   88.5,   91.5,   11.5,    8.5,  100.0,   19.3,   32.6,    5.8,   63.4,   53.1,   88.5,   91.5,   11.5,    8.5,    0.0,    0.0,    0.0,    0.0,    0.0,    0.0,    0.0,    0.0,    0.0,    0.0,     67,     12,      8,     11,     39,     30,     53,     47,     67,     12,      8,     11,     39,     30,     53,     47,      0,      0,      0,      0,      0,      0,      0,      0,    17.1,    54.0,    30.6,    65.7,    16.0,    53.1,    28.6,    61.0,    17.1,    54.0,    30.6,    65.7,    16.0,    53.1,    28.6,    61.0,     0.0,     0.0,     0.0,     0.0,     0.0,     0.0,     0.0,     0.0,"100  metric tonnes","066393","IFED","066 "
"PROPANE ARGUS SAUDI CP MINI - ICE FUTURES ENERGY DIV",260915,2026-09-15,06639H,IFED,01,066 ,    2693,     500,    1262,     143,    1308,     583,    1951,    1988,     742,     705,    2693,     500,    1262,     143,    1308,     583,    1951,    1988,     742,     705,       0,       0,       0,       0,       0,       0,       0,       0,       0,       0,.,.,.,.,.,.,.,.,.,.,  100.0,   18.6,   46.9,    5.3,   48.6,   21.6,   72.4,   73.8,   27.6,   26.2,  100.0,   18.6,   46.9,    5.3,   48.6,   21.6,   72.4,   73.8,   27.6,   26.2,    0.0,    0.0,    0.0,    0.0,    0.0,    0.0,    0.0,    0.0,    0.0,    0.0,     21,      5,      5,      4,      9,      4,     18,     10,     21,      5,      5,      4,      9,      4,     18,     10,      0,      0,      0,      0,      0,      0,      0,      0,    41.0,    55.6,    56.2,    70.7,    41.0,    48.9,    53.6,    58.9,    41.0,    55.6,    56.2,    70.7,    41.0,    48.9,    53.6,    58.9,     0.0,     0.0,     0.0,     0.0,     0.0,     0.0,     0.0,     0.0,"100 Metric  Tonnes","06639H","IFED","066 "
"PROPANE,OPIS MT B TET/AFEI - ICE FUTURES ENERGY DIV",260915,2026-09-15,06639W,IFED,01,066 ,    4294,     220,    1454,     445,    2848,    1726,    3513,    3625,     781,     669,    4294,     220,    1454,     445,    2848,    1726,    3513,    3625,     781,     669,       0,       0,       0,       0,       0,       0,       0,       0,       0,       0,     150,      -7,     -55,      26,     142,      83,     161,      54,     -11,      96,  100.0,    5.1,   33.9,   10.4,   66.3,   40.2,   81.8,   84.4,   18.2,   15.6,  100.0,    5.1,   33.9,   10.4,   66.3,   40.2,   81.8,   84.4,   18.2,   15.6,    0.0,    0.0,    0.0,    0.0,    0.0,    0.0,    0.0,    0.0,    0.0,    0.0,     24,      4,      4,      7,     14,     11,     22,     18,     24,      4,      4,      7,     14,     11,     22,     18,      0,      0,      0,      0,      0,      0,      0,      0,    45.7,    66.1,    62.4,    77.9,    45.6,    62.8,    58.2,    67.3,    45.7,    66.1,    62.4,    77.9,    45.6,    62.8,    58.2,    67.3,     0.0,     0.0,     0.0,     0.0,     0.0,     0.0,     0.0,     0.0,"1000 Metric Tonnes","06639W","IFED","066 "
"ARGUS CIF ARA Lg Finl Propane - ICE FUTURES ENERGY DIV",260915,2026-09-15,066411,IFED,01,066 ,    4121,     845,     198,     469,    2164,    2722,    3478,    3389,     643,     732,    4121,     845,     198,     469,    2164,    2722,    3478,    3389,     643,     732,       0,       0,       0,       0,       0,       0,       0,       0,       0,       0,     112,      62,      -5,      38,     -38,      46,      62,      79,      50,      33,  100.0,   20.5,    4.8,   11.4,   52.5,   66.1,   84.4,   82.2,   15.6,   17.8,  100.0,   20.5,    4.8,   11.4,   52.5,   66.1,   84.4,   82.2,   15.6,   17.8,    0.0,    0.0,    0.0,    0.0,    0.0,    0.0,    0.0,    0.0,    0.0,    0.0,     22,      3,      2,      4,     15,     16,     19,     21,     22,      3,      2,      4,     15,     16,     19,     21,      0,      0,      0,      0,      0,      0,      0,      0,    44.6,    38.7,    67.1,    58.3,    32.9,    27.1,    40.4,    35.7,    44.6,    38.7,    67.1,    58.3,    32.9,    27.1,    40.4,    35.7,     0.0,     0.0,     0.0,     0.0,     0.0,     0.0,     0.0,     0.0,"1000 metric tonnes","066411","IFED","066 "
"ARGUS FAR EAST PROPANE - ICE FUTURES ENERGY DIV",260915,2026-09-15,066413,IFED,01,066 ,   15863,    1955,    1045,    2048,   10470,   11906,   14473,   14999,    1390,     864,   15863,    1955,    1045,    2048,   10470,   11906,   14473,   14999,    1390,     864,       0,       0,       0,       0,       0,       0,       0,       0,       0,       0,     728,     360,     -15,      74,     568,     621,    1002,     680,    -274,      48,  100.0,   12.3,    6.6,   12.9,   66.0,   75.1,   91.2,   94.6,    8.8,    5.4,  100.0,   12.3,    6.6,   12.9,   66.0,   75.1,   91.2,   94.6,    8.8,    5.4,    0.0,    0.0,    0.0,    0.0,    0.0,    0.0,    0.0,    0.0,    0.0,    0.0,     75,     12,      7,     19,     50,     51,     71,     70,     75,     12,      7,     19,     50,     51,     71,     70,      0,      0,      0,      0,      0,      0,      0,      0,    31.5,    28.2,    43.5,    43.8,    25.9,    27.2,    34.4,    39.9,    31.5,    28.2,    43.5,    43.8,    25.9,    27.2,    34.4,    39.9,     0.0,     0.0,     0.0,     0.0,     0.0,     0.0,     0.0,     0.0,"1000  metric tonnes","066413","IFED","066 "
"ETHANE, MT. BELV-ENTERPRISE - ICE FUTURES ENERGY DIV",260915,2026-09-15,066416,IFED,01,066 ,   91430,   14704,    2447,   11688,   64618,   77104,   91010,   91239,     420,     191,   91430,   14704,    2447,   11688,   64618,   77104,   91010,   91239,     420,     191,       0,       0,       0,       0,       0,       0,       0,       0,       0,       0,    2477,    2544,    -338,      64,     106,    2751,    2714,    2477,    -237,       0,  100.0,   16.1,    2.7,   12.8,   70.7,   84.3,   99.5,   99.8,    0.5,    0.2,  100.0,   16.1,    2.7,   12.8,   70.7,   84.3,   99.5,   99.8,    0.5,    0.2,    0.0,    0.0,    0.0,    0.0,    0.0,    0.0,    0.0,    0.0,    0.0,    0.0,     56,      9,      6,     10,     35,     37,     49,     48,     56,      9,      6,     10,     35,     37,     49,     48,      0,      0,      0,      0,      0,      0,      0,      0,    43.6,    37.4,    62.5,    57.2,    27.1,    23.7,    35.4,    33.5,    43.6,    37.4,    62.5,    57.2,    27.1,    23.7,    35.4,    33.5,     0.0,     0.0,     0.0,     0.0,     0.0,     0.0,     0.0,     0.0,"42000 gallons(1000 barrels)","066416","IFED","066 "
"ISOBUTANE OPIS MT BELV NONTET - ICE FUTURES ENERGY DIV",260915,2026-09-15,066418,IFED,01,066 ,    8628,     451,    1354,       2,    7958,    6766,    8411,    8122,     217,     506,    8628,     451,    1354,       2,    7958,    6766,    8411,    8122,     217,     506,       0,       0,       0,       0,       0,       0,       0,       0,       0,       0,      42,       0,       0,       0,     258,      30,     258,      30,    -216,      12,  100.0,    5.2,   15.7,    0.0,   92.2,   78.4,   97.5,   94.1,    2.5,    5.9,  100.0,    5.2,   15.7,    0.0,   92.2,   78.4,   97.5,   94.1,    2.5,    5.9,    0.0,    0.0,    0.0,    0.0,    0.0,    0.0,    0.0,    0.0,    0.0,    0.0,     33,      2,      3,      1,     19,     13,     22,     16,     33,      2,      3,      1,     19,     13,     22,     16,      0,      0,      0,      0,      0,      0,      0,      0,    50.5,    56.6,    72.2,    83.5,    43.9,    56.6,    64.9,    78.7,    50.5,    56.6,    72.2,    83.5,    43.9,    56.6,    64.9,    78.7,     0.0,     0.0,     0.0,     0.0,     0.0,     0.0,     0.0,     0.0,"42000 gallons(1000 barrels)","066418","IFED","066 "
"NAT GASLNE OPIS MT B NONTET FP - ICE FUTURES ENERGY DIV",260915,2026-09-15,06641A,IFED,01,066 ,   16824,     182,    3881,     636,   15918,   11195,   16736,   15712,      88,    1112,   16824,     182,    3881,     636,   15918,   11195,   16736,   15712,      88,    1112,       0,       0,       0,       0,       0,       0,       0,       0,       0,       0,     628,     -15,     390,      12,     631,     226,     628,     628,       0,       0,  100.0,    1.1,   23.1,    3.8,   94.6,   66.5,   99.5,   93.4,    0.5,    6.6,  100.0,    1.1,   23.1,    3.8,   94.6,   66.5,   99.5,   93.4,    0.5,    6.6,    0.0,    0.0,    0.0,    0.0,    0.0,    0.0,    0.0,    0.0,    0.0,    0.0,     33,      1,      3,      3,     21,     26,     24,     30,     33,      1,      3,      3,     21,     26,     24,     30,      0,      0,      0,      0,      0,      0,      0,      0,    64.1,    59.2,    84.0,    73.0,    52.7,    46.2,    64.8,    56.3,    64.1,    59.2,    84.0,    73.0,    52.7,    46.2,    64.8,    56.3,     0.0,     0.0,     0.0,     0.0,     0.0,     0.0,     0.0,     0.0,"42000 gallons(1000 barrels)","06641A","IFED","066 "
"BUTANE OPIS MT BELV NONTET FP - ICE FUTURES ENERGY DIV",260915,2026-09-15,06641D,IFED,01,066 ,   63782,   10757,    5690,    7603,   45200,   50067,   63560,   63360,     222,     422,   63782,   10757,    5690,    7603,   45200,   50067,   63560,   63360,     222,     422,       0,       0,       0,       0,       0,       0,       0,       0,       0,       0,    4134,     996,    -285,    1503,    1745,    2943,    4244,    4161,    -110,     -27,  100.0,   16.9,    8.9,   11.9,   70.9,   78.5,   99.7,   99.3,    0.3,    0.7,  100.0,   16.9,    8.9,   11.9,   70.9,   78.5,   99.7,   99.3,    0.3,    0.7,    0.0,    0.0,    0.0,    0.0,    0.0,    0.0,    0.0,    0.0,    0.0,    0.0,     98,     16,      6,     18,     61,     58,     84,     78,     98,     16,      6,     18,     61,     58,     84,     78,      0,      0,      0,      0,      0,      0,      0,      0,    26.9,    30.9,    42.4,    46.9,    21.2,    19.7,    31.9,    31.7,    26.9,    30.9,    42.4,    46.9,    21.2,    19.7,    31.9,    31.7,     0.0,     0.0,     0.0,     0.0,     0.0,     0.0,     0.0,     0.0,"42000 gallons(1000 barrels)","06641D","IFED","066 "
"PROPANE OPIS CONWAY INWELL FP - ICE FUTURES ENERGY DIV",260915,2026-09-15,06641E,IFED,01,066 ,   10602,    2301,     825,     625,    7359,    8702,   10285,   10152,     317,     450,   10602,    2301,     825,     625,    7359,    8702,   10285,   10152,     317,     450,       0,       0,       0,       0,       0,       0,       0,       0,       0,       0,     251,     -72,     -30,      33,     300,     268,     261,     271,     -10,     -20,  100.0,   21.7,    7.8,    5.9,   69.4,   82.1,   97.0,   95.8,    3.0,    4.2,  100.0,   21.7,    7.8,    5.9,   69.4,   82.1,   97.0,   95.8,    3.0,    4.2,    0.0,    0.0,    0.0,    0.0,    0.0,    0.0,    0.0,    0.0,    0.0,    0.0,     36,      5,      2,      5,     24,     24,     30,     30,     36,      5,      2,      5,     24,     24,     30,     30,      0,      0,      0,      0,      0,      0,      0,      0,    58.8,    51.0,    73.7,    74.1,    53.5,    45.9,    62.1,    58.3,    58.8,    51.0,    73.7,    74.1,    53.5,    45.9,    62.1,    58.3,     0.0,     0.0,     0.0,     0.0,     0.0,     0.0,     0.0,     0.0,"42000 gallons(1000 barrels)","06641E","IFED","066 "
"PROPANE OPIS MT BELV NONTET FP - ICE FUTURES ENERGY DIV",260915,2026-09-15,06641F,IFED,01,066 ,  106303,   14429,    5698,   12362,   79167,   87625,  105958,  105685,     345,     618,  106303,   14429,    5698,   12362,   79167,   87625,  105958,  105685,     345,     618,       0,       0,       0,       0,       0,       0,       0,       0,       0,       0,    4778,    1490,    1743,    1331,    1957,    1716,    4778,    4790,       0,     -12,  100.0,   13.6,    5.4,   11.6,   74.5,   82.4,   99.7,   99.4,    0.3,    0.6,  100.0,   13.6,    5.4,   11.6,   74.5,   82.4,   99.7,   99.4,    0.3,    0.6,    0.0,    0.0,    0.0,    0.0,    0.0,    0.0,    0.0,    0.0,    0.0,    0.0,     79,      7,      8,      7,     43,     44,     55,     54,     79,      7,      8,      7,     43,     44,     55,     54,      0,      0,      0,      0,      0,      0,      0,      0,    55.3,    34.6,    71.8,    58.2,    47.2,    27.4,    61.5,    48.9,    55.3,    34.6,    71.8,    58.2,    47.2,    27.4,    61.5,    48.9,     0.0,     0.0,     0.0,     0.0,     0.0,     0.0,     0.0,     0.0,"42000 gallons(1000 barrels)","06641F","IFED","066 "
"PROPANE OPIS MT BELVIEU TET FP - ICE FUTURES ENERGY DIV",260915,2026-09-15,06641G,IFED,01,066 ,  179362,   31044,   35596,   21916,  125759,  121221,  178719,  178733,     643,     629,  179362,   31044,   35596,   21916,  125759,  121221,  178719,  178733,     643,     629,       0,       0,       0,       0,       0,       0,       0,       0,       0,       0,    9684,    1525,    3174,    1476,    6674,    4854,    9675,    9504,       9,     180,  100.0,   17.3,   19.8,   12.2,   70.1,   67.6,   99.6,   99.6,    0.4,    0.4,  100.0,   17.3,   19.8,   12.2,   70.1,   67.6,   99.6,   99.6,    0.4,    0.4,    0.0,    0.0,    0.0,    0.0,    0.0,    0.0,    0.0,    0.0,    0.0,    0.0,    144,     15,     27,     25,     84,     87,    114,    124,    144,     15,     27,     25,     84,     87,    114,    124,      0,      0,      0,      0,      0,      0,      0,      0,    29.3,    29.6,    45.5,    43.2,    29.0,    24.1,    42.3,    34.4,    29.3,    29.6,    45.5,    43.2,    29.0,    24.1,    42.3,    34.4,     0.0,     0.0,     0.0,     0.0,     0.0,     0.0,     0.0,     0.0,"42000 gallons(1000 barrels)","06641G","IFED","066 "
"PROPANE ARGUS SAUDI CP FP - ICE FUTURES ENERGY DIV",260915,2026-09-15,06641H,IFED,01,066 ,    3422,     638,     177,     245,    1032,    2494,    1915,    2916,    1507,     506,    3422,     638,     177,     245,    1032,    2494,    1915,    2916,    1507,     506,       0,       0,       0,       0,       0,       0,       0,       0,       0,       0,     405,      43,      56,      79,     124,     295,     246,     430,     159,     -25,  100.0,   18.6,    5.2,    7.2,   30.2,   72.9,   56.0,   85.2,   44.0,   14.8,  100.0,   18.6,    5.2,    7.2,   30.2,   72.9,   56.0,   85.2,   44.0,   14.8,    0.0,    0.0,    0.0,    0.0,    0.0,    0.0,    0.0,    0.0,    0.0,    0.0,     29,      6,      2,      4,     12,     18,     20,     22,     29,      6,      2,      4,     12,     18,     20,     22,      0,      0,      0,      0,      0,      0,      0,      0,    29.9,    42.4,    44.1,    63.8,    24.4,    42.0,    35.5,    61.3,    29.9,    42.4,    44.1,    63.8,    24.4,    42.0,    35.5,    61.3,     0.0,     0.0,     0.0,     0.0,     0.0,     0.0,     0.0,     0.0,"1000 Metric  Tonnes","06641H","IFED","066 "
"ARGUS PROPANE FAR EAST INDEX - NEW YORK MERCANTILE EXCHANGE",260915,2026-09-15,06665B,NYME,01,066 ,    4444,    1002,      35,      34,    2511,    3878,    3547,    3947,     897,     497,    4444,    1002,      35,      34,    2511,    3878,    3547,    3947,     897,     497,       0,       0,       0,       0,       0,       0,       0,       0,       0,       0,      78,      26,     -22,     -50,       5,      60,     -19,     -12,      97,      90,  100.0,   22.5,    0.8,    0.8,   56.5,   87.3,   79.8,   88.8,   20.2,   11.2,  100.0,   22.5,    0.8,    0.8,   56.5,   87.3,   79.8,   88.8,   20.2,   11.2,    0.0,    0.0,    0.0,    0.0,    0.0,    0.0,    0.0,    0.0,    0.0,    0.0,     25,      4,      1,      2,     18,     17,     22,     20,     25,      4,      1,      2,     18,     17,     22,     20,      0,      0,      0,      0,      0,      0,      0,      0,    50.0,    67.8,    62.9,    78.2,    47.6,    64.8,    57.6,    69.4,    50.0,    67.8,    62.9,    78.2,    47.6,    64.8,    57.6,    69.4,     0.0,     0.0,     0.0,     0.0,     0.0,     0.0,     0.0,     0.0,"(CONTRACTS OF 1,000 METRIC TONS)","06665B","NYME","066 "
"PROPANE NON-LDH MT BEL - NEW YORK MERCANTILE EXCHANGE",260915,2026-09-15,06665G,NYME,01,066 ,   29755,    2360,     917,    2024,   24951,   26125,   29335,   29066,     420,     689,   29755,    2360,     917,    2024,   24951,   26125,   29335,   29066,     420,     689,       0,       0,       0,       0,       0,       0,       0,       0,       0,       0,    1217,     -25,     -75,     402,     885,     845,    1262,    1172,     -45,      45,  100.0,    7.9,    3.1,    6.8,   83.9,   87.8,   98.6,   97.7,    1.4,    2.3,  100.0,    7.9,    3.1,    6.8,   83.9,   87.8,   98.6,   97.7,    1.4,    2.3,    0.0,    0.0,    0.0,    0.0,    0.0,    0.0,    0.0,    0.0,    0.0,    0.0,     57,      3,      3,      3,     39,     32,     44,     36,     57,      3,      3,      3,     39,     32,     44,     36,      0,      0,      0,      0,      0,      0,      0,      0,    33.4,    43.3,    51.8,    60.4,    33.4,    39.5,    49.1,    55.3,    33.4,    43.3,    51.8,    60.4,    33.4,    39.5,    49.1,    55.3,     0.0,     0.0,     0.0,     0.0,     0.0,     0.0,     0.0,     0.0,"(CONTRACTS OF 42,000 GALLONS)","06665G","NYME","066 "
"PROPANE - NEW YORK MERCANTILE EXCHANGE",260915,2026-09-15,06665O,NYME,01,066 ,  108605,    5159,   11651,   13236,   89360,   82910,  107755,  107797,     850,     808,  108605,    5159,   11651,   13236,   89360,   82910,  107755,  107797,     850,     808,       0,       0,       0,       0,       0,       0,       0,       0,       0,       0,    2632,    2260,     996,     587,    -166,    1116,    2681,    2699,     -49,     -67,  100.0,    4.8,   10.7,   12.2,   82.3,   76.3,   99.2,   99.3,    0.8,    0.7,  100.0,    4.8,   10.7,   12.2,   82.3,   76.3,   99.2,   99.3,    0.8,    0.7,    0.0,    0.0,    0.0,    0.0,    0.0,    0.0,    0.0,    0.0,    0.0,    0.0,    134,     20,     18,     21,     84,     75,    116,    103,    134,     20,     18,     21,     84,     75,    116,    103,      0,      0,      0,      0,      0,      0,      0,      0,    35.2,    23.3,    49.6,    40.8,    30.3,    22.0,    34.9,    33.1,    35.2,    23.3,    49.6,    40.8,    30.3,    22.0,    34.9,    33.1,     0.0,     0.0,     0.0,     0.0,     0.0,     0.0,     0.0,     0.0,"(CONTRACTS OF 42,000 GALLONS)","06665O","NYME","066 "
"MT BELVIEU ETHANE OPIS - NEW YORK MERCANTILE EXCHANGE",260915,2026-09-15,06665P,NYME,01,066 ,   47414,    2312,     400,     690,   43946,   45694,   46948,   46784,     466,     630,   47414,    2312,     400,     690,   43946,   45694,   46948,   46784,     466,     630,       0,       0,       0,       0,       0,       0,       0,       0,       0,       0,     125,     120,     -10,     -10,      25,     145,     135,     125,     -10,       0,  100.0,    4.9,    0.8,    1.5,   92.7,   96.4,   99.0,   98.7,    1.0,    1.3,  100.0,    4.9,    0.8,    1.5,   92.7,   96.4,   99.0,   98.7,    1.0,    1.3,    0.0,    0.0,    0.0,    0.0,    0.0,    0.0,    0.0,    0.0,    0.0,    0.0,     52,     12,      3,      6,     28,     33,     42,     41,     52,     12,      3,      6,     28,     33,     42,     41,      0,      0,      0,      0,      0,      0,      0,      0,    60.7,    36.8,    76.3,    58.3,    41.8,    29.1,    47.5,    38.9,    60.7,    36.8,    76.3,    58.3,    41.8,    29.1,    47.5,    38.9,     0.0,     0.0,     0.0,     0.0,     0.0,     0.0,     0.0,     0.0,"(CONTRACTS OF 42,000 GALLONS)","06665P","NYME","066 "
"MT BELV NORM BUTANE OPIS - NEW YORK MERCANTILE EXCHANGE",260915,2026-09-15,06665Q,NYME,01,066 ,   46943,    4060,    2971,    3274,   38850,   39500,   46184,   45745,     759,    1198,   46943,    4060,    2971,    3274,   38850,   39500,   46184,   45745,     759,    1198,       0,       0,       0,       0,       0,       0,       0,       0,       0,       0,    1496,     177,       5,     167,    1062,    1210,    1406,    1382,      90,     114,  100.0,    8.6,    6.3,    7.0,   82.8,   84.1,   98.4,   97.4,    1.6,    2.6,  100.0,    8.6,    6.3,    7.0,   82.8,   84.1,   98.4,   97.4,    1.6,    2.6,    0.0,    0.0,    0.0,    0.0,    0.0,    0.0,    0.0,    0.0,    0.0,    0.0,    105,     17,     10,     16,     64,     61,     91,     81,    105,     17,     10,     16,     64,     61,     91,     81,      0,      0,      0,      0,      0,      0,      0,      0,    25.0,    22.5,    40.7,    36.8,    19.7,    16.7,    31.4,    28.3,    25.0,    22.5,    40.7,    36.8,    19.7,    16.7,    31.4,    28.3,     0.0,     0.0,     0.0,     0.0,     0.0,     0.0,     0.0,     0.0,"(CONTRACTS OF 42,000 GALLONS)","06665Q","NYME","066 "
"MT BELV NAT GASOLINE OPIS - NEW YORK MERCANTILE EXCHANGE",260915,2026-09-15,06665R,NYME,01,066 ,   51909,    2187,    1288,     216,   49358,   49268,   51761,   50772,     148,    1137,   51909,    2187,    1288,     216,   49358,   49268,   51761,   50772,     148,    1137,       0,       0,       0,       0,       0,       0,       0,       0,       0,       0,    3917,     -10,      85,      32,    3892,    3901,    3914,    4018,       3,    -101,  100.0,    4.2,    2.5,    0.4,   95.1,   94.9,   99.7,   97.8,    0.3,    2.2,  100.0,    4.2,    2.5,    0.4,   95.1,   94.9,   99.7,   97.8,    0.3,    2.2,    0.0,    0.0,    0.0,    0.0,    0.0,    0.0,    0.0,    0.0,    0.0,    0.0,     51,      4,      3,      5,     28,     34,     36,     39,     51,      4,      3,      5,     28,     34,     36,     39,      0,      0,      0,      0,      0,      0,      0,      0,    81.5,    45.8,    90.1,    69.4,    76.4,    45.0,    82.1,    67.5,    81.5,    45.8,    90.1,    69.4,    76.4,    45.0,    82.1,    67.5,     0.0,     0.0,     0.0,     0.0,     0.0,     0.0,     0.0,     0.0,"(CONTRACTS OF 42,000 GALLONS)","06665R","NYME","066 "
"CONWAY PROPANE (OPIS) - NEW YORK MERCANTILE EXCHANGE",260915,2026-09-15,06665T,NYME,01,066 ,   19694,     455,    1510,     973,   17216,   16820,   18644,   19303,    1050,     391,   19694,     455,    1510,     973,   17216,   16820,   18644,   19303,    1050,     391,       0,       0,       0,       0,       0,       0,       0,       0,       0,       0,     196,      73,     -33,     -53,     156,     235,     176,     149,      20,      47,  100.0,    2.3,    7.7,    4.9,   87.4,   85.4,   94.7,   98.0,    5.3,    2.0,  100.0,    2.3,    7.7,    4.9,   87.4,   85.4,   94.7,   98.0,    5.3,    2.0,    0.0,    0.0,    0.0,    0.0,    0.0,    0.0,    0.0,    0.0,    0.0,    0.0,     53,      3,      7,      7,     34,     30,     41,     40,     53,      3,      7,      7,     34,     30,     41,     40,      0,      0,      0,      0,      0,      0,      0,      0,    48.3,    42.8,    63.6,    67.5,    46.2,    39.0,    58.6,    56.8,    48.3,    42.8,    63.6,    67.5,    46.2,    39.0,    58.6,    56.8,     0.0,     0.0,     0.0,     0.0,     0.0,     0.0,     0.0,     0.0,"(CONTRACTS OF 42,000 GALLONS)","06665T","NYME","066 "
"CRUDE DIFF-WCS HOUSTON/WTI 1ST - ICE FUTURES ENERGY DIV",260915,2026-09-15,06739C,IFED,01,067 ,   71868,   12014,    1335,     430,   59424,   70088,   71868,   71853,       0,      15,   71868,   12014,    1335,     430,   59424,   70088,   71868,   71853,       0,      15,       0,       0,       0,       0,       0,       0,       0,       0,       0,       0,    7205,     550,     445,    -305,    6980,    7065,    7225,    7205,     -20,       0,  100.0,   16.7,    1.9,    0.6,   82.7,   97.5,  100.0,  100.0,    0.0,    0.0,  100.0,   16.7,    1.9,    0.6,   82.7,   97.5,  100.0,  100.0,    0.0,    0.0,    0.0,    0.0,    0.0,    0.0,    0.0,    0.0,    0.0,    0.0,    0.0,    0.0,     42,      3,      1,      3,     32,     25,     36,     28,     42,      3,      1,      3,     32,     25,     36,     28,      0,      0,      0,      0,      0,      0,      0,      0,    46.9,    69.4,    66.3,    84.1,    37.5,    59.7,    51.2,    66.2,    46.9,    69.4,    66.3,    84.1,    37.5,    59.7,    51.2,    66.2,     0.0,     0.0,     0.0,     0.0,     0.0,     0.0,     0.0,     0.0,"(1000 Barrels)","06739C","IFED","067 "
"CRUDE OIL, LIGHT SWEET-WTI - ICE FUTURES EUROPE",260915,2026-09-15,067411,ICEU,01,067 ,  753881,   69195,   87040,  191681,  475112,  460406,  735988,  739127,   17893,   14754,  753881,   69195,   87040,  191681,  475112,  460406,  735988,  739127,   17893,   14754,       0,       0,       0,       0,       0,       0,       0,       0,       0,       0,     448,    6672,    -267,   -6108,   -1199,    5608,    -635,    -767,    1083,    1215,  100.0,    9.2,   11.5,   25.4,   63.0,   61.1,   97.6,   98.0,    2.4,    2.0,  100.0,    9.2,   11.5,   25.4,   63.0,   61.1,   97.6,   98.0,    2.4,    2.0,    0.0,    0.0,    0.0,    0.0,    0.0,    0.0,    0.0,    0.0,    0.0,    0.0,    111,     16,     34,     45,     52,     51,     98,    102,    111,     16,     34,     45,     52,     51,     98,    102,      0,      0,      0,      0,      0,      0,      0,      0,    33.0,    31.7,    50.4,    45.8,    26.2,    20.0,    35.8,    27.3,    33.0,    31.7,    50.4,    45.8,    26.2,    20.0,    35.8,    27.3,     0.0,     0.0,     0.0,     0.0,     0.0,     0.0,     0.0,     0.0,"(CONTRACTS OF 1,000 BARRELS)","067411","ICEU","067 "
"CRUDE DIFF-TMX WCS 1A INDEX - ICE FUTURES ENERGY DIV",260915,2026-09-15,06742G,IFED,01,067 ,   78546,     475,   22255,     485,   77531,   55388,   78491,   78128,      55,     418,   78546,     475,   22255,     485,   77531,   55388,   78491,   78128,      55,     418,       0,       0,       0,       0,       0,       0,       0,       0,       0,       0,    7800,      30,     790,     -30,    7795,    6667,    7795,    7427,       5,     373,  100.0,    0.6,   28.3,    0.6,   98.7,   70.5,   99.9,   99.5,    0.1,    0.5,  100.0,    0.6,   28.3,    0.6,   98.7,   70.5,   99.9,   99.5,    0.1,    0.5,    0.0,    0.0,    0.0,    0.0,    0.0,    0.0,    0.0,    0.0,    0.0,    0.0,     45,      2,      4,      3,     26,     28,     30,     33,     45,      2,      4,      3,     26,     28,     30,     33,      0,      0,      0,      0,      0,      0,      0,      0,    67.4,    54.0,    87.0,    71.1,    53.8,    51.7,    70.9,    65.8,    67.4,    54.0,    87.0,    71.1,    53.8,    51.7,    70.9,    65.8,     0.0,     0.0,     0.0,     0.0,     0.0,     0.0,     0.0,     0.0,"1000 BARRELS","06742G","IFED","067 "
"CRUDE DIFF-TMX SW 1A INDEX - ICE FUTURES ENERGY DIV",260915,2026-09-15,06742T,IFED,01,067 ,   12971,     110,    1655,     145,   12716,   11066,   12971,   12866,       0,     105,   12971,     110,    1655,     145,   12716,   11066,   12971,   12866,       0,     105,       0,       0,       0,       0,       0,       0,       0,       0,       0,       0,    1031,    -260,    -340,      85,    1206,    1181,    1031,     926,       0,     105,  100.0,    0.8,   12.8,    1.1,   98.0,   85.3,  100.0,   99.2,    0.0,    0.8,  100.0,    0.8,   12.8,    1.1,   98.0,   85.3,  100.0,   99.2,    0.0,    0.8,    0.0,    0.0,    0.0,    0.0,    0.0,    0.0,    0.0,    0.0,    0.0,    0.0,     29,      1,      4,      1,     12,     20,     13,     25,     29,      1,      4,      1,     12,     20,     13,     25,      0,      0,      0,      0,      0,      0,      0,      0,    77.6,    52.3,    93.1,    73.6,    73.2,    51.8,    80.3,    67.7,    77.6,    52.3,    93.1,    73.6,    73.2,    51.8,    80.3,    67.7,     0.0,     0.0,     0.0,     0.0,     0.0,     0.0,     0.0,     0.0,"1000 BARRELS","06742T","IFED","067 "
"CONDENSATE DIF-TMX C5 1A INDEX - ICE FUTURES ENERGY DIV",260915,2026-09-15,06743A,IFED,01,067 ,   16095,       0,       0,       0,   16020,   15930,   16020,   15930,      75,     165,   16095,       0,       0,       0,   16020,   15930,   16020,   15930,      75,     165,       0,       0,       0,       0,       0,       0,       0,       0,       0,       0,    1090,       0,       0,       0,    1125,    1070,    1125,    1070,     -35,      20,  100.0,    0.0,    0.0,    0.0,   99.5,   99.0,   99.5,   99.0,    0.5,    1.0,  100.0,    0.0,    0.0,    0.0,   99.5,   99.0,   99.5,   99.0,    0.5,    1.0,    0.0,    0.0,    0.0,    0.0,    0.0,    0.0,    0.0,    0.0,    0.0,    0.0,     25,      0,      0,      0,     16,     18,     16,     18,     25,      0,      0,      0,     16,     18,     16,     18,      0,      0,      0,      0,      0,      0,      0,      0,    71.6,    73.8,    90.2,    89.7,    66.8,    70.8,    79.0,    80.5,    71.6,    73.8,    90.2,    89.7,    66.8,    70.8,    79.0,    80.5,     0.0,     0.0,     0.0,     0.0,     0.0,     0.0,     0.0,     0.0,"1000 BARRELS","06743A","IFED","067 "
"WTI-PHYSICAL - NEW YORK MERCANTILE EXCHANGE",260915,2026-09-15,067651,NYME,01,067 , 1955764,  371202,  235297,  605061,  895203, 1060061, 1871466, 1900419,   84298,   55345, 1955764,  371202,  235297,  605061,  895203, 1060061, 1871466, 1900419,   84298,   55345,       0,       0,       0,       0,       0,       0,       0,       0,       0,       0,   15853,   21084,   21758,   -8772,    6117,    4790,   18429,   17776,   -2576,   -1923,  100.0,   19.0,   12.0,   30.9,   45.8,   54.2,   95.7,   97.2,    4.3,    2.8,  100.0,   19.0,   12.0,   30.9,   45.8,   54.2,   95.7,   97.2,    4.3,    2.8,    0.0,    0.0,    0.0,    0.0,    0.0,    0.0,    0.0,    0.0,    0.0,    0.0,    326,    133,     74,    130,    100,     99,    296,    246,    326,    133,     74,    130,    100,     99,    296,    246,      0,      0,      0,      0,      0,      0,      0,      0,    17.8,    19.9,    30.2,    30.7,     9.3,    13.4,    15.5,    20.2,    17.8,    19.9,    30.2,    30.7,     9.3,    13.4,    15.5,    20.2,     0.0,     0.0,     0.0,     0.0,     0.0,     0.0,     0.0,     0.0,"(CONTRACTS OF 1,000 BARRELS)","067651","NYME","067 "
"WTI FINANCIAL CRUDE OIL - NEW YORK MERCANTILE EXCHANGE",260915,2026-09-15,06765A,NYME,01,067 ,  202164,   59781,   23041,   10000,  103904,  116622,  173685,  149663,   28479,   52501,  202164,   59781,   23041,   10000,  103904,  116622,  173685,  149663,   28479,   52501,       0,       0,       0,       0,       0,       0,       0,       0,       0,       0,   10139,    2132,     750,    -935,    9714,    8935,   10911,    8750,    -772,    1389,  100.0,   29.6,   11.4,    4.9,   51.4,   57.7,   85.9,   74.0,   14.1,   26.0,  100.0,   29.6,   11.4,    4.9,   51.4,   57.7,   85.9,   74.0,   14.1,   26.0,    0.0,    0.0,    0.0,    0.0,    0.0,    0.0,    0.0,    0.0,    0.0,    0.0,     48,      5,      5,      7,     32,     29,     40,     38,     48,      5,      5,      7,     32,     29,     40,     38,      0,      0,      0,      0,      0,      0,      0,      0,    34.8,    35.3,    52.4,    48.7,    32.0,    35.3,    47.4,    47.6,    34.8,    35.3,    52.4,    48.7,    32.0,    35.3,    47.4,    47.6,     0.0,     0.0,     0.0,     0.0,     0.0,     0.0,     0.0,     0.0,"(CONTRACTS OF 1,000 BARRELS)","06765A","NYME","067 "
"BRENT LAST DAY - NEW YORK MERCANTILE EXCHANGE",260915,2026-09-15,06765T,NYME,01,067 ,  260719,   43825,   84454,  109569,   96902,   58987,  250296,  253010,   10423,    7709,  260719,   43825,   84454,  109569,   96902,   58987,  250296,  253010,   10423,    7709,       0,       0,       0,       0,       0,       0,       0,       0,       0,       0,   -1781,    2295,    1088,   -5646,    1727,    2001,   -1624,   -2557,    -157,     776,  100.0,   16.8,   32.4,   42.0,   37.2,   22.6,   96.0,   97.0,    4.0,    3.0,  100.0,   16.8,   32.4,   42.0,   37.2,   22.6,   96.0,   97.0,    4.0,    3.0,    0.0,    0.0,    0.0,    0.0,    0.0,    0.0,    0.0,    0.0,    0.0,    0.0,     55,     17,     15,     28,     19,     20,     50,     49,     55,     17,     15,     28,     19,     20,     50,     49,      0,      0,      0,      0,      0,      0,      0,      0,    37.1,    56.3,    57.6,    74.2,    23.7,    34.3,    35.2,    41.8,    37.1,    56.3,    57.6,    74.2,    23.7,    34.3,    35.2,    41.8,     0.0,     0.0,     0.0,     0.0,     0.0,     0.0,     0.0,     0.0,"(CONTRACTS OF 1,000 BARRELS)","06765T","NYME","067 "
"WTI  HOUSTON ARGUS/WTI TR MO - NEW YORK MERCANTILE EXCHANGE",260915,2026-09-15,0676A5,NYME,01,067 ,  459825,    3668,   68777,   17939,  434905,  361797,  456512,  448513,    3313,   11312,  459825,    3668,   68777,   17939,  434905,  361797,  456512,  448513,    3313,   11312,       0,       0,       0,       0,       0,       0,       0,       0,       0,       0,   17165,     575,   -2731,    -597,   15922,   19017,   15900,   15689,    1265,    1476,  100.0,    0.8,   15.0,    3.9,   94.6,   78.7,   99.3,   97.5,    0.7,    2.5,  100.0,    0.8,   15.0,    3.9,   94.6,   78.7,   99.3,   97.5,    0.7,    2.5,    0.0,    0.0,    0.0,    0.0,    0.0,    0.0,    0.0,    0.0,    0.0,    0.0,     50,      4,      4,      4,     27,     35,     34,     40,     50,      4,      4,      4,     27,     35,     34,     40,      0,      0,      0,      0,      0,      0,      0,      0,    56.1,    39.2,    82.0,    65.4,    53.5,    36.6,    69.7,    54.8,    56.1,    39.2,    82.0,    65.4,    53.5,    36.6,    69.7,    54.8,     0.0,     0.0,     0.0,     0.0,     0.0,     0.0,     0.0,     0.0,"(CONTRACTS OF 1,000 BARRELS)","0676A5","NYME","067 "
"WTI  HOUSTON ARGUS/WTI BALMO - NEW YORK MERCANTILE EXCHANGE",260915,2026-09-15,0676A6,NYME,01,067 ,   27521,    2170,       0,     545,   22526,   22386,   25241,   22931,    2280,    4590,   27521,    2170,       0,     545,   22526,   22386,   25241,   22931,    2280,    4590,       0,       0,       0,       0,       0,       0,       0,       0,       0,       0,.,.,.,.,.,.,.,.,.,.,  100.0,    7.9,    0.0,    2.0,   81.9,   81.3,   91.7,   83.3,    8.3,   16.7,  100.0,    7.9,    0.0,    2.0,   81.9,   81.3,   91.7,   83.3,    8.3,   16.7,    0.0,    0.0,    0.0,    0.0,    0.0,    0.0,    0.0,    0.0,    0.0,    0.0,     20,      1,      0,      1,     17,     13,     18,     14,     20,      1,      0,      1,     17,     13,     18,     14,      0,      0,      0,      0,      0,      0,      0,      0,    43.0,    52.0,    68.6,    71.5,    39.3,    44.3,    55.9,    53.3,    43.0,    52.0,    68.6,    71.5,    39.3,    44.3,    55.9,    53.3,     0.0,     0.0,     0.0,     0.0,     0.0,     0.0,     0.0,     0.0,"(CONTRACTS OF 1,000 BARRELS)","0676A6","NYME","067 "
"WTI MIDLAND ARGUS VS WTI TRADE - NEW YORK MERCANTILE EXCHANGE",260915,2026-09-15,067A71,NYME,01,067 ,  354223,   22104,    5460,    1241,  323931,  331126,  347276,  337827,    6947,   16396,  354223,   22104,    5460,    1241,  323931,  331126,  347276,  337827,    6947,   16396,       0,       0,       0,       0,       0,       0,       0,       0,       0,       0,   25195,     279,       0,    1241,   25986,   25673,   27506,   26914,   -2311,   -1719,  100.0,    6.2,    1.5,    0.4,   91.4,   93.5,   98.0,   95.4,    2.0,    4.6,  100.0,    6.2,    1.5,    0.4,   91.4,   93.5,   98.0,   95.4,    2.0,    4.6,    0.0,    0.0,    0.0,    0.0,    0.0,    0.0,    0.0,    0.0,    0.0,    0.0,     36,      2,      1,      1,     18,     23,     20,     25,     36,      2,      1,      1,     18,     23,     20,     25,      0,      0,      0,      0,      0,      0,      0,      0,    58.8,    54.7,    86.3,    78.1,    58.8,    54.7,    86.3,    78.1,    58.8,    54.7,    86.3,    78.1,    58.8,    54.7,    86.3,    78.1,     0.0,     0.0,     0.0,     0.0,     0.0,     0.0,     0.0,     0.0,"(CONTRACTS OF 1,000 BARRELS)","067A71","NYME","067 "
"COCOA - ICE FUTURES U.S.",260915,2026-09-15,073732,ICUS,01,073 ,  182691,   33832,   40770,   42260,   95050,   91653,  171142,  174683,   11549,    8008,  175744,   35068,   42068,   38484,   91039,   87304,  164591,  167856,   11153,    7888,    6947,    1560,    1498,     980,    4011,    4349,    6551,    6827,     396,     120,    4599,    -769,    -348,    3382,    1734,    1543,    4347,    4577,     252,      22,  100.0,   18.5,   22.3,   23.1,   52.0,   50.2,   93.7,   95.6,    6.3,    4.4,  100.0,   20.0,   23.9,   21.9,   51.8,   49.7,   93.7,   95.5,    6.3,    4.5,  100.0,   22.5,   21.6,   14.1,   57.7,   62.6,   94.3,   98.3,    5.7,    1.7,    205,     70,     66,     77,     56,     44,    171,    150,    205,     73,     65,     73,     55,     42,    168,    146,     50,     13,     11,      6,     17,     16,     34,     29,    18.7,    14.8,    29.4,    26.2,    15.3,    12.4,    24.3,    21.8,    19.1,    15.4,    30.2,    26.4,    16.0,    13.1,    25.4,    22.6,    50.9,    34.7,    66.2,    63.5,    34.8,    32.3,    43.9,    50.7,"(CONTRACTS OF 10 METRIC TONS)","073732","ICUS","073 "
"PALLADIUM - NEW YORK MERCANTILE EXCHANGE",260915,2026-09-15,075651,NYME,01,075 ,   16707,    6284,   10434,     764,    7073,    3995,   14121,   15193,    2586,    1514,   16707,    6284,   10434,     764,    7073,    3995,   14121,   15193,    2586,    1514,       0,       0,       0,       0,       0,       0,       0,       0,       0,       0,     -66,    -363,      75,    -121,     143,    -103,    -341,    -149,     275,      83,  100.0,   37.6,   62.5,    4.6,   42.3,   23.9,   84.5,   90.9,   15.5,    9.1,  100.0,   37.6,   62.5,    4.6,   42.3,   23.9,   84.5,   90.9,   15.5,    9.1,    0.0,    0.0,    0.0,    0.0,    0.0,    0.0,    0.0,    0.0,    0.0,    0.0,    155,     65,     43,     22,     26,     26,    102,     81,    155,     65,     43,     22,     26,     26,    102,     81,      0,      0,      0,      0,      0,      0,      0,      0,    28.4,    31.7,    43.3,    48.3,    28.1,    30.5,    42.9,    47.1,    28.4,    31.7,    43.3,    48.3,    28.1,    30.5,    42.9,    47.1,     0.0,     0.0,     0.0,     0.0,     0.0,     0.0,     0.0,     0.0,"(CONTRACTS OF 100 TROY OUNCES)","075651","NYME","075 "
"PLATINUM - NEW YORK MERCANTILE EXCHANGE",260915,2026-09-15,076651,NYME,01,076 ,   65478,   26250,   11030,   10893,   20331,   40140,   57474,   62063,    8004,    3415,   65478,   26250,   11030,   10893,   20331,   40140,   57474,   62063,    8004,    3415,       0,       0,       0,       0,       0,       0,       0,       0,       0,       0,   -2332,    -525,     231,    -972,   -1383,   -1422,   -2880,   -2163,     548,    -169,  100.0,   40.1,   16.8,   16.6,   31.1,   61.3,   87.8,   94.8,   12.2,    5.2,  100.0,   40.1,   16.8,   16.6,   31.1,   61.3,   87.8,   94.8,   12.2,    5.2,    0.0,    0.0,    0.0,    0.0,    0.0,    0.0,    0.0,    0.0,    0.0,    0.0,    200,     86,     46,     45,     32,     46,    141,    118,    200,     86,     46,     45,     32,     46,    141,    118,      0,      0,      0,      0,      0,      0,      0,      0,    19.9,    31.7,    31.3,    50.2,    17.4,    31.7,    26.8,    43.8,    19.9,    31.7,    31.3,    50.2,    17.4,    31.7,    26.8,    43.8,     0.0,     0.0,     0.0,     0.0,     0.0,     0.0,     0.0,     0.0,"(CONTRACTS OF 50 TROY OUNCES)","076651","NYME","076 "
"SUGAR NO. 11 - ICE FUTURES U.S.",260915,2026-09-15,080732,ICUS,01,080 , 1219523,  377419,  194904,  218997,  510537,  748583, 1106953, 1162484,  112570,   57039, 1219523,  377419,  194904,  218997,  510537,  748583, 1106953, 1162484,  112570,   57039,       0,       0,       0,       0,       0,       0,       0,       0,       0,       0,  -57056,  -16703,  -41032,  -38031,   -3801,   21216,  -58535,  -57847,    1479,     791,  100.0,   30.9,   16.0,   18.0,   41.9,   61.4,   90.8,   95.3,    9.2,    4.7,  100.0,   30.9,   16.0,   18.0,   41.9,   61.4,   90.8,   95.3,    9.2,    4.7,    0.0,    0.0,    0.0,    0.0,    0.0,    0.0,    0.0,    0.0,    0.0,    0.0,    292,    122,     58,    100,     83,     82,    255,    197,    292,    122,     58,    100,     83,     82,    255,    197,      0,      0,      0,      0,      0,      0,      0,      0,    13.8,    24.4,    22.2,    38.1,    11.4,    19.2,    18.6,    29.6,    13.8,    24.4,    22.2,    38.1,    11.4,    19.2,    18.6,    29.6,     0.0,     0.0,     0.0,     0.0,     0.0,     0.0,     0.0,     0.0,"(CONTRACTS OF 112,000 POUNDS)","080732","ICUS","080 "
"COFFEE C - ICE FUTURES U.S.",260915,2026-09-15,083731,ICUS,01,083 ,  150458,   44035,   28565,   31722,   67329,   84207,  143086,  144494,    7372,    5964,  142699,   42809,   30310,   28210,   64512,   78334,  135531,  136854,    7168,    5845,    7759,    4467,    1496,     271,    2817,    5873,    7555,    7640,     204,     119,   -1678,   -1326,    1205,   -1602,    1269,   -1493,   -1659,   -1890,     -19,     212,  100.0,   29.3,   19.0,   21.1,   44.7,   56.0,   95.1,   96.0,    4.9,    4.0,  100.0,   30.0,   21.2,   19.8,   45.2,   54.9,   95.0,   95.9,    5.0,    4.1,  100.0,   57.6,   19.3,    3.5,   36.3,   75.7,   97.4,   98.5,    2.6,    1.5,    331,     88,     98,     94,    108,    110,    257,    250,    331,     90,     99,     92,    106,    107,    253,    247,    106,     20,     18,      7,     35,     35,     57,     58,    16.7,    15.7,    26.3,    25.4,    13.1,    14.4,    20.2,    20.7,    16.4,    15.3,    26.1,    25.4,    13.9,    13.9,    21.2,    20.8,    50.5,    40.8,    66.9,    58.5,    49.2,    38.3,    63.8,    56.0,"(CONTRACTS OF 37,500 POUNDS)","083731","ICUS","083 "
"SILVER - COMMODITY EXCHANGE INC.",260915,2026-09-15,084691,CMX ,01,084 ,  103745,   35395,   10069,   11437,   31827,   74527,   78659,   96033,   25086,    7712,  103745,   35395,   10069,   11437,   31827,   74527,   78659,   96033,   25086,    7712,       0,       0,       0,       0,       0,       0,       0,       0,       0,       0,     495,    -850,    -127,    1720,     763,   -1445,    1633,     148,   -1138,     347,  100.0,   34.1,    9.7,   11.0,   30.7,   71.8,   75.8,   92.6,   24.2,    7.4,  100.0,   34.1,    9.7,   11.0,   30.7,   71.8,   75.8,   92.6,   24.2,    7.4,    0.0,    0.0,    0.0,    0.0,    0.0,    0.0,    0.0,    0.0,    0.0,    0.0,    160,     81,     28,     35,     35,     35,    129,     85,    160,     81,     28,     35,     35,     35,    129,     85,      0,      0,      0,      0,      0,      0,      0,      0,    14.2,    34.1,    23.8,    50.2,    14.1,    30.9,    22.9,    45.9,    14.2,    34.1,    23.8,    50.2,    14.1,    30.9,    22.9,    45.9,     0.0,     0.0,     0.0,     0.0,     0.0,     0.0,     0.0,     0.0,"(CONTRACTS OF 5,000 TROY OUNCES)","084691","CMX ","084 "
"COPPER- #1 - COMMODITY EXCHANGE INC.",260915,2026-09-15,085692,CMX ,01,085 ,  289463,  117165,   42031,   54252,   99634,  184021,  271051,  280304,   18412,    9159,  289463,  117165,   42031,   54252,   99634,  184021,  271051,  280304,   18412,    9159,       0,       0,       0,       0,       0,       0,       0,       0,       0,       0,   -8028,  -12335,    5007,   -3623,   10059,  -10198,   -5899,   -8814,   -2129,     786,  100.0,   40.5,   14.5,   18.7,   34.4,   63.6,   93.6,   96.8,    6.4,    3.2,  100.0,   40.5,   14.5,   18.7,   34.4,   63.6,   93.6,   96.8,    6.4,    3.2,    0.0,    0.0,    0.0,    0.0,    0.0,    0.0,    0.0,    0.0,    0.0,    0.0,    273,    143,     57,     75,     57,     52,    235,    154,    273,    143,     57,     75,     57,     52,    235,    154,      0,      0,      0,      0,      0,      0,      0,      0,    17.4,    31.5,    28.1,    45.9,    17.0,    30.1,    24.9,    42.4,    17.4,    31.5,    28.1,    45.9,    17.0,    30.1,    24.9,    42.4,     0.0,     0.0,     0.0,     0.0,     0.0,     0.0,     0.0,     0.0,"(CONTRACTS OF 25,000 POUNDS)","085692","CMX ","085 "
"GOLD - COMMODITY EXCHANGE INC.",260915,2026-09-15,088691,CMX ,01,088 ,  409899,  258059,   27721,   47963,   56417,  318138,  362439,  393822,   47460,   16077,  409899,  258059,   27721,   47963,   56417,  318138,  362439,  393822,   47460,   16077,       0,       0,       0,       0,       0,       0,       0,       0,       0,       0,   -1328,   -2948,   -1326,    4700,    2014,   -6539,    3766,   -3165,   -5094,    1837,  100.0,   63.0,    6.8,   11.7,   13.8,   77.6,   88.4,   96.1,   11.6,    3.9,  100.0,   63.0,    6.8,   11.7,   13.8,   77.6,   88.4,   96.1,   11.6,    3.9,    0.0,    0.0,    0.0,    0.0,    0.0,    0.0,    0.0,    0.0,    0.0,    0.0,    296,    179,     47,     70,     54,     46,    256,    142,    296,    179,     47,     70,     54,     46,    256,    142,      0,      0,      0,      0,      0,      0,      0,      0,    20.2,    40.2,    29.1,    58.0,    19.7,    39.0,    27.4,    54.8,    20.2,    40.2,    29.1,    58.0,    19.7,    39.0,    27.4,    54.8,     0.0,     0.0,     0.0,     0.0,     0.0,     0.0,     0.0,     0.0,"(CONTRACTS OF 100 TROY OUNCES)","088691","CMX ","088 "
"MICRO GOLD - COMMODITY EXCHANGE INC.",260915,2026-09-15,088695,CMX ,01,088 ,   90365,   38103,   56830,    4892,    8022,       0,   51017,   61722,   39348,   28643,   90365,   38103,   56830,    4892,    8022,       0,   51017,   61722,   39348,   28643,       0,       0,       0,       0,       0,       0,       0,       0,       0,       0,    2914,    8879,    1511,   -2535,       4,       0,    6348,   -1024,   -3434,    3938,  100.0,   42.2,   62.9,    5.4,    8.9,    0.0,   56.5,   68.3,   43.5,   31.7,  100.0,   42.2,   62.9,    5.4,    8.9,    0.0,   56.5,   68.3,   43.5,   31.7,    0.0,    0.0,    0.0,    0.0,    0.0,    0.0,    0.0,    0.0,    0.0,    0.0,     44,     28,     12,     12,      3,      0,     36,     20,     44,     28,     12,     12,      3,      0,     36,     20,      0,      0,      0,      0,      0,      0,      0,      0,    32.0,    59.3,    40.9,    64.6,    31.4,    58.6,    38.6,    62.1,    32.0,    59.3,    40.9,    64.6,    31.4,    58.6,    38.6,    62.1,     0.0,     0.0,     0.0,     0.0,     0.0,     0.0,     0.0,     0.0,"(CONTRACTS OF 10 TROY OUNCES)","088695","CMX ","088 "
"CANADIAN DOLLAR - CHICAGO MERCANTILE EXCHANGE",260915,2026-09-15,090741,CME ,00,090 ,  358186,   73950,  111527,    6990,  250872,  203949,  331812,  322466,   26374,   35720,  358186,   73950,  111527,    6990,  250872,  203949,  331812,  322466,   26374,   35720,       0,       0,       0,       0,       0,       0,       0,       0,       0,       0,   23325,   19506,  -13416,     184,    6820,   34326,   26510,   21094,   -3185,    2231,  100.0,   20.6,   31.1,    2.0,   70.0,   56.9,   92.6,   90.0,    7.4,   10.0,  100.0,   20.6,   31.1,    2.0,   70.0,   56.9,   92.6,   90.0,    7.4,   10.0,    0.0,    0.0,    0.0,    0.0,    0.0,    0.0,    0.0,    0.0,    0.0,    0.0,    121,     23,     37,     15,     41,     34,     74,     76,    121,     23,     37,     15,     41,     34,     74,     76,      0,      0,      0,      0,      0,      0,      0,      0,    62.9,    34.9,    72.8,    50.5,    59.7,    29.5,    66.2,    43.1,    62.9,    34.9,    72.8,    50.5,    59.7,    29.5,    66.2,    43.1,     0.0,     0.0,     0.0,     0.0,     0.0,     0.0,     0.0,     0.0,"(CONTRACTS OF CAD 100,000)","090741","CME ","090 "
"SWISS FRANC - CHICAGO MERCANTILE EXCHANGE",260915,2026-09-15,092741,CME ,00,092 ,  171313,   20263,   49251,    5737,   94719,   50245,  120719,  105233,   50594,   66080,  171313,   20263,   49251,    5737,   94719,   50245,  120719,  105233,   50594,   66080,       0,       0,       0,       0,       0,       0,       0,       0,       0,       0,   17630,    2990,    1993,   -5239,  -17893,  -20863,  -20142,  -24109,   37772,   41739,  100.0,   11.8,   28.7,    3.3,   55.3,   29.3,   70.5,   61.4,   29.5,   38.6,  100.0,   11.8,   28.7,    3.3,   55.3,   29.3,   70.5,   61.4,   29.5,   38.6,    0.0,    0.0,    0.0,    0.0,    0.0,    0.0,    0.0,    0.0,    0.0,    0.0,     62,     13,     19,      3,     15,     19,     29,     40,     62,     13,     19,      3,     15,     19,     29,     40,      0,      0,      0,      0,      0,      0,      0,      0,    57.0,    23.9,    62.2,    37.0,    53.6,    23.9,    57.6,    36.0,    57.0,    23.9,    62.2,    37.0,    53.6,    23.9,    57.6,    36.0,     0.0,     0.0,     0.0,     0.0,     0.0,     0.0,     0.0,     0.0,"(CONTRACTS OF CHF 125,000)","092741","CME ","092 "
"MEXICAN PESO - CHICAGO MERCANTILE EXCHANGE",260915,2026-09-15,095741,CME ,00,095 ,  319499,  134607,   46825,    1607,  114351,  206048,  250565,  254480,   68934,   65019,  319499,  134607,   46825,    1607,  114351,  206048,  250565,  254480,   68934,   65019,       0,       0,       0,       0,       0,       0,       0,       0,       0,       0,   -7716,  -35191,  -28241,  -16608,  -15422,  -23656,  -67221,  -68505,   59505,   60789,  100.0,   42.1,   14.7,    0.5,   35.8,   64.5,   78.4,   79.6,   21.6,   20.4,  100.0,   42.1,   14.7,    0.5,   35.8,   64.5,   78.4,   79.6,   21.6,   20.4,    0.0,    0.0,    0.0,    0.0,    0.0,    0.0,    0.0,    0.0,    0.0,    0.0,    191,     94,     26,      8,     47,     30,    145,     61,    191,     94,     26,      8,     47,     30,    145,     61,      0,      0,      0,      0,      0,      0,      0,      0,    19.7,    62.5,    34.6,    69.1,    19.7,    62.5,    34.6,    68.6,    19.7,    62.5,    34.6,    69.1,    19.7,    62.5,    34.6,    68.6,     0.0,     0.0,     0.0,     0.0,     0.0,     0.0,     0.0,     0.0,"(CONTRACTS OF MXN 500,000)","095741","CME ","095 "
"BRITISH POUND - CHICAGO MERCANTILE EXCHANGE",260915,2026-09-15,096742,CME ,00,096 ,  314293,   69331,  128046,    3463,  129681,   72616,  202475,  204125,  111818,  110168,  314293,   69331,  128046,    3463,  129681,   72616,  202475,  204125,  111818,  110168,       0,       0,       0,       0,       0,       0,       0,       0,       0,       0,   -4315,   -4189,   -4310,   -4295,  -75966,  -75929,  -84450,  -84534,   80135,   80219,  100.0,   22.1,   40.7,    1.1,   41.3,   23.1,   64.4,   64.9,   35.6,   35.1,  100.0,   22.1,   40.7,    1.1,   41.3,   23.1,   64.4,   64.9,   35.6,   35.1,    0.0,    0.0,    0.0,    0.0,    0.0,    0.0,    0.0,    0.0,    0.0,    0.0,    106,     22,     29,      9,     31,     35,     59,     68,    106,     22,     29,      9,     31,     35,     59,     68,      0,      0,      0,      0,      0,      0,      0,      0,    20.7,    32.4,    37.1,    40.9,    19.6,    32.3,    35.7,    40.8,    20.7,    32.4,    37.1,    40.9,    19.6,    32.3,    35.7,    40.8,     0.0,     0.0,     0.0,     0.0,     0.0,     0.0,     0.0,     0.0,"(CONTRACTS OF GBP 62,500)","096742","CME ","096 "
"JAPANESE YEN - CHICAGO MERCANTILE EXCHANGE",260915,2026-09-15,097741,CME ,00,097 ,  542802,  237951,  117592,    3385,  149757,  274431,  391093,  395408,  151709,  147394,  542802,  237951,  117592,    3385,  149757,  274431,  391093,  395408,  151709,  147394,       0,       0,       0,       0,       0,       0,       0,       0,       0,       0,   43167,   59160,  -50403,  -25350,  -99712,   10921,  -65902,  -64832,  109069,  107999,  100.0,   43.8,   21.7,    0.6,   27.6,   50.6,   72.1,   72.8,   27.9,   27.2,  100.0,   43.8,   21.7,    0.6,   27.6,   50.6,   72.1,   72.8,   27.9,   27.2,    0.0,    0.0,    0.0,    0.0,    0.0,    0.0,    0.0,    0.0,    0.0,    0.0,    154,     38,     43,     15,     50,     40,     94,     92,    154,     38,     43,     15,     50,     40,     94,     92,      0,      0,      0,      0,      0,      0,      0,      0,    28.7,    41.7,    46.3,    52.9,    28.7,    41.1,    46.3,    51.6,    28.7,    41.7,    46.3,    52.9,    28.7,    41.1,    46.3,    51.6,     0.0,     0.0,     0.0,     0.0,     0.0,     0.0,     0.0,     0.0,"(CONTRACTS OF JPY 12,500,000)","097741","CME ","097 "
"USD INDEX - ICE FUTURES U.S.",260915,2026-09-15,098662,ICUS,01,098 ,   43744,   25971,   15378,    1580,   13186,   25420,   40737,   42378,    3007,    1366,   43744,   25971,   15378,    1580,   13186,   25420,   40737,   42378,    3007,    1366,       0,       0,       0,       0,       0,       0,       0,       0,       0,       0,  -14114,   -2436,    4575,   -6005,   -5434,  -12388,  -13875,  -13818,    -239,    -296,  100.0,   59.4,   35.2,    3.6,   30.1,   58.1,   93.1,   96.9,    6.9,    3.1,  100.0,   59.4,   35.2,    3.6,   30.1,   58.1,   93.1,   96.9,    6.9,    3.1,    0.0,    0.0,    0.0,    0.0,    0.0,    0.0,    0.0,    0.0,    0.0,    0.0,    104,     59,     28,      5,     12,      8,     72,     40,    104,     59,     28,      5,     12,      8,     72,     40,      0,      0,      0,      0,      0,      0,      0,      0,    47.5,    78.1,    62.2,    84.8,    45.0,    77.5,    59.7,    82.9,    47.5,    78.1,    62.2,    84.8,    45.0,    77.5,    59.7,    82.9,     0.0,     0.0,     0.0,     0.0,     0.0,     0.0,     0.0,     0.0,"(U.S. DOLLAR INDEX X $1000)","098662","ICUS","098 "
"EURO FX - CHICAGO MERCANTILE EXCHANGE",260915,2026-09-15,099741,CME ,00,099 ,  920035,  209000,  235993,   37369,  485267,  485057,  731636,  758419,  188399,  161616,  920035,  209000,  235993,   37369,  485267,  485057,  731636,  758419,  188399,  161616,       0,       0,       0,       0,       0,       0,       0,       0,       0,       0,  -22429,   10491,   -5132,  -20643, -107895, -101375, -118047, -127150,   95618,  104721,  100.0,   22.7,   25.7,    4.1,   52.7,   52.7,   79.5,   82.4,   20.5,   17.6,  100.0,   22.7,   25.7,    4.1,   52.7,   52.7,   79.5,   82.4,   20.5,   17.6,    0.0,    0.0,    0.0,    0.0,    0.0,    0.0,    0.0,    0.0,    0.0,    0.0,    318,     76,     51,     32,    143,    102,    235,    169,    318,     76,     51,     32,    143,    102,    235,    169,      0,      0,      0,      0,      0,      0,      0,      0,    17.7,    30.6,    25.5,    45.6,    17.5,    30.6,    25.2,    44.5,    17.7,    30.6,    25.5,    45.6,    17.5,    30.6,    25.2,    44.5,     0.0,     0.0,     0.0,     0.0,     0.0,     0.0,     0.0,     0.0,"(CONTRACTS OF EUR 125,000)","099741","CME ","099 "
"BRAZILIAN REAL - CHICAGO MERCANTILE EXCHANGE",260915,2026-09-15,102741,CME ,00,102 ,  115887,   87445,   29396,     462,   22863,   84830,  110770,  114688,    5117,    1199,  115887,   87445,   29396,     462,   22863,   84830,  110770,  114688,    5117,    1199,       0,       0,       0,       0,       0,       0,       0,       0,       0,       0,    5243,    3317,   11414,    -183,    2427,   -5535,    5561,    5696,    -318,    -453,  100.0,   75.5,   25.4,    0.4,   19.7,   73.2,   95.6,   99.0,    4.4,    1.0,  100.0,   75.5,   25.4,    0.4,   19.7,   73.2,   95.6,   99.0,    4.4,    1.0,    0.0,    0.0,    0.0,    0.0,    0.0,    0.0,    0.0,    0.0,    0.0,    0.0,    116,     56,     19,      3,     27,     14,     86,     33,    116,     56,     19,      3,     27,     14,     86,     33,      0,      0,      0,      0,      0,      0,      0,      0,    32.2,    80.0,    51.3,    90.0,    32.2,    80.0,    51.3,    90.0,    32.2,    80.0,    51.3,    90.0,    32.2,    80.0,    51.3,    90.0,     0.0,     0.0,     0.0,     0.0,     0.0,     0.0,     0.0,     0.0,"(CONTRACTS OF BRL 100,000)","102741","CME ","102 "
"GASOLINE RBOB - NEW YORK MERCANTILE EXCHANGE",260915,2026-09-15,111659,NYME,01,111 ,  358003,  104443,   41522,   63441,  162463,  240260,  330347,  345223,   27656,   12780,  358003,  104443,   41522,   63441,  162463,  240260,  330347,  345223,   27656,   12780,       0,       0,       0,       0,       0,       0,       0,       0,       0,       0,   -7025,  -10753,    -482,   -3511,    5750,   -3879,   -8514,   -7872,    1489,     847,  100.0,   29.2,   11.6,   17.7,   45.4,   67.1,   92.3,   96.4,    7.7,    3.6,  100.0,   29.2,   11.6,   17.7,   45.4,   67.1,   92.3,   96.4,    7.7,    3.6,    0.0,    0.0,    0.0,    0.0,    0.0,    0.0,    0.0,    0.0,    0.0,    0.0,    236,     90,     31,     68,     81,     98,    199,    174,    236,     90,     31,     68,     81,     98,    199,    174,      0,      0,      0,      0,      0,      0,      0,      0,    14.2,    19.6,    22.8,    31.1,     7.8,    16.2,    14.4,    24.0,    14.2,    19.6,    22.8,    31.1,     7.8,    16.2,    14.4,    24.0,     0.0,     0.0,     0.0,     0.0,     0.0,     0.0,     0.0,     0.0,"(CONTRACTS OF 42,000 U.S. GALLONS)","111659","NYME","111 "
"GULF COAST CBOB GAS A2 PL RBOB - NEW YORK MERCANTILE EXCHANGE",260915,2026-09-15,111A34,NYME,01,111 ,   22125,    1035,       0,     590,   19625,   18270,   21250,   18860,     875,    3265,   22125,    1035,       0,     590,   19625,   18270,   21250,   18860,     875,    3265,       0,       0,       0,       0,       0,       0,       0,       0,       0,       0,    1135,    -150,       0,     -85,    1410,    1245,    1175,    1160,     -40,     -25,  100.0,    4.7,    0.0,    2.7,   88.7,   82.6,   96.0,   85.2,    4.0,   14.8,  100.0,    4.7,    0.0,    2.7,   88.7,   82.6,   96.0,   85.2,    4.0,   14.8,    0.0,    0.0,    0.0,    0.0,    0.0,    0.0,    0.0,    0.0,    0.0,    0.0,     25,      2,      0,      1,     17,     18,     19,     19,     25,      2,      0,      1,     17,     18,     19,     19,      0,      0,      0,      0,      0,      0,      0,      0,    39.8,    42.0,    66.4,    65.2,    32.0,    35.5,    49.1,    45.3,    39.8,    42.0,    66.4,    65.2,    32.0,    35.5,    49.1,    45.3,     0.0,     0.0,     0.0,     0.0,     0.0,     0.0,     0.0,     0.0,"(CONTRACTS OF 42,000 GALLONS)","111A34","NYME","111 "
"NZ DOLLAR - CHICAGO MERCANTILE EXCHANGE",260915,2026-09-15,112741,CME ,00,112 ,  135122,   32859,   22341,    2229,   51632,   61816,   86720,   86386,   48402,   48736,  135122,   32859,   22341,    2229,   51632,   61816,   86720,   86386,   48402,   48736,       0,       0,       0,       0,       0,       0,       0,       0,       0,       0,    9144,    6749,    2463,   -5640,  -35847,  -31298,  -34738,  -34475,   43882,   43619,  100.0,   24.3,   16.5,    1.6,   38.2,   45.7,   64.2,   63.9,   35.8,   36.1,  100.0,   24.3,   16.5,    1.6,   38.2,   45.7,   64.2,   63.9,   35.8,   36.1,    0.0,    0.0,    0.0,    0.0,    0.0,    0.0,    0.0,    0.0,    0.0,    0.0,     98,     28,     32,      6,     21,     23,     51,     59,     98,     28,     32,      6,     21,     23,     51,     59,      0,      0,      0,      0,      0,      0,      0,      0,    36.1,    39.6,    50.1,    46.1,    34.8,    39.2,    48.7,    44.9,    36.1,    39.6,    50.1,    46.1,    34.8,    39.2,    48.7,    44.9,     0.0,     0.0,     0.0,     0.0,     0.0,     0.0,     0.0,     0.0,"(CONTRACTS OF NZD 100,000)","112741","CME ","112 "
"VIX FUTURES - CBOE FUTURES EXCHANGE",260915,2026-09-15,1170E1,E   ,00,117 ,  446060,   93750,  180335,   92117,  234782,  152791,  420649,  425243,   25411,   20817,  446060,   93750,  180335,   92117,  234782,  152791,  420649,  425243,   25411,   20817,       0,       0,       0,       0,       0,       0,       0,       0,       0,       0,   14389,    2634,   -5610,    3177,   12024,   20233,   17835,   17800,   -3446,   -3411,  100.0,   21.0,   40.4,   20.7,   52.6,   34.3,   94.3,   95.3,    5.7,    4.7,  100.0,   21.0,   40.4,   20.7,   52.6,   34.3,   94.3,   95.3,    5.7,    4.7,    0.0,    0.0,    0.0,    0.0,    0.0,    0.0,    0.0,    0.0,    0.0,    0.0,    207,     76,     65,     87,     53,     46,    175,    158,    207,     76,     65,     87,     53,     46,    175,    158,      0,      0,      0,      0,      0,      0,      0,      0,    27.2,    19.5,    37.4,    32.8,    22.6,    15.1,    30.5,    25.9,    27.2,    19.5,    37.4,    32.8,    22.6,    15.1,    30.5,    25.9,     0.0,     0.0,     0.0,     0.0,     0.0,     0.0,     0.0,     0.0,"($1000 X INDEX)","1170E1","E   ","117 "
"SO AFRICAN RAND - CHICAGO MERCANTILE EXCHANGE",260915,2026-09-15,122741,CME ,00,122 ,   44699,   20562,    5387,     504,   12421,   30025,   33487,   35916,   11212,    8783,   44699,   20562,    5387,     504,   12421,   30025,   33487,   35916,   11212,    8783,       0,       0,       0,       0,       0,       0,       0,       0,       0,       0,   -2139,    1078,   -1644,   -1398,   -9307,   -6649,   -9627,   -9691,    7488,    7552,  100.0,   46.0,   12.1,    1.1,   27.8,   67.2,   74.9,   80.4,   25.1,   19.6,  100.0,   46.0,   12.1,    1.1,   27.8,   67.2,   74.9,   80.4,   25.1,   19.6,    0.0,    0.0,    0.0,    0.0,    0.0,    0.0,    0.0,    0.0,    0.0,    0.0,     50,     23,     10,      1,     11,      7,     35,     17,     50,     23,     10,      1,     11,      7,     35,     17,      0,      0,      0,      0,      0,      0,      0,      0,    43.6,    69.8,    54.6,    76.1,    43.6,    69.8,    54.6,    75.9,    43.6,    69.8,    54.6,    76.1,    43.6,    69.8,    54.6,    75.9,     0.0,     0.0,     0.0,     0.0,     0.0,     0.0,     0.0,     0.0,"(CONTRACTS OF ZAR 500,000)","122741","CME ","122 "
"DJIA Consolidated - CHICAGO BOARD OF TRADE",260915,2026-09-15,12460+,CBT ,00,124 ,  106336,   25764,    9737,    4447,   58627,   80739,   88838,   94923,   17498,   11413,  106336,   25764,    9737,    4447,   58627,   80739,   88838,   94923,   17498,   11413,       0,       0,       0,       0,       0,       0,       0,       0,       0,       0,   12497,   -1816,    -498,    1962,   12440,   10947,   12585,   12410,     -88,      87,  100.0,   24.2,    9.2,    4.2,   55.1,   75.9,   83.5,   89.3,   16.5,   10.7,  100.0,   24.2,    9.2,    4.2,   55.1,   75.9,   83.5,   89.3,   16.5,   10.7,    0.0,    0.0,    0.0,    0.0,    0.0,    0.0,    0.0,    0.0,    0.0,    0.0,     99,     25,     28,     18,     32,     28,     71,     62,     99,     25,     28,     18,     32,     28,     71,     62,      0,      0,      0,      0,      0,      0,      0,      0,    44.5,    38.2,    55.9,    55.6,    41.6,    37.0,    51.1,    52.2,    44.5,    38.2,    55.9,    55.6,    41.6,    37.0,    51.1,    52.2,     0.0,     0.0,     0.0,     0.0,     0.0,     0.0,     0.0,     0.0,"($5 X DJIA INDEX)","12460+","CBT ","124 "
"DJIA x $5 - CHICAGO BOARD OF TRADE",260915,2026-09-15,124603,CBT ,00,124 ,  101191,   25749,   10846,    2238,   58327,   77265,   86314,   90349,   14877,   10842,  101191,   25749,   10846,    2238,   58327,   77265,   86314,   90349,   14877,   10842,       0,       0,       0,       0,       0,       0,       0,       0,       0,       0,   12077,   -1947,    -524,    1872,   12248,   10606,   12173,   11954,     -96,     123,  100.0,   25.4,   10.7,    2.2,   57.6,   76.4,   85.3,   89.3,   14.7,   10.7,  100.0,   25.4,   10.7,    2.2,   57.6,   76.4,   85.3,   89.3,   14.7,   10.7,    0.0,    0.0,    0.0,    0.0,    0.0,    0.0,    0.0,    0.0,    0.0,    0.0,     82,     17,     21,     10,     31,     27,     55,     52,     82,     17,     21,     10,     31,     27,     55,     52,      0,      0,      0,      0,      0,      0,      0,      0,    46.8,    36.8,    58.7,    55.1,    43.7,    35.6,    53.7,    51.5,    46.8,    36.8,    58.7,    55.1,    43.7,    35.6,    53.7,    51.5,     0.0,     0.0,     0.0,     0.0,     0.0,     0.0,     0.0,     0.0,"($5 X DJIA INDEX)","124603","CBT ","124 "
"DOW JONES U.S. REAL ESTATE IDX - CHICAGO BOARD OF TRADE",260915,2026-09-15,124606,CBT ,00,124 ,   96431,    5354,    9228,    1739,   85851,   84583,   92944,   95550,    3487,     881,   96431,    5354,    9228,    1739,   85851,   84583,   92944,   95550,    3487,     881,       0,       0,       0,       0,       0,       0,       0,       0,       0,       0,   26783,   -2487,    1122,    1739,   27790,   23803,   27042,   26664,    -259,     119,  100.0,    5.6,    9.6,    1.8,   89.0,   87.7,   96.4,   99.1,    3.6,    0.9,  100.0,    5.6,    9.6,    1.8,   89.0,   87.7,   96.4,   99.1,    3.6,    0.9,    0.0,    0.0,    0.0,    0.0,    0.0,    0.0,    0.0,    0.0,    0.0,    0.0,     54,      5,      3,      4,     38,     17,     45,     22,     54,      5,      3,      4,     38,     17,     45,     22,      0,      0,      0,      0,      0,      0,      0,      0,    34.5,    56.2,    52.4,    83.3,    30.4,    50.4,    43.2,    62.4,    34.5,    56.2,    52.4,    83.3,    30.4,    50.4,    43.2,    62.4,     0.0,     0.0,     0.0,     0.0,     0.0,     0.0,     0.0,     0.0,"($100 X DJ US REAL ESTATE INDEX)","124606","CBT ","124 "
"MICRO E-MINI DJIA (x$0.5) - CHICAGO BOARD OF TRADE",260915,2026-09-15,124608,CBT ,00,124 ,   51452,   20211,    8969,    2033,    2996,   34737,   25240,   45739,   26212,    5713,   51452,   20211,    8969,    2033,    2996,   34737,   25240,   45739,   26212,    5713,       0,       0,       0,       0,       0,       0,       0,       0,       0,       0,    4199,    1026,     -23,    1175,    1916,    3411,    4117,    4563,      82,    -364,  100.0,   39.3,   17.4,    4.0,    5.8,   67.5,   49.1,   88.9,   50.9,   11.1,  100.0,   39.3,   17.4,    4.0,    5.8,   67.5,   49.1,   88.9,   50.9,   11.1,    0.0,    0.0,    0.0,    0.0,    0.0,    0.0,    0.0,    0.0,    0.0,    0.0,     28,     13,     10,     10,      3,      3,     22,     17,     28,     13,     10,     10,      3,      3,     22,     17,      0,      0,      0,      0,      0,      0,      0,      0,    36.3,    79.0,    43.3,    85.0,    35.7,    77.1,    41.5,    82.2,    36.3,    79.0,    43.3,    85.0,    35.7,    77.1,    41.5,    82.2,     0.0,     0.0,     0.0,     0.0,     0.0,     0.0,     0.0,     0.0,"($0.5 X DJIA INDEX)","124608","CBT ","124 "
"BITCOIN - CHICAGO MERCANTILE EXCHANGE",260915,2026-09-15,133741,CME ,00,133 ,   20773,   16744,   14276,    2901,     107,    2764,   19752,   19941,    1021,     832,   20773,   16744,   14276,    2901,     107,    2764,   19752,   19941,    1021,     832,       0,       0,       0,       0,       0,       0,       0,       0,       0,       0,    -310,    -856,   -1800,     755,      43,     639,     -58,    -406,    -252,      96,  100.0,   80.6,   68.7,   14.0,    0.5,   13.3,   95.1,   96.0,    4.9,    4.0,  100.0,   80.6,   68.7,   14.0,    0.5,   13.3,   95.1,   96.0,    4.9,    4.0,    0.0,    0.0,    0.0,    0.0,    0.0,    0.0,    0.0,    0.0,    0.0,    0.0,    111,     47,     54,     25,      2,      7,     63,     74,    111,     47,     54,     25,      2,      7,     63,     74,      0,      0,      0,      0,      0,      0,      0,      0,    61.0,    28.6,    71.7,    47.0,    59.6,    25.3,    68.2,    41.8,    61.0,    28.6,    71.7,    47.0,    59.6,    25.3,    68.2,    41.8,     0.0,     0.0,     0.0,     0.0,     0.0,     0.0,     0.0,     0.0,"(5 Bitcoins)","133741","CME ","133 "
"MICRO BITCOIN - CHICAGO MERCANTILE EXCHANGE",260915,2026-09-15,133742,CME ,00,133 ,   37455,   27543,   34760,     492,    4076,      90,   32111,   35342,    5344,    2113,   37455,   27543,   34760,     492,    4076,      90,   32111,   35342,    5344,    2113,       0,       0,       0,       0,       0,       0,       0,       0,       0,       0,    2276,    -722,    1840,     164,    3326,      40,    2768,    2044,    -492,     232,  100.0,   73.5,   92.8,    1.3,   10.9,    0.2,   85.7,   94.4,   14.3,    5.6,  100.0,   73.5,   92.8,    1.3,   10.9,    0.2,   85.7,   94.4,   14.3,    5.6,    0.0,    0.0,    0.0,    0.0,    0.0,    0.0,    0.0,    0.0,    0.0,    0.0,    198,    135,     55,      9,      6,      2,    146,     61,    198,    135,     55,      9,      6,      2,    146,     61,      0,      0,      0,      0,      0,      0,      0,      0,    32.6,    76.1,    49.9,    82.4,    32.6,    75.7,    49.9,    81.9,    32.6,    76.1,    49.9,    82.4,    32.6,    75.7,    49.9,    81.9,     0.0,     0.0,     0.0,     0.0,     0.0,     0.0,     0.0,     0.0,"(Bitcoin X $0.10)","133742","CME ","133 "
"Nano Bitcoin - COINBASE DERIVATIVES, LLC",260915,2026-09-15,133LM1,FREX,00,133 ,  183449,  182307,  180449,       1,       0,       0,  182308,  180450,    1141,    2999,  183449,  182307,  180449,       1,       0,       0,  182308,  180450,    1141,    2999,       0,       0,       0,       0,       0,       0,       0,       0,       0,       0,   12845,   13847,   13681,    -835,       0,       0,   13012,   12846,    -167,      -1,  100.0,   99.4,   98.4,    0.0,    0.0,    0.0,   99.4,   98.4,    0.6,    1.6,  100.0,   99.4,   98.4,    0.0,    0.0,    0.0,   99.4,   98.4,    0.6,    1.6,    0.0,    0.0,    0.0,    0.0,    0.0,    0.0,    0.0,    0.0,    0.0,    0.0,    125,     78,     47,      1,      0,      0,     79,     47,    125,     78,     47,      1,      0,      0,     79,     47,      0,      0,      0,      0,      0,      0,      0,      0,    90.9,    87.3,    94.6,    94.8,    90.9,    87.3,    94.6,    94.8,    90.9,    87.3,    94.6,    94.8,    90.9,    87.3,    94.6,    94.8,     0.0,     0.0,     0.0,     0.0,     0.0,     0.0,     0.0,     0.0,"(1/100 X Bitcoin = $300)","133LM1","FREX","133 "
"NANO BITCOIN PERP STYLE - COINBASE DERIVATIVES, LLC",260915,2026-09-15,133LM4,FREX,00,133 ,  170359,  155881,  139357,       0,     827,   22217,  156708,  161574,   13651,    8785,  170359,  155881,  139357,       0,     827,   22217,  156708,  161574,   13651,    8785,       0,       0,       0,       0,       0,       0,       0,       0,       0,       0,  -10662,  -10873,   -9881,       0,       0,    -622,  -10873,  -10503,     211,    -159,  100.0,   91.5,   81.8,    0.0,    0.5,   13.0,   92.0,   94.8,    8.0,    5.2,  100.0,   91.5,   81.8,    0.0,    0.5,   13.0,   92.0,   94.8,    8.0,    5.2,    0.0,    0.0,    0.0,    0.0,    0.0,    0.0,    0.0,    0.0,    0.0,    0.0,   1187,    665,    515,      0,      3,      4,    668,    519,   1187,    665,    515,      0,      3,      4,    668,    519,      0,      0,      0,      0,      0,      0,      0,      0,    32.6,    25.1,    38.2,    36.0,    32.6,    25.1,    38.2,    36.0,    32.6,    25.1,    38.2,    36.0,    32.6,    25.1,    38.2,    36.0,     0.0,     0.0,     0.0,     0.0,     0.0,     0.0,     0.0,     0.0,"(1/100 X Bitcoin)","133LM4","FREX","133 "
"BITCOIN CASH PERP STYLE - COINBASE DERIVATIVES, LLC",260915,2026-09-15,133LM5,FREX,00,133 ,    2302,    2047,    2189,       0,       0,       0,    2047,    2189,     255,     113,    2302,    2047,    2189,       0,       0,       0,    2047,    2189,     255,     113,       0,       0,       0,       0,       0,       0,       0,       0,       0,       0,     419,     451,     444,       0,       0,       0,     451,     444,     -32,     -25,  100.0,   88.9,   95.1,    0.0,    0.0,    0.0,   88.9,   95.1,   11.1,    4.9,  100.0,   88.9,   95.1,    0.0,    0.0,    0.0,   88.9,   95.1,   11.1,    4.9,    0.0,    0.0,    0.0,    0.0,    0.0,    0.0,    0.0,    0.0,    0.0,    0.0,     26,     18,      8,      0,      0,      0,     18,      8,     26,     18,      8,      0,      0,      0,     18,      8,      0,      0,      0,      0,      0,      0,      0,      0,    55.4,    83.7,    74.1,    95.1,    55.4,    83.7,    74.1,    95.1,    55.4,    83.7,    74.1,    95.1,    55.4,    83.7,    74.1,    95.1,     0.0,     0.0,     0.0,     0.0,     0.0,     0.0,     0.0,     0.0,"(1 Bitcoin)","133LM5","FREX","133 "
"SOFR-3M - CHICAGO MERCANTILE EXCHANGE",260915,2026-09-15,134741,CME ,00,134 ,13349060, 1363363, 4259569, 2568131, 9335970, 6445748,13267464,13273448,   81596,   75612,13349060, 1363363, 4259569, 2568131, 9335970, 6445748,13267464,13273448,   81596,   75612,       0,       0,       0,       0,       0,       0,       0,       0,       0,       0,   54653,  100507, -106624,  -39571,   -9074,  202542,   51862,   56347,    2791,   -1694,  100.0,   10.2,   31.9,   19.2,   69.9,   48.3,   99.4,   99.4,    0.6,    0.6,  100.0,   10.2,   31.9,   19.2,   69.9,   48.3,   99.4,   99.4,    0.6,    0.6,    0.0,    0.0,    0.0,    0.0,    0.0,    0.0,    0.0,    0.0,    0.0,    0.0,    871,    242,    249,    202,    267,    289,    642,    634,    871,    242,    249,    202,    267,    289,    642,    634,      0,      0,      0,      0,      0,      0,      0,      0,    16.9,    17.6,    28.5,    27.5,    15.3,    11.7,    24.7,    18.6,    16.9,    17.6,    28.5,    27.5,    15.3,    11.7,    24.7,    18.6,     0.0,     0.0,     0.0,     0.0,     0.0,     0.0,     0.0,     0.0,"($2,500 x Contract IMM Index)","134741","CME ","134 "
"SOFR-1M - CHICAGO MERCANTILE EXCHANGE",260915,2026-09-15,134742,CME ,00,134 , 1281220,  222172,  384696,  221553,  836929,  674501, 1280654, 1280750,     566,     470, 1281220,  222172,  384696,  221553,  836929,  674501, 1280654, 1280750,     566,     470,       0,       0,       0,       0,       0,       0,       0,       0,       0,       0,   54969,  -33021,   19532,   27469,   60862,    8532,   55310,   55533,    -341,    -564,  100.0,   17.3,   30.0,   17.3,   65.3,   52.6,  100.0,  100.0,    0.0,    0.0,  100.0,   17.3,   30.0,   17.3,   65.3,   52.6,  100.0,  100.0,    0.0,    0.0,    0.0,    0.0,    0.0,    0.0,    0.0,    0.0,    0.0,    0.0,    0.0,    0.0,    204,     32,     70,     56,     76,     96,    144,    186,    204,     32,     70,     56,     76,     96,    144,    186,      0,      0,      0,      0,      0,      0,      0,      0,    28.7,    24.7,    47.2,    36.1,    24.9,    18.6,    37.8,    27.0,    28.7,    24.7,    47.2,    36.1,    24.9,    18.6,    37.8,    27.0,     0.0,     0.0,     0.0,     0.0,     0.0,     0.0,     0.0,     0.0,"($4,167 x Contract IMM Index)","134742","CME ","134 "
"CANOLA - ICE FUTURES U.S.",260915,2026-09-15,135731,ICUS,01,135 ,  364756,  153587,   52007,   46150,  161869,  263014,  361606,  361171,    3150,    3585,  358088,  153473,   51731,   45442,  156130,  257353,  355045,  354526,    3043,    3562,    6668,     802,     964,      20,    5739,    5661,    6561,    6645,     107,      23,   13196,    8764,    4473,     435,    2725,    7222,   11924,   12130,    1272,    1066,  100.0,   42.1,   14.3,   12.7,   44.4,   72.1,   99.1,   99.0,    0.9,    1.0,  100.0,   42.9,   14.4,   12.7,   43.6,   71.9,   99.2,   99.0,    0.8,    1.0,  100.0,   12.0,   14.5,    0.3,   86.1,   84.9,   98.4,   99.7,    1.6,    0.3,    368,    139,    108,     56,     42,     92,    213,    236,    365,    141,    110,     54,     40,     91,    209,    233,     46,     12,     10,      3,     10,     14,     22,     27,    27.8,    37.0,    44.7,    52.3,    22.6,    28.3,    35.5,    41.3,    27.0,    37.7,    44.3,    52.1,    22.7,    29.5,    35.9,    41.7,    78.3,    81.5,    92.0,    92.0,    78.3,    81.5,    91.8,    92.0,"(20 Metric Tonnes)","135731","ICUS","135 "
"S&P 500 Consolidated - CHICAGO MERCANTILE EXCHANGE",260915,2026-09-15,13874+,CME ,00,138 , 2483362,  224702,  341434,  118620, 1847134, 1817347, 2190456, 2277401,  292906,  205961, 2483362,  224702,  341434,  118620, 1847134, 1817347, 2190456, 2277401,  292906,  205961,       0,       0,       0,       0,       0,       0,       0,       0,       0,       0,  375827,  -10564,   12235,   46426,  319080,  260684,  354943,  319345,   20884,   56482,  100.0,    9.0,   13.7,    4.8,   74.4,   73.2,   88.2,   91.7,   11.8,    8.3,  100.0,    9.0,   13.7,    4.8,   74.4,   73.2,   88.2,   91.7,   11.8,    8.3,    0.0,    0.0,    0.0,    0.0,    0.0,    0.0,    0.0,    0.0,    0.0,    0.0,    454,     70,     74,     66,    271,    193,    382,    292,    454,     70,     74,     66,    271,    193,    382,    292,      0,      0,      0,      0,      0,      0,      0,      0,     9.4,    25.2,    16.1,    37.5,     8.6,    23.2,    14.1,    33.6,     9.4,    25.2,    16.1,    37.5,     8.6,    23.2,    14.1,    33.6,     0.0,     0.0,     0.0,     0.0,     0.0,     0.0,     0.0,     0.0,"(S&P 500 INDEX X $50.00)","13874+","CME ","138 "
"E-MINI S&P CONSU STAPLES INDEX - CHICAGO MERCANTILE EXCHANGE",260915,2026-09-15,138748,CME ,00,138 ,   26939,     977,    1373,       0,   22309,   22315,   23286,   23688,    3653,    3251,   26939,     977,    1373,       0,   22309,   22315,   23286,   23688,    3653,    3251,       0,       0,       0,       0,       0,       0,       0,       0,       0,       0,    5311,    -344,    -288,       0,    4248,    4227,    3904,    3939,    1407,    1372,  100.0,    3.6,    5.1,    0.0,   82.8,   82.8,   86.4,   87.9,   13.6,   12.1,  100.0,    3.6,    5.1,    0.0,   82.8,   82.8,   86.4,   87.9,   13.6,   12.1,    0.0,    0.0,    0.0,    0.0,    0.0,    0.0,    0.0,    0.0,    0.0,    0.0,     25,      2,      1,      0,     12,     14,     14,     15,     25,      2,      1,      0,     12,     14,     14,     15,      0,      0,      0,      0,      0,      0,      0,      0,    58.5,    46.2,    78.4,    68.0,    55.4,    37.9,    68.3,    58.7,    58.5,    46.2,    78.4,    68.0,    55.4,    37.9,    68.3,    58.7,     0.0,     0.0,     0.0,     0.0,     0.0,     0.0,     0.0,     0.0,"($100 x S&P Select Sector Consumer Stapl","138748","CME ","138 "
"E-MINI S&P ENERGY INDEX - CHICAGO MERCANTILE EXCHANGE",260915,2026-09-15,138749,CME ,00,138 ,   43956,    4767,    2041,     935,   33959,   39664,   39661,   42640,    4295,    1316,   43956,    4767,    2041,     935,   33959,   39664,   39661,   42640,    4295,    1316,       0,       0,       0,       0,       0,       0,       0,       0,       0,       0,   16298,    2990,      44,     570,   11856,   15129,   15416,   15743,     882,     555,  100.0,   10.8,    4.6,    2.1,   77.3,   90.2,   90.2,   97.0,    9.8,    3.0,  100.0,   10.8,    4.6,    2.1,   77.3,   90.2,   90.2,   97.0,    9.8,    3.0,    0.0,    0.0,    0.0,    0.0,    0.0,    0.0,    0.0,    0.0,    0.0,    0.0,     39,      3,      4,      2,     22,     17,     26,     22,     39,      3,      4,      2,     22,     17,     26,     22,      0,      0,      0,      0,      0,      0,      0,      0,    45.4,    47.4,    71.6,    75.1,    40.3,    38.9,    51.8,    54.3,    45.4,    47.4,    71.6,    75.1,    40.3,    38.9,    51.8,    54.3,     0.0,     0.0,     0.0,     0.0,     0.0,     0.0,     0.0,     0.0,"($100 x S&P Select Sector Energy Index p","138749","CME ","138 "
"E-MINI S&P 500 - CHICAGO MERCANTILE EXCHANGE",260915,2026-09-15,13874A,CME ,00,138 , 2446519,  240290,  340751,   96393, 1825396, 1816205, 2162079, 2253349,  284440,  193170, 2446519,  240290,  340751,   96393, 1825396, 1816205, 2162079, 2253349,  284440,  193170,       0,       0,       0,       0,       0,       0,       0,       0,       0,       0,  374683,  -11574,   12851,   45922,  319357,  260149,  353705,  318922,   20978,   55761,  100.0,    9.8,   13.9,    3.9,   74.6,   74.2,   88.4,   92.1,   11.6,    7.9,  100.0,    9.8,   13.9,    3.9,   74.6,   74.2,   88.4,   92.1,   11.6,    7.9,    0.0,    0.0,    0.0,    0.0,    0.0,    0.0,    0.0,    0.0,    0.0,    0.0,    442,     68,     67,     63,    265,    191,    370,    284,    442,     68,     67,     63,    265,    191,    370,    284,      0,      0,      0,      0,      0,      0,      0,      0,     9.5,    25.6,    16.3,    38.1,     8.8,    23.6,    14.3,    34.2,     9.5,    25.6,    16.3,    38.1,     8.8,    23.6,    14.3,    34.2,     0.0,     0.0,     0.0,     0.0,     0.0,     0.0,     0.0,     0.0,"($50 X S&P 500 INDEX)","13874A","CME ","138 "
"E-MINI S&P FINANCIAL INDEX - CHICAGO MERCANTILE EXCHANGE",260915,2026-09-15,13874C,CME ,00,138 ,   70037,    2419,     272,     711,   63982,   67988,   67112,   68971,    2925,    1066,   70037,    2419,     272,     711,   63982,   67988,   67112,   68971,    2925,    1066,       0,       0,       0,       0,       0,       0,       0,       0,       0,       0,    7302,     435,    -118,     711,    6275,    6875,    7421,    7468,    -119,    -166,  100.0,    3.5,    0.4,    1.0,   91.4,   97.1,   95.8,   98.5,    4.2,    1.5,  100.0,    3.5,    0.4,    1.0,   91.4,   97.1,   95.8,   98.5,    4.2,    1.5,    0.0,    0.0,    0.0,    0.0,    0.0,    0.0,    0.0,    0.0,    0.0,    0.0,     38,      4,      2,      4,     22,     15,     29,     19,     38,      4,      2,      4,     22,     15,     29,     19,      0,      0,      0,      0,      0,      0,      0,      0,    54.7,    70.6,    78.6,    90.3,    54.7,    63.6,    72.3,    78.4,    54.7,    70.6,    78.6,    90.3,    54.7,    63.6,    72.3,    78.4,     0.0,     0.0,     0.0,     0.0,     0.0,     0.0,     0.0,     0.0,"($250 x S&P Select Sector Financial Inde","13874C","CME ","138 "
"E-MINI S&P HEALTH CARE INDEX - CHICAGO MERCANTILE EXCHANGE",260915,2026-09-15,13874E,CME ,00,138 ,   22225,    3714,     411,     307,   14744,   19731,   18765,   20449,    3460,    1776,   22225,    3714,     411,     307,   14744,   19731,   18765,   20449,    3460,    1776,       0,       0,       0,       0,       0,       0,       0,       0,       0,       0,    5301,     158,      79,     307,    4345,    5118,    4810,    5504,     491,    -203,  100.0,   16.7,    1.8,    1.4,   66.3,   88.8,   84.4,   92.0,   15.6,    8.0,  100.0,   16.7,    1.8,    1.4,   66.3,   88.8,   84.4,   92.0,   15.6,    8.0,    0.0,    0.0,    0.0,    0.0,    0.0,    0.0,    0.0,    0.0,    0.0,    0.0,     30,      5,      1,      1,     15,     17,     20,     19,     30,      5,      1,      1,     15,     17,     20,     19,      0,      0,      0,      0,      0,      0,      0,      0,    38.4,    56.6,    60.3,    75.1,    31.8,    55.7,    49.3,    63.9,    38.4,    56.6,    60.3,    75.1,    31.8,    55.7,    49.3,    63.9,     0.0,     0.0,     0.0,     0.0,     0.0,     0.0,     0.0,     0.0,"($100 x S&P Select Sector Health Care In","13874E","CME ","138 "
"E-MINI S&P INDUSTRIAL INDEX - CHICAGO MERCANTILE EXCHANGE",260915,2026-09-15,13874F,CME ,00,138 ,   18945,     853,    1990,      34,   16523,   16056,   17410,   18080,    1535,     865,   18945,     853,    1990,      34,   16523,   16056,   17410,   18080,    1535,     865,       0,       0,       0,       0,       0,       0,       0,       0,       0,       0,    2478,      88,    -391,      34,    3268,    2736,    3390,    2379,    -912,      99,  100.0,    4.5,   10.5,    0.2,   87.2,   84.8,   91.9,   95.4,    8.1,    4.6,  100.0,    4.5,   10.5,    0.2,   87.2,   84.8,   91.9,   95.4,    8.1,    4.6,    0.0,    0.0,    0.0,    0.0,    0.0,    0.0,    0.0,    0.0,    0.0,    0.0,     29,      1,      3,      1,     16,     13,     18,     16,     29,      1,      3,      1,     16,     13,     18,     16,      0,      0,      0,      0,      0,      0,      0,      0,    51.4,    54.5,    74.2,    77.1,    51.1,    52.7,    73.2,    74.4,    51.4,    54.5,    74.2,    77.1,    51.1,    52.7,    73.2,    74.4,     0.0,     0.0,     0.0,     0.0,     0.0,     0.0,     0.0,     0.0,"($100 x S&P Select Sector Industrial Ind","13874F","CME ","138 "
"E-MINI S&P TECHNOLOGY INDEX - CHICAGO MERCANTILE EXCHANGE",260915,2026-09-15,13874I,CME ,00,138 ,   15434,    1342,       0,      58,   11300,   15075,   12700,   15133,    2734,     301,   15434,    1342,       0,      58,   11300,   15075,   12700,   15133,    2734,     301,       0,       0,       0,       0,       0,       0,       0,       0,       0,       0,    2212,      14,       0,      58,    2342,    2336,    2414,    2394,    -202,    -182,  100.0,    8.7,    0.0,    0.4,   73.2,   97.7,   82.3,   98.0,   17.7,    2.0,  100.0,    8.7,    0.0,    0.4,   73.2,   97.7,   82.3,   98.0,   17.7,    2.0,    0.0,    0.0,    0.0,    0.0,    0.0,    0.0,    0.0,    0.0,    0.0,    0.0,     23,      2,      0,      1,     15,     11,     17,     12,     23,      2,      0,      1,     15,     11,     17,     12,      0,      0,      0,      0,      0,      0,      0,      0,    49.4,    76.0,    67.1,    93.1,    44.6,    73.2,    60.4,    84.3,    49.4,    76.0,    67.1,    93.1,    44.6,    73.2,    60.4,    84.3,     0.0,     0.0,     0.0,     0.0,     0.0,     0.0,     0.0,     0.0,"($100 x S&P Select Sector Technology Ind","13874I","CME ","138 "
"E-MINI S&P UTILITIES INDEX - CHICAGO MERCANTILE EXCHANGE",260915,2026-09-15,13874J,CME ,00,138 ,   46238,    2658,     958,      66,   40484,   43371,   43208,   44395,    3030,    1843,   46238,    2658,     958,      66,   40484,   43371,   43208,   44395,    3030,    1843,       0,       0,       0,       0,       0,       0,       0,       0,       0,       0,   22428,    -304,     151,      66,   22151,   22346,   21913,   22563,     515,    -135,  100.0,    5.7,    2.1,    0.1,   87.6,   93.8,   93.4,   96.0,    6.6,    4.0,  100.0,    5.7,    2.1,    0.1,   87.6,   93.8,   93.4,   96.0,    6.6,    4.0,    0.0,    0.0,    0.0,    0.0,    0.0,    0.0,    0.0,    0.0,    0.0,    0.0,     34,      2,      2,      1,     22,     19,     25,     21,     34,      2,      2,      1,     22,     19,     25,     21,      0,      0,      0,      0,      0,      0,      0,      0,    46.4,    56.8,    67.7,    78.0,    30.6,    36.8,    41.6,    46.9,    46.4,    56.8,    67.7,    78.0,    30.6,    36.8,    41.6,    46.9,     0.0,     0.0,     0.0,     0.0,     0.0,     0.0,     0.0,     0.0,"($100 x S&P Select Sector Utilities Inde","13874J","CME ","138 "
"E-MINI S&P COMMUNICATION INDEX - CHICAGO MERCANTILE EXCHANGE",260915,2026-09-15,13874P,CME ,00,138 ,   20343,    2836,     871,       0,   15964,   18962,   18800,   19833,    1543,     510,   20343,    2836,     871,       0,   15964,   18962,   18800,   19833,    1543,     510,       0,       0,       0,       0,       0,       0,       0,       0,       0,       0,    4253,     266,       0,       0,    5450,    3937,    5716,    3937,   -1463,     316,  100.0,   13.9,    4.3,    0.0,   78.5,   93.2,   92.4,   97.5,    7.6,    2.5,  100.0,   13.9,    4.3,    0.0,   78.5,   93.2,   92.4,   97.5,    7.6,    2.5,    0.0,    0.0,    0.0,    0.0,    0.0,    0.0,    0.0,    0.0,    0.0,    0.0,     26,      3,      1,      0,     17,     12,     20,     13,     26,      3,      1,      0,     17,     12,     20,     13,      0,      0,      0,      0,      0,      0,      0,      0,    40.2,    64.4,    64.7,    86.9,    35.1,    52.8,    51.9,    71.6,    40.2,    64.4,    64.7,    86.9,    35.1,    52.8,    51.9,    71.6,     0.0,     0.0,     0.0,     0.0,     0.0,     0.0,     0.0,     0.0,"($250 x S&P Select Sector Communication","13874P","CME ","138 "
"MICRO E-MINI S&P 500 INDEX - CHICAGO MERCANTILE EXCHANGE",260915,2026-09-15,13874U,CME ,00,138 ,  368430,   47790,  210502,   18600,  217383,   11422,  283773,  240524,   84657,  127906,  368430,   47790,  210502,   18600,  217383,   11422,  283773,  240524,   84657,  127906,       0,       0,       0,       0,       0,       0,       0,       0,       0,       0,   11441,   -1805,  -18070,   16953,   -2771,    5347,   12377,    4230,    -936,    7211,  100.0,   13.0,   57.1,    5.0,   59.0,    3.1,   77.0,   65.3,   23.0,   34.7,  100.0,   13.0,   57.1,    5.0,   59.0,    3.1,   77.0,   65.3,   23.0,   34.7,    0.0,    0.0,    0.0,    0.0,    0.0,    0.0,    0.0,    0.0,    0.0,    0.0,     38,      8,     11,     10,     19,      9,     33,     24,     38,      8,     11,     10,     19,      9,     33,     24,      0,      0,      0,      0,      0,      0,      0,      0,    60.0,    55.6,    65.3,    60.8,    57.9,    54.2,    62.4,    57.1,    60.0,    55.6,    65.3,    60.8,    57.9,    54.2,    62.4,    57.1,     0.0,     0.0,     0.0,     0.0,     0.0,     0.0,     0.0,     0.0,"($5 X S&P 500 INDEX)","13874U","CME ","138 "
"ADJUSTED INT RATE S&P 500 TOTL - CHICAGO MERCANTILE EXCHANGE",260915,2026-09-15,13874W,CME ,00,138 , 1145820,   84670,   90073,  154589,  892856,  880495, 1132115, 1125157,   13705,   20663, 1145820,   84670,   90073,  154589,  892856,  880495, 1132115, 1125157,   13705,   20663,       0,       0,       0,       0,       0,       0,       0,       0,       0,       0,  -17031,   -1100,   -4257,  -12130,   -7352,   -4858,  -20582,  -21245,    3551,    4214,  100.0,    7.4,    7.9,   13.5,   77.9,   76.8,   98.8,   98.2,    1.2,    1.8,  100.0,    7.4,    7.9,   13.5,   77.9,   76.8,   98.8,   98.2,    1.2,    1.8,    0.0,    0.0,    0.0,    0.0,    0.0,    0.0,    0.0,    0.0,    0.0,    0.0,     77,      9,     11,     19,     45,     51,     64,     75,     77,      9,     11,     19,     45,     51,     64,     75,      0,      0,      0,      0,      0,      0,      0,      0,    33.5,    19.8,    52.9,    35.8,    26.6,    18.9,    39.9,    30.1,    33.5,    19.8,    52.9,    35.8,    26.6,    18.9,    39.9,    30.1,     0.0,     0.0,     0.0,     0.0,     0.0,     0.0,     0.0,     0.0,"(S&P 500 TOTAL RETURN INDEX x $25)","13874W","CME ","138 "
"ETHER CASH SETTLED - CHICAGO MERCANTILE EXCHANGE",260915,2026-09-15,146021,CME ,00,146 ,   28413,   24427,   21272,    3379,      30,    3379,   27836,   28030,     577,     383,   28413,   24427,   21272,    3379,      30,    3379,   27836,   28030,     577,     383,       0,       0,       0,       0,       0,       0,       0,       0,       0,       0,    1849,     -19,    -504,    2236,     -45,     153,    2172,    1885,    -323,     -36,  100.0,   86.0,   74.9,   11.9,    0.1,   11.9,   98.0,   98.7,    2.0,    1.3,  100.0,   86.0,   74.9,   11.9,    0.1,   11.9,   98.0,   98.7,    2.0,    1.3,    0.0,    0.0,    0.0,    0.0,    0.0,    0.0,    0.0,    0.0,    0.0,    0.0,    101,     43,     50,     19,      1,      6,     55,     65,    101,     43,     50,     19,      1,      6,     55,     65,      0,      0,      0,      0,      0,      0,      0,      0,    81.5,    35.8,    86.8,    54.3,    75.2,    32.0,    78.5,    47.9,    81.5,    35.8,    86.8,    54.3,    75.2,    32.0,    78.5,    47.9,     0.0,     0.0,     0.0,     0.0,     0.0,     0.0,     0.0,     0.0,"(50 Index Points)","146021","CME ","146 "
"MICRO ETHER - CHICAGO MERCANTILE EXCHANGE",260915,2026-09-15,146022,CME ,00,146 ,   60971,   58425,   58829,     649,     200,    1039,   59274,   60517,    1697,     454,   60971,   58425,   58829,     649,     200,    1039,   59274,   60517,    1697,     454,       0,       0,       0,       0,       0,       0,       0,       0,       0,       0,   -2848,   -3014,   -3790,     155,       0,     678,   -2859,   -2957,      11,     109,  100.0,   95.8,   96.5,    1.1,    0.3,    1.7,   97.2,   99.3,    2.8,    0.7,  100.0,   95.8,   96.5,    1.1,    0.3,    1.7,   97.2,   99.3,    2.8,    0.7,    0.0,    0.0,    0.0,    0.0,    0.0,    0.0,    0.0,    0.0,    0.0,    0.0,    208,    163,     43,      6,      1,      1,    167,     47,    208,    163,     43,      6,      1,      1,    167,     47,      0,      0,      0,      0,      0,      0,      0,      0,    37.1,    81.3,    58.2,    90.9,    37.1,    81.3,    58.2,    90.9,    37.1,    81.3,    58.2,    90.9,    37.1,    81.3,    58.2,    90.9,     0.0,     0.0,     0.0,     0.0,     0.0,     0.0,     0.0,     0.0,"(0.1 Index Points)","146022","CME ","146 "
"NANO ETHER - COINBASE DERIVATIVES, LLC",260915,2026-09-15,146LM1,FREX,00,146 ,   61058,   59710,   60336,     406,       0,       0,   60116,   60742,     942,     316,   61058,   59710,   60336,     406,       0,       0,   60116,   60742,     942,     316,       0,       0,       0,       0,       0,       0,       0,       0,       0,       0,  -10099,  -10445,  -10540,     405,       0,       0,  -10040,  -10135,     -59,      36,  100.0,   97.8,   98.8,    0.7,    0.0,    0.0,   98.5,   99.5,    1.5,    0.5,  100.0,   97.8,   98.8,    0.7,    0.0,    0.0,   98.5,   99.5,    1.5,    0.5,    0.0,    0.0,    0.0,    0.0,    0.0,    0.0,    0.0,    0.0,    0.0,    0.0,    104,     80,     24,      1,      0,      0,     80,     25,    104,     80,     24,      1,      0,      0,     80,     25,      0,      0,      0,      0,      0,      0,      0,      0,    60.8,    94.9,    77.0,    97.7,    60.8,    94.9,    76.7,    97.4,    60.8,    94.9,    77.0,    97.7,    60.8,    94.9,    76.7,    97.4,     0.0,     0.0,     0.0,     0.0,     0.0,     0.0,     0.0,     0.0,"(0.1 Ether or 1/10 X$2,000 = $200)","146LM1","FREX","146 "
"NANO ETHER PERP STYLE - COINBASE DERIVATIVES, LLC",260915,2026-09-15,146LM3,FREX,00,146 ,  288139,  275570,  217079,       0,    2826,   57493,  278396,  274572,    9743,   13567,  288139,  275570,  217079,       0,    2826,   57493,  278396,  274572,    9743,   13567,       0,       0,       0,       0,       0,       0,       0,       0,       0,       0,    5451,    6692,    6577,     -15,   -1445,    -798,    5232,    5764,     219,    -313,  100.0,   95.6,   75.3,    0.0,    1.0,   20.0,   96.6,   95.3,    3.4,    4.7,  100.0,   95.6,   75.3,    0.0,    1.0,   20.0,   96.6,   95.3,    3.4,    4.7,    0.0,    0.0,    0.0,    0.0,    0.0,    0.0,    0.0,    0.0,    0.0,    0.0,    904,    653,    243,      0,      5,      3,    658,    246,    904,    653,    243,      0,      5,      3,    658,    246,      0,      0,      0,      0,      0,      0,      0,      0,    40.9,    48.9,    46.4,    61.8,    40.9,    48.9,    46.4,    61.8,    40.9,    48.9,    46.4,    61.8,    40.9,    48.9,    46.4,    61.8,     0.0,     0.0,     0.0,     0.0,     0.0,     0.0,     0.0,     0.0,"(1/10 X Ether)","146LM3","FREX","146 "
"LITECOIN PERP STYLE - COINBASE DERIVATIVES, LLC",260915,2026-09-15,167LM1,FREX,00,180 ,    2769,    2239,    2627,       0,       0,       0,    2239,    2627,     530,     142,    2769,    2239,    2627,       0,       0,       0,    2239,    2627,     530,     142,       0,       0,       0,       0,       0,       0,       0,       0,       0,       0,    -674,    -638,    -649,       0,       0,       0,    -638,    -649,     -36,     -25,  100.0,   80.9,   94.9,    0.0,    0.0,    0.0,   80.9,   94.9,   19.1,    5.1,  100.0,   80.9,   94.9,    0.0,    0.0,    0.0,   80.9,   94.9,   19.1,    5.1,    0.0,    0.0,    0.0,    0.0,    0.0,    0.0,    0.0,    0.0,    0.0,    0.0,     34,     26,      8,      0,      0,      0,     26,      8,     34,     26,      8,      0,      0,      0,     26,      8,      0,      0,      0,      0,      0,      0,      0,      0,    29.3,    87.6,    47.1,    94.9,    29.3,    87.6,    47.1,    94.9,    29.3,    87.6,    47.1,    94.9,    29.3,    87.6,    47.1,    94.9,     0.0,     0.0,     0.0,     0.0,     0.0,     0.0,     0.0,     0.0,"(5 Litecoin)","167LM1","FREX","180 "
"DOGECOIN - COINBASE DERIVATIVES, LLC",260915,2026-09-15,168DC1,FREX,00,180 ,   20077,   19692,   19754,     273,       0,       0,   19965,   20027,     112,      50,   20077,   19692,   19754,     273,       0,       0,   19965,   20027,     112,      50,       0,       0,       0,       0,       0,       0,       0,       0,       0,       0,   -2308,   -2122,   -2151,    -152,       0,       0,   -2274,   -2303,     -34,      -5,  100.0,   98.1,   98.4,    1.4,    0.0,    0.0,   99.4,   99.8,    0.6,    0.2,  100.0,   98.1,   98.4,    1.4,    0.0,    0.0,   99.4,   99.8,    0.6,    0.2,    0.0,    0.0,    0.0,    0.0,    0.0,    0.0,    0.0,    0.0,    0.0,    0.0,     21,      8,     13,      3,      0,      0,     11,     13,     21,      8,     13,      3,      0,      0,     11,     13,      0,      0,      0,      0,      0,      0,      0,      0,    97.8,    92.4,    99.0,    98.3,    97.3,    92.0,    98.1,    97.0,    97.8,    92.4,    99.0,    98.3,    97.3,    92.0,    98.1,    97.0,     0.0,     0.0,     0.0,     0.0,     0.0,     0.0,     0.0,     0.0,"(5,000 Dogecoin X $0.12 = Contract $600)","168DC1","FREX","180 "
"DOGECOIN PERP STYLE - COINBASE DERIVATIVES, LLC",260915,2026-09-15,168LM2,FREX,00,168 ,    2565,    1634,    2384,       0,       0,       0,    1634,    2384,     931,     181,    2565,    1634,    2384,       0,       0,       0,    1634,    2384,     931,     181,       0,       0,       0,       0,       0,       0,       0,       0,       0,       0,      29,     157,      56,       0,       0,       0,     157,      56,    -128,     -27,  100.0,   63.7,   92.9,    0.0,    0.0,    0.0,   63.7,   92.9,   36.3,    7.1,  100.0,   63.7,   92.9,    0.0,    0.0,    0.0,   63.7,   92.9,   36.3,    7.1,    0.0,    0.0,    0.0,    0.0,    0.0,    0.0,    0.0,    0.0,    0.0,    0.0,     25,     17,      8,      0,      0,      0,     17,      8,     25,     17,      8,      0,      0,      0,     17,      8,      0,      0,      0,      0,      0,      0,      0,      0,    27.3,    85.2,    44.3,    92.9,    27.3,    85.2,    44.3,    92.9,    27.3,    85.2,    44.3,    92.9,    27.3,    85.2,    44.3,    92.9,     0.0,     0.0,     0.0,     0.0,     0.0,     0.0,     0.0,     0.0,"(5,000 Dogecoin)","168LM2","FREX","168 "
"POLKADOT PERP STYLE - COINBASE DERIVATIVES, LLC",260915,2026-09-15,169LM2,FREX,00,180 ,    5999,    5431,    5869,       0,       0,       0,    5431,    5869,     568,     130,    5999,    5431,    5869,       0,       0,       0,    5431,    5869,     568,     130,       0,       0,       0,       0,       0,       0,       0,       0,       0,       0,     906,    1028,    1030,       0,       0,       0,    1028,    1030,    -122,    -124,  100.0,   90.5,   97.8,    0.0,    0.0,    0.0,   90.5,   97.8,    9.5,    2.2,  100.0,   90.5,   97.8,    0.0,    0.0,    0.0,   90.5,   97.8,    9.5,    2.2,    0.0,    0.0,    0.0,    0.0,    0.0,    0.0,    0.0,    0.0,    0.0,    0.0,     44,     31,     13,      0,      0,      0,     31,     13,     44,     31,     13,      0,      0,      0,     31,     13,      0,      0,      0,      0,      0,      0,      0,      0,    60.3,    91.5,    68.6,    94.7,    60.3,    91.5,    68.6,    94.7,    60.3,    91.5,    68.6,    94.7,    60.3,    91.5,    68.6,    94.7,     0.0,     0.0,     0.0,     0.0,     0.0,     0.0,     0.0,     0.0,"(100 Polkadot)","169LM2","FREX","180 "
"CHAINLINK PERP STYLE - COINBASE DERIVATIVES, LLC",260915,2026-09-15,170LM2,FREX,00,180 ,    4216,    2983,    4011,       0,       0,       0,    2983,    4011,    1233,     205,    4216,    2983,    4011,       0,       0,       0,    2983,    4011,    1233,     205,       0,       0,       0,       0,       0,       0,       0,       0,       0,       0,    -503,    -434,    -419,       0,       0,       0,    -434,    -419,     -69,     -84,  100.0,   70.8,   95.1,    0.0,    0.0,    0.0,   70.8,   95.1,   29.2,    4.9,  100.0,   70.8,   95.1,    0.0,    0.0,    0.0,   70.8,   95.1,   29.2,    4.9,    0.0,    0.0,    0.0,    0.0,    0.0,    0.0,    0.0,    0.0,    0.0,    0.0,     76,     55,     21,      0,      0,      0,     55,     21,     76,     55,     21,      0,      0,      0,     55,     21,      0,      0,      0,      0,      0,      0,      0,      0,    11.5,    68.4,    21.0,    79.2,    11.5,    68.4,    21.0,    79.2,    11.5,    68.4,    21.0,    79.2,    11.5,    68.4,    21.0,    79.2,     0.0,     0.0,     0.0,     0.0,     0.0,     0.0,     0.0,     0.0,"(50 Chainlink)","170LM2","FREX","180 "
"AVALANCHE - COINBASE DERIVATIVES, LLC",260915,2026-09-15,171LM1,FREX,00,180 ,    5117,    4803,    4814,     255,       0,       0,    5058,    5069,      59,      48,    5117,    4803,    4814,     255,       0,       0,    5058,    5069,      59,      48,       0,       0,       0,       0,       0,       0,       0,       0,       0,       0,   -1098,    -865,    -838,    -227,       0,       0,   -1092,   -1065,      -6,     -33,  100.0,   93.9,   94.1,    5.0,    0.0,    0.0,   98.8,   99.1,    1.2,    0.9,  100.0,   93.9,   94.1,    5.0,    0.0,    0.0,   98.8,   99.1,    1.2,    0.9,    0.0,    0.0,    0.0,    0.0,    0.0,    0.0,    0.0,    0.0,    0.0,    0.0,     20,      9,     11,      2,      0,      0,     11,     11,     20,      9,     11,      2,      0,      0,     11,     11,      0,      0,      0,      0,      0,      0,      0,      0,    90.3,    81.9,    97.7,    96.9,    88.3,    77.0,    93.4,    91.9,    90.3,    81.9,    97.7,    96.9,    88.3,    77.0,    93.4,    91.9,     0.0,     0.0,     0.0,     0.0,     0.0,     0.0,     0.0,     0.0,"(10 Avalanche x $30 = $300)","171LM1","FREX","180 "
"AVALANCHE PERP STYLE - COINBASE DERIVATIVES, LLC",260915,2026-09-15,171LM2,FREX,00,180 ,    6806,    5942,    6670,       0,       0,       0,    5942,    6670,     864,     136,    6806,    5942,    6670,       0,       0,       0,    5942,    6670,     864,     136,       0,       0,       0,       0,       0,       0,       0,       0,       0,       0,   -2686,   -2662,   -2624,       0,       0,       0,   -2662,   -2624,     -24,     -62,  100.0,   87.3,   98.0,    0.0,    0.0,    0.0,   87.3,   98.0,   12.7,    2.0,  100.0,   87.3,   98.0,    0.0,    0.0,    0.0,   87.3,   98.0,   12.7,    2.0,    0.0,    0.0,    0.0,    0.0,    0.0,    0.0,    0.0,    0.0,    0.0,    0.0,     70,     57,     13,      0,      0,      0,     57,     13,     70,     57,     13,      0,      0,      0,     57,     13,      0,      0,      0,      0,      0,      0,      0,      0,    17.6,    89.5,    34.6,    95.4,    17.6,    89.5,    34.6,    95.4,    17.6,    89.5,    34.6,    95.4,    17.6,    89.5,    34.6,    95.4,     0.0,     0.0,     0.0,     0.0,     0.0,     0.0,     0.0,     0.0,"(10 Avalanche)","171LM2","FREX","180 "
"1K SHIB PERP - COINBASE DERIVATIVES, LLC",260915,2026-09-15,172LM2,FREX,00,180 ,    3246,    2564,    3068,       0,       0,       0,    2564,    3068,     682,     178,    3246,    2564,    3068,       0,       0,       0,    2564,    3068,     682,     178,       0,       0,       0,       0,       0,       0,       0,       0,       0,       0,      -1,      99,     -11,       0,       0,       0,      99,     -11,    -100,      10,  100.0,   79.0,   94.5,    0.0,    0.0,    0.0,   79.0,   94.5,   21.0,    5.5,  100.0,   79.0,   94.5,    0.0,    0.0,    0.0,   79.0,   94.5,   21.0,    5.5,    0.0,    0.0,    0.0,    0.0,    0.0,    0.0,    0.0,    0.0,    0.0,    0.0,     30,     22,      8,      0,      0,      0,     22,      8,     30,     22,      8,      0,      0,      0,     22,      8,      0,      0,      0,      0,      0,      0,      0,      0,    47.2,    87.2,    60.1,    94.5,    47.2,    87.2,    60.1,    94.5,    47.2,    87.2,    60.1,    94.5,    47.2,    87.2,    60.1,    94.5,     0.0,     0.0,     0.0,     0.0,     0.0,     0.0,     0.0,     0.0,"(10,000 x 1k Shib Index)","172LM2","FREX","180 "
"STELLAR PERP STYLE - COINBASE DERIVATIVES, LLC",260915,2026-09-15,173LM2,FREX,00,180 ,    3364,    2308,    3093,       0,       0,       0,    2308,    3093,    1056,     271,    3364,    2308,    3093,       0,       0,       0,    2308,    3093,    1056,     271,       0,       0,       0,       0,       0,       0,       0,       0,       0,       0,    -164,     -98,    -208,       0,       0,       0,     -98,    -208,     -66,      44,  100.0,   68.6,   91.9,    0.0,    0.0,    0.0,   68.6,   91.9,   31.4,    8.1,  100.0,   68.6,   91.9,    0.0,    0.0,    0.0,   68.6,   91.9,   31.4,    8.1,    0.0,    0.0,    0.0,    0.0,    0.0,    0.0,    0.0,    0.0,    0.0,    0.0,     44,     31,     13,      0,      0,      0,     31,     13,     44,     31,     13,      0,      0,      0,     31,     13,      0,      0,      0,      0,      0,      0,      0,      0,    24.6,    78.2,    36.1,    86.9,    24.6,    78.2,    36.1,    86.9,    24.6,    78.2,    36.1,    86.9,    24.6,    78.2,    36.1,    86.9,     0.0,     0.0,     0.0,     0.0,     0.0,     0.0,     0.0,     0.0,"(5000 Stellar)","173LM2","FREX","180 "
"CARDONA PERP STYLE - COINBASE DERIVATIVES, LLC",260915,2026-09-15,174LM2,FREX,00,174 ,    8781,    7370,    8293,       0,       0,     140,    7370,    8433,    1411,     348,    8781,    7370,    8293,       0,       0,     140,    7370,    8433,    1411,     348,       0,       0,       0,       0,       0,       0,       0,       0,       0,       0,     550,     529,     542,       0,       0,       0,     529,     542,      21,       8,  100.0,   83.9,   94.4,    0.0,    0.0,    1.6,   83.9,   96.0,   16.1,    4.0,  100.0,   83.9,   94.4,    0.0,    0.0,    1.6,   83.9,   96.0,   16.1,    4.0,    0.0,    0.0,    0.0,    0.0,    0.0,    0.0,    0.0,    0.0,    0.0,    0.0,     95,     74,     20,      0,      0,      1,     74,     21,     95,     74,     20,      0,      0,      1,     74,     21,      0,      0,      0,      0,      0,      0,      0,      0,    19.1,    82.5,    28.2,    88.7,    19.1,    82.5,    28.2,    88.7,    19.1,    82.5,    28.2,    88.7,    19.1,    82.5,    28.2,    88.7,     0.0,     0.0,     0.0,     0.0,     0.0,     0.0,     0.0,     0.0,"(1,000 Cardano)","174LM2","FREX","174 "
"XRP - CHICAGO MERCANTILE EXCHANGE",260915,2026-09-15,176740,CME ,00,176 ,    6706,    6369,    5421,     145,      38,     944,    6552,    6510,     154,     196,    6706,    6369,    5421,     145,      38,     944,    6552,    6510,     154,     196,       0,       0,       0,       0,       0,       0,       0,       0,       0,       0,    -509,    -522,    -600,      11,      -7,     110,    -518,    -479,       9,     -30,  100.0,   95.0,   80.8,    2.2,    0.6,   14.1,   97.7,   97.1,    2.3,    2.9,  100.0,   95.0,   80.8,    2.2,    0.6,   14.1,   97.7,   97.1,    2.3,    2.9,    0.0,    0.0,    0.0,    0.0,    0.0,    0.0,    0.0,    0.0,    0.0,    0.0,     29,     11,     14,      3,      1,      3,     13,     19,     29,     11,     14,      3,      1,      3,     13,     19,      0,      0,      0,      0,      0,      0,      0,      0,    84.9,    61.0,    93.7,    81.4,    84.9,    59.9,    92.8,    80.2,    84.9,    61.0,    93.7,    81.4,    84.9,    59.9,    92.8,    80.2,     0.0,     0.0,     0.0,     0.0,     0.0,     0.0,     0.0,     0.0,"(Contracts of 50,000 XRP)","176740","CME ","176 "
"NANO XRP - COINBASE DERIVATIVES, LLC",260915,2026-09-15,176LM1,FREX,00,176 ,   33555,   30906,   31305,    1995,       0,       0,   32901,   33300,     654,     255,   33555,   30906,   31305,    1995,       0,       0,   32901,   33300,     654,     255,       0,       0,       0,       0,       0,       0,       0,       0,       0,       0,     -24,    -972,    -958,     880,       0,       0,     -92,     -78,      68,      54,  100.0,   92.1,   93.3,    5.9,    0.0,    0.0,   98.1,   99.2,    1.9,    0.8,  100.0,   92.1,   93.3,    5.9,    0.0,    0.0,   98.1,   99.2,    1.9,    0.8,    0.0,    0.0,    0.0,    0.0,    0.0,    0.0,    0.0,    0.0,    0.0,    0.0,     46,     28,     18,      2,      0,      0,     30,     18,     46,     28,     18,      2,      0,      0,     30,     18,      0,      0,      0,      0,      0,      0,      0,      0,    86.5,    96.7,    93.1,    98.2,    85.0,    90.7,    88.4,    92.3,    86.5,    96.7,    93.1,    98.2,    85.0,    90.7,    88.4,    92.3,     0.0,     0.0,     0.0,     0.0,     0.0,     0.0,     0.0,     0.0,"(500 XRP x $2.00 = $1000)","176LM1","FREX","176 "
"XRP - COINBASE DERIVATIVES, LLC",260915,2026-09-15,176LM2,FREX,00,176 ,   21368,   21338,   19753,       7,       0,       0,   21345,   19760,      23,    1608,   21368,   21338,   19753,       7,       0,       0,   21345,   19760,      23,    1608,       0,       0,       0,       0,       0,       0,       0,       0,       0,       0,    -213,    -234,    -317,      -2,       0,     -26,    -236,    -345,      23,     132,  100.0,   99.9,   92.4,    0.0,    0.0,    0.0,   99.9,   92.5,    0.1,    7.5,  100.0,   99.9,   92.4,    0.0,    0.0,    0.0,   99.9,   92.5,    0.1,    7.5,    0.0,    0.0,    0.0,    0.0,    0.0,    0.0,    0.0,    0.0,    0.0,    0.0,     20,      5,     15,      1,      0,      0,      6,     15,     20,      5,     15,      1,      0,      0,      6,     15,      0,      0,      0,      0,      0,      0,      0,      0,    99.7,    65.0,    99.9,    85.1,    99.7,    64.9,    99.9,    85.1,    99.7,    65.0,    99.9,    85.1,    99.7,    64.9,    99.9,    85.1,     0.0,     0.0,     0.0,     0.0,     0.0,     0.0,     0.0,     0.0,"(10,000 XRP x $2.00 = $20,000)","176LM2","FREX","176 "
"NANO XRP PERP STYLE - COINBASE DERIVATIVES, LLC",260915,2026-09-15,176LM3,FREX,00,176 ,   46599,   40843,   33108,       0,     150,   10113,   40993,   43221,    5606,    3378,   46599,   40843,   33108,       0,     150,   10113,   40993,   43221,    5606,    3378,       0,       0,       0,       0,       0,       0,       0,       0,       0,       0,    1041,    1458,    2421,       0,       0,   -1456,    1458,     965,    -417,      76,  100.0,   87.6,   71.0,    0.0,    0.3,   21.7,   88.0,   92.8,   12.0,    7.2,  100.0,   87.6,   71.0,    0.0,    0.3,   21.7,   88.0,   92.8,   12.0,    7.2,    0.0,    0.0,    0.0,    0.0,    0.0,    0.0,    0.0,    0.0,    0.0,    0.0,    273,    226,     43,      0,      1,      3,    227,     46,    273,    226,     43,      0,      1,      3,    227,     46,      0,      0,      0,      0,      0,      0,      0,      0,    35.9,    66.7,    42.2,    82.8,    35.9,    66.7,    42.2,    82.8,    35.9,    66.7,    42.2,    82.8,    35.9,    66.7,    42.2,    82.8,     0.0,     0.0,     0.0,     0.0,     0.0,     0.0,     0.0,     0.0,"(500 XRP x $2.00 = $1000)","176LM3","FREX","176 "
"SOL - CHICAGO MERCANTILE EXCHANGE",260915,2026-09-15,177741,CME ,00,177 ,   11562,   11162,    9701,     207,       0,    1438,   11369,   11346,     193,     216,   11562,   11162,    9701,     207,       0,    1438,   11369,   11346,     193,     216,       0,       0,       0,       0,       0,       0,       0,       0,       0,       0,      18,      26,    -138,     146,     -25,      12,     147,      20,    -129,      -2,  100.0,   96.5,   83.9,    1.8,    0.0,   12.4,   98.3,   98.1,    1.7,    1.9,  100.0,   96.5,   83.9,    1.8,    0.0,   12.4,   98.3,   98.1,    1.7,    1.9,    0.0,    0.0,    0.0,    0.0,    0.0,    0.0,    0.0,    0.0,    0.0,    0.0,     37,     15,     18,      3,      0,      4,     17,     23,     37,     15,     18,      3,      0,      4,     17,     23,      0,      0,      0,      0,      0,      0,      0,      0,    89.3,    70.2,    94.8,    82.1,    89.3,    68.7,    93.9,    80.5,    89.3,    70.2,    94.8,    82.1,    89.3,    68.7,    93.9,    80.5,     0.0,     0.0,     0.0,     0.0,     0.0,     0.0,     0.0,     0.0,"(500 SOL- CME CF Solana - Dollar Referen","177741","CME ","177 "
"MICRO SOL - CHICAGO MERCANTILE EXCHANGE",260915,2026-09-15,177742,CME ,00,177 ,    3232,    2747,    3038,      71,       0,       0,    2818,    3109,     414,     123,    3232,    2747,    3038,      71,       0,       0,    2818,    3109,     414,     123,       0,       0,       0,       0,       0,       0,       0,       0,       0,       0,     288,     354,     305,      22,       0,       0,     376,     327,     -88,     -39,  100.0,   85.0,   94.0,    2.2,    0.0,    0.0,   87.2,   96.2,   12.8,    3.8,  100.0,   85.0,   94.0,    2.2,    0.0,    0.0,   87.2,   96.2,   12.8,    3.8,    0.0,    0.0,    0.0,    0.0,    0.0,    0.0,    0.0,    0.0,    0.0,    0.0,     21,     14,      7,      1,      0,      0,     15,      7,     21,     14,      7,      1,      0,      0,     15,      7,      0,      0,      0,      0,      0,      0,      0,      0,    65.3,    92.8,    76.9,    96.2,    65.3,    90.6,    76.6,    94.0,    65.3,    92.8,    76.9,    96.2,    65.3,    90.6,    76.6,    94.0,     0.0,     0.0,     0.0,     0.0,     0.0,     0.0,     0.0,     0.0,"(25 SOL, defined by CME CF Solana-Dollar","177742","CME ","177 "
"NANO SOLANA - COINBASE DERIVATIVES, LLC",260915,2026-09-15,177LM1,FREX,00,177 ,    4810,    4430,    4666,       0,       0,      30,    4430,    4696,     380,     114,    4810,    4430,    4666,       0,       0,      30,    4430,    4696,     380,     114,       0,       0,       0,       0,       0,       0,       0,       0,       0,       0,     -27,      89,       9,     -21,       0,      -2,      68,     -14,     -95,     -13,  100.0,   92.1,   97.0,    0.0,    0.0,    0.6,   92.1,   97.6,    7.9,    2.4,  100.0,   92.1,   97.0,    0.0,    0.0,    0.6,   92.1,   97.6,    7.9,    2.4,    0.0,    0.0,    0.0,    0.0,    0.0,    0.0,    0.0,    0.0,    0.0,    0.0,     33,     22,     10,      0,      0,      1,     22,     11,     33,     22,     10,      0,      0,      1,     22,     11,      0,      0,      0,      0,      0,      0,      0,      0,    66.1,    85.7,    77.8,    95.4,    66.1,    85.7,    77.8,    95.4,    66.1,    85.7,    77.8,    95.4,    66.1,    85.7,    77.8,    95.4,     0.0,     0.0,     0.0,     0.0,     0.0,     0.0,     0.0,     0.0,"(5 Solana x $250 = $1250)","177LM1","FREX","177 "
"NANO SOLANA PERP STYLE - COINBASE DERIVATIVES, LLC",260915,2026-09-15,177LM3,FREX,00,177 ,   32884,   26834,   18754,       0,     765,    2710,   27599,   21464,    5285,   11420,   32884,   26834,   18754,       0,     765,    2710,   27599,   21464,    5285,   11420,       0,       0,       0,       0,       0,       0,       0,       0,       0,       0,   -1125,    -690,   -1822,       0,       0,     729,    -690,   -1093,    -435,     -32,  100.0,   81.6,   57.0,    0.0,    2.3,    8.2,   83.9,   65.3,   16.1,   34.7,  100.0,   81.6,   57.0,    0.0,    2.3,    8.2,   83.9,   65.3,   16.1,   34.7,    0.0,    0.0,    0.0,    0.0,    0.0,    0.0,    0.0,    0.0,    0.0,    0.0,    279,    216,     58,      0,      3,      2,    219,     60,    279,    216,     58,      0,      3,      2,    219,     60,      0,      0,      0,      0,      0,      0,      0,      0,    13.6,    36.9,    21.9,    47.8,    13.6,    36.9,    21.9,    47.8,    13.6,    36.9,    21.9,    47.8,    13.6,    36.9,    21.9,    47.8,     0.0,     0.0,     0.0,     0.0,     0.0,     0.0,     0.0,     0.0,"(5 Solana x $180 = $900)","177LM3","FREX","177 "
"SUI PERP STYLE - COINBASE DERIVATIVES, LLC",260915,2026-09-15,180LM3,FREX,00,180 ,    5066,    3526,    4928,       0,       0,       0,    3526,    4928,    1540,     138,    5066,    3526,    4928,       0,       0,       0,    3526,    4928,    1540,     138,       0,       0,       0,       0,       0,       0,       0,       0,       0,       0,      10,     -46,      75,       0,       0,       0,     -46,      75,      56,     -65,  100.0,   69.6,   97.3,    0.0,    0.0,    0.0,   69.6,   97.3,   30.4,    2.7,  100.0,   69.6,   97.3,    0.0,    0.0,    0.0,   69.6,   97.3,   30.4,    2.7,    0.0,    0.0,    0.0,    0.0,    0.0,    0.0,    0.0,    0.0,    0.0,    0.0,     76,     58,     18,      0,      0,      0,     58,     18,     76,     58,     18,      0,      0,      0,     58,     18,      0,      0,      0,      0,      0,      0,      0,      0,     7.9,    76.0,    15.8,    85.0,     7.9,    76.0,    15.8,    85.0,     7.9,    76.0,    15.8,    85.0,     7.9,    76.0,    15.8,    85.0,     0.0,     0.0,     0.0,     0.0,     0.0,     0.0,     0.0,     0.0,"(500 x SUI)","180LM3","FREX","180 "
"HEDERA PERP STYLE - COINBASE DERIVATIVES, LLC",260915,2026-09-15,180LM4,FREX,00,180 ,    2579,    1821,    2415,       0,       0,       0,    1821,    2415,     758,     164,    2579,    1821,    2415,       0,       0,       0,    1821,    2415,     758,     164,       0,       0,       0,       0,       0,       0,       0,       0,       0,       0,     110,      66,      88,       0,       0,       0,      66,      88,      44,      22,  100.0,   70.6,   93.6,    0.0,    0.0,    0.0,   70.6,   93.6,   29.4,    6.4,  100.0,   70.6,   93.6,    0.0,    0.0,    0.0,   70.6,   93.6,   29.4,    6.4,    0.0,    0.0,    0.0,    0.0,    0.0,    0.0,    0.0,    0.0,    0.0,    0.0,     35,     23,     12,      0,      0,      0,     23,     12,     35,     23,     12,      0,      0,      0,     23,     12,      0,      0,      0,      0,      0,      0,      0,      0,    35.8,    79.6,    47.1,    88.3,    35.8,    79.6,    47.1,    88.3,    35.8,    79.6,    47.1,    88.3,    35.8,    79.6,    47.1,    88.3,     0.0,     0.0,     0.0,     0.0,     0.0,     0.0,     0.0,     0.0,"(5000 Hedera)","180LM4","FREX","180 "
"AAVE PERP STYLE - COINBASE DERIVATIVES, LLC",260915,2026-09-15,180LM5,FREX,00,180 ,    1181,     869,    1110,       0,       0,       0,     869,    1110,     312,      71,    1181,     869,    1110,       0,       0,       0,     869,    1110,     312,      71,       0,       0,       0,       0,       0,       0,       0,       0,       0,       0,      62,      66,      65,       0,       0,       0,      66,      65,      -4,      -3,  100.0,   73.6,   94.0,    0.0,    0.0,    0.0,   73.6,   94.0,   26.4,    6.0,  100.0,   73.6,   94.0,    0.0,    0.0,    0.0,   73.6,   94.0,   26.4,    6.0,    0.0,    0.0,    0.0,    0.0,    0.0,    0.0,    0.0,    0.0,    0.0,    0.0,     21,     11,     10,      0,      0,      0,     11,     10,     21,     11,     10,      0,      0,      0,     11,     10,      0,      0,      0,      0,      0,      0,      0,      0,    52.7,    78.8,    67.0,    89.8,    52.7,    78.8,    67.0,    89.8,    52.7,    78.8,    67.0,    89.8,    52.7,    78.8,    67.0,    89.8,     0.0,     0.0,     0.0,     0.0,     0.0,     0.0,     0.0,     0.0,"(5 Aave)","180LM5","FREX","180 "
"ETHENA PERP STYLE - COINBASE DERIVATIVES, LLC",260915,2026-09-15,180LM6,FREX,00,180 ,    1463,     933,    1331,       0,       0,       0,     933,    1331,     530,     132,    1463,     933,    1331,       0,       0,       0,     933,    1331,     530,     132,       0,       0,       0,       0,       0,       0,       0,       0,       0,       0,    -192,    -158,    -114,       0,       0,       0,    -158,    -114,     -34,     -78,  100.0,   63.8,   91.0,    0.0,    0.0,    0.0,   63.8,   91.0,   36.2,    9.0,  100.0,   63.8,   91.0,    0.0,    0.0,    0.0,   63.8,   91.0,   36.2,    9.0,    0.0,    0.0,    0.0,    0.0,    0.0,    0.0,    0.0,    0.0,    0.0,    0.0,     29,     22,      7,      0,      0,      0,     22,      7,     29,     22,      7,      0,      0,      0,     22,      7,      0,      0,      0,      0,      0,      0,      0,      0,    13.7,    83.0,    27.3,    91.0,    13.7,    83.0,    27.3,    91.0,    13.7,    83.0,    27.3,    91.0,    13.7,    83.0,    27.3,    91.0,     0.0,     0.0,     0.0,     0.0,     0.0,     0.0,     0.0,     0.0,"(5,000 ENA)","180LM6","FREX","180 "
"NEAR PROTOCAL PERP STYLE - COINBASE DERIVATIVES, LLC",260915,2026-09-15,180LM7,FREX,00,180 ,    1356,     831,    1038,       0,       0,       0,     831,    1038,     525,     318,    1356,     831,    1038,       0,       0,       0,     831,    1038,     525,     318,       0,       0,       0,       0,       0,       0,       0,       0,       0,       0,    -103,     -44,    -185,       0,       0,       0,     -44,    -185,     -59,      82,  100.0,   61.3,   76.5,    0.0,    0.0,    0.0,   61.3,   76.5,   38.7,   23.5,  100.0,   61.3,   76.5,    0.0,    0.0,    0.0,   61.3,   76.5,   38.7,   23.5,    0.0,    0.0,    0.0,    0.0,    0.0,    0.0,    0.0,    0.0,    0.0,    0.0,     29,     18,     11,      0,      0,      0,     18,     11,     29,     18,     11,      0,      0,      0,     18,     11,      0,      0,      0,      0,      0,      0,      0,      0,    20.4,    53.0,    35.2,    67.8,    20.4,    53.0,    35.2,    67.8,    20.4,    53.0,    35.2,    67.8,    20.4,    53.0,    35.2,    67.8,     0.0,     0.0,     0.0,     0.0,     0.0,     0.0,     0.0,     0.0,"(500 NER)","180LM7","FREX","180 "
"ONDO PERP STYLE - COINBASE DERIVATIVES, LLC",260915,2026-09-15,180LM8,FREX,00,180 ,    4490,    3425,    4366,       0,       0,       0,    3425,    4366,    1065,     124,    4490,    3425,    4366,       0,       0,       0,    3425,    4366,    1065,     124,       0,       0,       0,       0,       0,       0,       0,       0,       0,       0,    -388,    -311,    -406,       0,       0,       0,    -311,    -406,     -77,      18,  100.0,   76.3,   97.2,    0.0,    0.0,    0.0,   76.3,   97.2,   23.7,    2.8,  100.0,   76.3,   97.2,    0.0,    0.0,    0.0,   76.3,   97.2,   23.7,    2.8,    0.0,    0.0,    0.0,    0.0,    0.0,    0.0,    0.0,    0.0,    0.0,    0.0,     53,     46,      7,      0,      0,      0,     46,      7,     53,     46,      7,      0,      0,      0,     46,      7,      0,      0,      0,      0,      0,      0,      0,      0,    20.8,    95.1,    29.7,    97.2,    20.8,    95.1,    29.7,    97.2,    20.8,    95.1,    29.7,    97.2,    20.8,    95.1,    29.7,    97.2,     0.0,     0.0,     0.0,     0.0,     0.0,     0.0,     0.0,     0.0,"(1,000 ONDO)","180LM8","FREX","180 "
"PAX GOLD PERP STYLE - COINBASE DERIVATIVES, LLC",260915,2026-09-15,180LM9,FREX,00,180 ,    1370,     791,    1225,       0,       0,       0,     791,    1225,     579,     145,    1370,     791,    1225,       0,       0,       0,     791,    1225,     579,     145,       0,       0,       0,       0,       0,       0,       0,       0,       0,       0,     127,      50,     126,       0,       0,       0,      50,     126,      77,       1,  100.0,   57.7,   89.4,    0.0,    0.0,    0.0,   57.7,   89.4,   42.3,   10.6,  100.0,   57.7,   89.4,    0.0,    0.0,    0.0,   57.7,   89.4,   42.3,   10.6,    0.0,    0.0,    0.0,    0.0,    0.0,    0.0,    0.0,    0.0,    0.0,    0.0,     26,     16,     10,      0,      0,      0,     16,     10,     26,     16,     10,      0,      0,      0,     16,     10,      0,      0,      0,      0,      0,      0,      0,      0,    28.3,    68.2,    41.5,    85.2,    28.3,    68.2,    41.5,    85.2,    28.3,    68.2,    41.5,    85.2,    28.3,    68.2,    41.5,    85.2,     0.0,     0.0,     0.0,     0.0,     0.0,     0.0,     0.0,     0.0,"(1 PAX Gold)","180LM9","FREX","180 "
"ZCASH PERP STYLE - COINBASE DERIVATIVES, LLC",260915,2026-09-15,180LMB,FREX,00,180 ,    9730,    8463,    8584,       0,       0,       0,    8463,    8584,    1267,    1146,    9730,    8463,    8584,       0,       0,       0,    8463,    8584,    1267,    1146,       0,       0,       0,       0,       0,       0,       0,       0,       0,       0,   -1746,   -1676,   -1347,       0,       0,       0,   -1676,   -1347,     -70,    -399,  100.0,   87.0,   88.2,    0.0,    0.0,    0.0,   87.0,   88.2,   13.0,   11.8,  100.0,   87.0,   88.2,    0.0,    0.0,    0.0,   87.0,   88.2,   13.0,   11.8,    0.0,    0.0,    0.0,    0.0,    0.0,    0.0,    0.0,    0.0,    0.0,    0.0,    101,     49,     52,      0,      0,      0,     49,     52,    101,     49,     52,      0,      0,      0,     49,     52,      0,      0,      0,      0,      0,      0,      0,      0,    41.8,    52.6,    56.3,    62.4,    41.8,    52.6,    56.3,    62.4,    41.8,    52.6,    56.3,    62.4,    41.8,    52.6,    56.3,    62.4,     0.0,     0.0,     0.0,     0.0,     0.0,     0.0,     0.0,     0.0,"(1 Zcash)","180LMB","FREX","180 "
"CRYPTO HYPE PERP STYLE - COINBASE DERIVATIVES, LLC",260915,2026-09-15,183LM2,FREX,00,183 ,    9330,    7618,    8941,       0,     100,       0,    7718,    8941,    1612,     389,    9330,    7618,    8941,       0,     100,       0,    7718,    8941,    1612,     389,       0,       0,       0,       0,       0,       0,       0,       0,       0,       0,     632,     617,     947,       0,       0,    -304,     617,     643,      15,     -11,  100.0,   81.7,   95.8,    0.0,    1.1,    0.0,   82.7,   95.8,   17.3,    4.2,  100.0,   81.7,   95.8,    0.0,    1.1,    0.0,   82.7,   95.8,   17.3,    4.2,    0.0,    0.0,    0.0,    0.0,    0.0,    0.0,    0.0,    0.0,    0.0,    0.0,     83,     60,     22,      0,      1,      0,     61,     22,     83,     60,     22,      0,      1,      0,     61,     22,      0,      0,      0,      0,      0,      0,      0,      0,    39.0,    79.8,    47.6,    86.6,    39.0,    79.8,    47.6,    86.6,    39.0,    79.8,    47.6,    86.6,    39.0,    79.8,    47.6,    86.6,     0.0,     0.0,     0.0,     0.0,     0.0,     0.0,     0.0,     0.0,"(10 x HYPE Index)","183LM2","FREX","183 "
"COBALT - COMMODITY EXCHANGE INC.",260915,2026-09-15,188691,CMX ,01,188 ,   14897,    4533,    4914,    2664,    7291,    6393,   14488,   13971,     409,     926,   14897,    4533,    4914,    2664,    7291,    6393,   14488,   13971,     409,     926,       0,       0,       0,       0,       0,       0,       0,       0,       0,       0,     296,     -85,    -203,     178,     188,      77,     281,      52,      15,     244,  100.0,   30.4,   33.0,   17.9,   48.9,   42.9,   97.3,   93.8,    2.7,    6.2,  100.0,   30.4,   33.0,   17.9,   48.9,   42.9,   97.3,   93.8,    2.7,    6.2,    0.0,    0.0,    0.0,    0.0,    0.0,    0.0,    0.0,    0.0,    0.0,    0.0,     40,      8,     10,     10,     17,     19,     30,     34,     40,      8,     10,     10,     17,     19,     30,     34,      0,      0,      0,      0,      0,      0,      0,      0,    42.0,    47.5,    71.0,    70.8,    38.4,    44.5,    60.6,    58.6,    42.0,    47.5,    71.0,    70.8,    38.4,    44.5,    60.6,    58.6,     0.0,     0.0,     0.0,     0.0,     0.0,     0.0,     0.0,     0.0,"2,204.62 pounds (1 Metric Ton)","188691","CMX ","188 "
"LITHIUM HYDROXIDE - COMMODITY EXCHANGE INC.",260915,2026-09-15,189691,CMX ,01,189 ,   17698,    2649,    8059,    2876,   11956,    6318,   17481,   17253,     217,     445,   17698,    2649,    8059,    2876,   11956,    6318,   17481,   17253,     217,     445,       0,       0,       0,       0,       0,       0,       0,       0,       0,       0,     320,    -260,      57,     195,     388,      33,     323,     285,      -3,      35,  100.0,   15.0,   45.5,   16.3,   67.6,   35.7,   98.8,   97.5,    1.2,    2.5,  100.0,   15.0,   45.5,   16.3,   67.6,   35.7,   98.8,   97.5,    1.2,    2.5,    0.0,    0.0,    0.0,    0.0,    0.0,    0.0,    0.0,    0.0,    0.0,    0.0,     39,      7,     17,     11,     14,     10,     29,     31,     39,      7,     17,     11,     14,     10,     29,     31,      0,      0,      0,      0,      0,      0,      0,      0,    54.8,    50.6,    77.0,    69.2,    53.5,    42.8,    68.7,    59.0,    54.8,    50.6,    77.0,    69.2,    53.5,    42.8,    68.7,    59.0,     0.0,     0.0,     0.0,     0.0,     0.0,     0.0,     0.0,     0.0,"(1000) Kilograms","189691","CMX ","189 "
"ALUMINUM MWP - COMMODITY EXCHANGE INC.",260915,2026-09-15,191693,CMX ,01,191 ,   29918,    2950,    3369,     910,   25905,   25366,   29765,   29645,     153,     273,   29918,    2950,    3369,     910,   25905,   25366,   29765,   29645,     153,     273,       0,       0,       0,       0,       0,       0,       0,       0,       0,       0,     790,      40,     127,       0,     750,     652,     790,     779,       0,      11,  100.0,    9.9,   11.3,    3.0,   86.6,   84.8,   99.5,   99.1,    0.5,    0.9,  100.0,    9.9,   11.3,    3.0,   86.6,   84.8,   99.5,   99.1,    0.5,    0.9,    0.0,    0.0,    0.0,    0.0,    0.0,    0.0,    0.0,    0.0,    0.0,    0.0,     59,      4,     15,      7,     27,     33,     35,     51,     59,      4,     15,      7,     27,     33,     35,     51,      0,      0,      0,      0,      0,      0,      0,      0,    45.0,    50.1,    69.0,    70.4,    44.7,    49.6,    68.7,    69.0,    45.0,    50.1,    69.0,    70.4,    44.7,    49.6,    68.7,    69.0,     0.0,     0.0,     0.0,     0.0,     0.0,     0.0,     0.0,     0.0,"(55,116 US Pounds-25 MT)","191693","CMX ","191 "
"ALUMINIUM EURO PREM DUTY-PAID - COMMODITY EXCHANGE INC.",260915,2026-09-15,191696,CMX ,01,191 ,   12904,    2320,    2837,     124,   10354,    9883,   12798,   12844,     106,      60,   12904,    2320,    2837,     124,   10354,    9883,   12798,   12844,     106,      60,       0,       0,       0,       0,       0,       0,       0,       0,       0,       0,     693,     369,     -75,      15,     293,     753,     677,     693,      16,       0,  100.0,   18.0,   22.0,    1.0,   80.2,   76.6,   99.2,   99.5,    0.8,    0.5,  100.0,   18.0,   22.0,    1.0,   80.2,   76.6,   99.2,   99.5,    0.8,    0.5,    0.0,    0.0,    0.0,    0.0,    0.0,    0.0,    0.0,    0.0,    0.0,    0.0,     31,      5,      3,      1,     16,     19,     22,     22,     31,      5,      3,      1,     16,     19,     22,     22,      0,      0,      0,      0,      0,      0,      0,      0,    55.1,    46.8,    80.8,    73.2,    55.1,    44.6,    76.1,    67.6,    55.1,    46.8,    80.8,    73.2,    55.1,    44.6,    76.1,    67.6,     0.0,     0.0,     0.0,     0.0,     0.0,     0.0,     0.0,     0.0,"(25 METRIC TONS)","191696","CMX ","191 "
"STEEL-HRC - COMMODITY EXCHANGE INC.",260915,2026-09-15,192651,CMX ,01,192 ,   41024,   11052,    2123,    1763,   27630,   37085,   40445,   40971,     579,      53,   41024,   11052,    2123,    1763,   27630,   37085,   40445,   40971,     579,      53,       0,       0,       0,       0,       0,       0,       0,       0,       0,       0,    2193,     118,      71,     243,    1768,    1907,    2129,    2221,      64,     -28,  100.0,   26.9,    5.2,    4.3,   67.4,   90.4,   98.6,   99.9,    1.4,    0.1,  100.0,   26.9,    5.2,    4.3,   67.4,   90.4,   98.6,   99.9,    1.4,    0.1,    0.0,    0.0,    0.0,    0.0,    0.0,    0.0,    0.0,    0.0,    0.0,    0.0,     71,     24,     13,     10,     29,     20,     59,     37,     71,     24,     13,     10,     29,     20,     59,     37,      0,      0,      0,      0,      0,      0,      0,      0,    42.2,    78.9,    63.2,    87.8,    39.8,    77.5,    60.7,    81.2,    42.2,    78.9,    63.2,    87.8,    39.8,    77.5,    60.7,    81.2,     0.0,     0.0,     0.0,     0.0,     0.0,     0.0,     0.0,     0.0,"(CONTRACTS OF 20 SHORT TONS)","192651","CMX ","192 "
"NORTH EURO HOT-ROLL COIL STEEL - COMMODITY EXCHANGE INC.",260915,2026-09-15,192691,CMX ,01,192 ,    9319,    2072,     603,     406,    6696,    8226,    9174,    9235,     145,      84,    9319,    2072,     603,     406,    6696,    8226,    9174,    9235,     145,      84,       0,       0,       0,       0,       0,       0,       0,       0,       0,       0,     435,     258,     -17,     -84,     297,     536,     471,     435,     -36,       0,  100.0,   22.2,    6.5,    4.4,   71.9,   88.3,   98.4,   99.1,    1.6,    0.9,  100.0,   22.2,    6.5,    4.4,   71.9,   88.3,   98.4,   99.1,    1.6,    0.9,    0.0,    0.0,    0.0,    0.0,    0.0,    0.0,    0.0,    0.0,    0.0,    0.0,     24,      7,      1,      1,     14,      6,     21,      8,     24,      7,      1,      1,     14,      6,     21,      8,      0,      0,      0,      0,      0,      0,      0,      0,    69.0,    92.4,    84.8,    99.1,    63.6,    87.3,    77.3,    87.8,    69.0,    92.4,    84.8,    99.1,    63.6,    87.3,    77.3,    87.8,     0.0,     0.0,     0.0,     0.0,     0.0,     0.0,     0.0,     0.0,"(20 Metric Tons)","192691","CMX ","192 "
"NASDAQ-100 Consolidated - CHICAGO MERCANTILE EXCHANGE",260915,2026-09-15,20974+,CME ,00,209 ,  345886,   79003,   46434,   31328,  181389,  225486,  291719,  303247,   54167,   42638,  345886,   79003,   46434,   31328,  181389,  225486,  291719,  303247,   54167,   42638,       0,       0,       0,       0,       0,       0,       0,       0,       0,       0,   31945,   -1985,  -13850,    9454,   21070,   29415,   28539,   25019,    3406,    6926,  100.0,   22.8,   13.4,    9.1,   52.4,   65.2,   84.3,   87.7,   15.7,   12.3,  100.0,   22.8,   13.4,    9.1,   52.4,   65.2,   84.3,   87.7,   15.7,   12.3,    0.0,    0.0,    0.0,    0.0,    0.0,    0.0,    0.0,    0.0,    0.0,    0.0,    334,     88,     60,     57,    142,    114,    258,    205,    334,     88,     60,     57,    142,    114,    258,    205,      0,      0,      0,      0,      0,      0,      0,      0,    16.3,    25.1,    25.6,    37.9,    15.5,    21.0,    23.8,    32.6,    16.3,    25.1,    25.6,    37.9,    15.5,    21.0,    23.8,    32.6,     0.0,     0.0,     0.0,     0.0,     0.0,     0.0,     0.0,     0.0,"(NASDAQ 100 INDEX X $20)","20974+","CME ","209 "
"NASDAQ MINI - CHICAGO MERCANTILE EXCHANGE",260915,2026-09-15,209742,CME ,00,209 ,  325784,   85062,   51344,   15435,  175896,  224754,  276393,  291533,   49391,   34251,  325784,   85062,   51344,   15435,  175896,  224754,  276393,  291533,   49391,   34251,       0,       0,       0,       0,       0,       0,       0,       0,       0,       0,   30633,    -865,  -13688,    6838,   21670,   29510,   27643,   22660,    2990,    7973,  100.0,   26.1,   15.8,    4.7,   54.0,   69.0,   84.8,   89.5,   15.2,   10.5,  100.0,   26.1,   15.8,    4.7,   54.0,   69.0,   84.8,   89.5,   15.2,   10.5,    0.0,    0.0,    0.0,    0.0,    0.0,    0.0,    0.0,    0.0,    0.0,    0.0,    293,     74,     47,     43,    129,    107,    225,    176,    293,     74,     47,     43,    129,    107,    225,    176,      0,      0,      0,      0,      0,      0,      0,      0,    17.3,    26.6,    27.2,    40.2,    16.5,    22.3,    25.3,    34.7,    17.3,    26.6,    27.2,    40.2,    16.5,    22.3,    25.3,    34.7,     0.0,     0.0,     0.0,     0.0,     0.0,     0.0,     0.0,     0.0,"(NASDAQ 100 STOCK INDEX X $20)","209742","CME ","209 "
"MICRO E-MINI NASDAQ-100 INDEX - CHICAGO MERCANTILE EXCHANGE",260915,2026-09-15,209747,CME ,00,209 ,  201017,   76251,   87740,   22085,   54926,    7319,  153262,  117144,   47755,   83873,  201017,   76251,   87740,   22085,   54926,    7319,  153262,  117144,   47755,   83873,       0,       0,       0,       0,       0,       0,       0,       0,       0,       0,   13115,   -2465,    7115,   17426,   -6005,    -951,    8956,   23590,    4159,  -10475,  100.0,   37.9,   43.6,   11.0,   27.3,    3.6,   76.2,   58.3,   23.8,   41.7,  100.0,   37.9,   43.6,   11.0,   27.3,    3.6,   76.2,   58.3,   23.8,   41.7,    0.0,    0.0,    0.0,    0.0,    0.0,    0.0,    0.0,    0.0,    0.0,    0.0,     71,     25,     21,     19,     19,     11,     53,     42,     71,     25,     21,     19,     19,     11,     53,     42,      0,      0,      0,      0,      0,      0,      0,      0,    56.5,    39.7,    65.7,    47.1,    51.1,    36.2,    56.9,    40.6,    56.5,    39.7,    65.7,    47.1,    51.1,    36.2,    56.9,    40.6,     0.0,     0.0,     0.0,     0.0,     0.0,     0.0,     0.0,     0.0,"(NASDAQ 100 STOCK INDEX x $2)","209747","CME ","209 "
"BBG COMMODITY - CHICAGO BOARD OF TRADE",260915,2026-09-15,221602,CBT ,00,221 ,  213706,  118538,  133430,   16233,   74917,   60487,  209688,  210150,    4018,    3556,  213706,  118538,  133430,   16233,   74917,   60487,  209688,  210150,    4018,    3556,       0,       0,       0,       0,       0,       0,       0,       0,       0,       0,   13496,      13,    1356,    8833,    1142,       0,    9988,   10189,    3508,    3307,  100.0,   55.5,   62.4,    7.6,   35.1,   28.3,   98.1,   98.3,    1.9,    1.7,  100.0,   55.5,   62.4,    7.6,   35.1,   28.3,   98.1,   98.3,    1.9,    1.7,    0.0,    0.0,    0.0,    0.0,    0.0,    0.0,    0.0,    0.0,    0.0,    0.0,     79,     48,     16,      8,     14,      2,     67,     21,     79,     48,     16,      8,     14,      2,     67,     21,      0,      0,      0,      0,      0,      0,      0,      0,    61.6,    85.4,    77.9,    95.1,    61.4,    81.5,    72.5,    89.1,    61.6,    85.4,    77.9,    95.1,    61.4,    81.5,    72.5,    89.1,     0.0,     0.0,     0.0,     0.0,     0.0,     0.0,     0.0,     0.0,"($100 X INDEX)","221602","CBT ","221 "
"BLOOMBERG HY CREDIT FUTURES - CHICAGO BOARD OF TRADE",260915,2026-09-15,221605,CBT ,00,221 ,    5114,    3878,     872,     236,     978,    3969,    5092,    5077,      22,      37,    5114,    3878,     872,     236,     978,    3969,    5092,    5077,      22,      37,       0,       0,       0,       0,       0,       0,       0,       0,       0,       0,   -2362,      94,      -7,   -2125,    -279,    -181,   -2310,   -2313,     -52,     -49,  100.0,   75.8,   17.1,    4.6,   19.1,   77.6,   99.6,   99.3,    0.4,    0.7,  100.0,   75.8,   17.1,    4.6,   19.1,   77.6,   99.6,   99.3,    0.4,    0.7,    0.0,    0.0,    0.0,    0.0,    0.0,    0.0,    0.0,    0.0,    0.0,    0.0,     20,      8,      7,      2,      3,      3,     13,     10,     20,      8,      7,      2,      3,      3,     13,     10,      0,      0,      0,      0,      0,      0,      0,      0,    71.7,    94.6,    91.4,    98.0,    64.6,    77.0,    80.5,    80.2,    71.7,    94.6,    91.4,    98.0,    64.6,    77.0,    80.5,    80.2,     0.0,     0.0,     0.0,     0.0,     0.0,     0.0,     0.0,     0.0,"($150 X INDEX)","221605","CBT ","221 "
"BLOOMBERG IG CREDIT FUTURES - CHICAGO BOARD OF TRADE",260915,2026-09-15,221606,CBT ,00,221 ,    7474,    6422,    6920,     351,     665,     165,    7438,    7436,      36,      38,    7474,    6422,    6920,     351,     665,     165,    7438,    7436,      36,      38,       0,       0,       0,       0,       0,       0,       0,       0,       0,       0,   -6431,    -153,     298,   -5056,     -26,     -29,   -5235,   -4787,   -1196,   -1644,  100.0,   85.9,   92.6,    4.7,    8.9,    2.2,   99.5,   99.5,    0.5,    0.5,  100.0,   85.9,   92.6,    4.7,    8.9,    2.2,   99.5,   99.5,    0.5,    0.5,    0.0,    0.0,    0.0,    0.0,    0.0,    0.0,    0.0,    0.0,    0.0,    0.0,     25,     10,     10,      4,      3,      2,     14,     15,     25,     10,     10,      4,      3,      2,     14,     15,      0,      0,      0,      0,      0,      0,      0,      0,    77.1,    86.2,    94.5,    96.2,    74.5,    86.2,    89.9,    92.7,    77.1,    86.2,    94.5,    96.2,    74.5,    86.2,    89.9,    92.7,     0.0,     0.0,     0.0,     0.0,     0.0,     0.0,     0.0,     0.0,"($30 X INDEX)","221606","CBT ","221 "
"AUSTRALIAN DOLLAR - CHICAGO MERCANTILE EXCHANGE",260915,2026-09-15,232741,CME ,00,232 ,  493141,  114312,  153218,    1022,  169924,  150099,  285258,  304339,  207883,  188802,  493141,  114312,  153218,    1022,  169924,  150099,  285258,  304339,  207883,  188802,       0,       0,       0,       0,       0,       0,       0,       0,       0,       0,   37673,   -6220,   -2184,  -25271, -101640, -105781, -133131, -133236,  170804,  170909,  100.0,   23.2,   31.1,    0.2,   34.5,   30.4,   57.8,   61.7,   42.2,   38.3,  100.0,   23.2,   31.1,    0.2,   34.5,   30.4,   57.8,   61.7,   42.2,   38.3,    0.0,    0.0,    0.0,    0.0,    0.0,    0.0,    0.0,    0.0,    0.0,    0.0,    122,     44,     27,     10,     38,     22,     86,     55,    122,     44,     27,     10,     38,     22,     86,     55,      0,      0,      0,      0,      0,      0,      0,      0,    24.7,    45.6,    33.2,    54.0,    24.7,    45.5,    33.2,    53.9,    24.7,    45.6,    33.2,    54.0,    24.7,    45.5,    33.2,    53.9,     0.0,     0.0,     0.0,     0.0,     0.0,     0.0,     0.0,     0.0,"(CONTRACTS OF AUD 100,000)","232741","CME ","232 "
"RUSSELL E-MINI - CHICAGO MERCANTILE EXCHANGE",260915,2026-09-15,239742,CME ,00,239 ,  496762,   78550,  150900,   26855,  362572,  293889,  467977,  471644,   28785,   25118,  496762,   78550,  150900,   26855,  362572,  293889,  467977,  471644,   28785,   25118,       0,       0,       0,       0,       0,       0,       0,       0,       0,       0,   65615,   12188,    1703,   12378,   39529,   47976,   64095,   62057,    1520,    3558,  100.0,   15.8,   30.4,    5.4,   73.0,   59.2,   94.2,   94.9,    5.8,    5.1,  100.0,   15.8,   30.4,    5.4,   73.0,   59.2,   94.2,   94.9,    5.8,    5.1,    0.0,    0.0,    0.0,    0.0,    0.0,    0.0,    0.0,    0.0,    0.0,    0.0,    325,     47,     58,     32,    156,    146,    221,    218,    325,     47,     58,     32,    156,    146,    221,    218,      0,      0,      0,      0,      0,      0,      0,      0,    20.8,    22.1,    33.9,    32.4,    18.3,    21.6,    29.5,    29.4,    20.8,    22.1,    33.9,    32.4,    18.3,    21.6,    29.5,    29.4,     0.0,     0.0,     0.0,     0.0,     0.0,     0.0,     0.0,     0.0,"(RUSSEL 2000 INDEX X $50)","239742","CME ","239 "
"EMINI RUSSELL 1000 VALUE INDEX - CHICAGO MERCANTILE EXCHANGE",260915,2026-09-15,239744,CME ,00,239 ,   48933,    2311,   16019,       0,   44290,   31950,   46601,   47969,    2332,     964,   48933,    2311,   16019,       0,   44290,   31950,   46601,   47969,    2332,     964,       0,       0,       0,       0,       0,       0,       0,       0,       0,       0,   17935,     -11,    2480,       0,   18018,   17754,   18007,   20234,     -72,   -2299,  100.0,    4.7,   32.7,    0.0,   90.5,   65.3,   95.2,   98.0,    4.8,    2.0,  100.0,    4.7,   32.7,    0.0,   90.5,   65.3,   95.2,   98.0,    4.8,    2.0,    0.0,    0.0,    0.0,    0.0,    0.0,    0.0,    0.0,    0.0,    0.0,    0.0,     24,      2,      1,      0,     13,     13,     15,     14,     24,      2,      1,      0,     13,     13,     15,     14,      0,      0,      0,      0,      0,      0,      0,      0,    77.3,    79.9,    89.5,    94.1,    41.6,    52.3,    51.4,    56.5,    77.3,    79.9,    89.5,    94.1,    41.6,    52.3,    51.4,    56.5,     0.0,     0.0,     0.0,     0.0,     0.0,     0.0,     0.0,     0.0,"(RUSSELL 1000 VALUE INDEX x $50)","239744","CME ","239 "
"MICRO E-MINI RUSSELL 2000 INDX - CHICAGO MERCANTILE EXCHANGE",260915,2026-09-15,239747,CME ,00,239 ,   51414,   20341,   20589,    5061,   11209,   14670,   36611,   40320,   14803,   11094,   51414,   20341,   20589,    5061,   11209,   14670,   36611,   40320,   14803,   11094,       0,       0,       0,       0,       0,       0,       0,       0,       0,       0,   11694,    7604,   -1013,    4540,      66,    3409,   12210,    6936,    -516,    4758,  100.0,   39.6,   40.0,    9.8,   21.8,   28.5,   71.2,   78.4,   28.8,   21.6,  100.0,   39.6,   40.0,    9.8,   21.8,   28.5,   71.2,   78.4,   28.8,   21.6,    0.0,    0.0,    0.0,    0.0,    0.0,    0.0,    0.0,    0.0,    0.0,    0.0,     35,     12,      7,      5,     14,      6,     27,     17,     35,     12,      7,      5,     14,      6,     27,     17,      0,      0,      0,      0,      0,      0,      0,      0,    46.3,    61.7,    59.0,    72.6,    39.9,    60.8,    50.0,    66.2,    46.3,    61.7,    59.0,    72.6,    39.9,    60.8,    50.0,    66.2,     0.0,     0.0,     0.0,     0.0,     0.0,     0.0,     0.0,     0.0,"(RUSSEL 2000 INDEX X $0.5)","239747","CME ","239 "
"RUSSELL 2000 ANNUAL DIVIDEND - CHICAGO MERCANTILE EXCHANGE",260915,2026-09-15,239750,CME ,00,239 ,   42271,   15374,   17088,    1684,   25071,   23369,   42129,   42141,     142,     130,   42271,   15374,   17088,    1684,   25071,   23369,   42129,   42141,     142,     130,       0,       0,       0,       0,       0,       0,       0,       0,       0,       0,   -2008,   -2526,    -705,    -160,     673,   -1143,   -2013,   -2008,       5,       0,  100.0,   36.4,   40.4,    4.0,   59.3,   55.3,   99.7,   99.7,    0.3,    0.3,  100.0,   36.4,   40.4,    4.0,   59.3,   55.3,   99.7,   99.7,    0.3,    0.3,    0.0,    0.0,    0.0,    0.0,    0.0,    0.0,    0.0,    0.0,    0.0,    0.0,     20,      5,      3,      1,      7,      8,     13,     11,     20,      5,      3,      1,      7,      8,     13,     11,      0,      0,      0,      0,      0,      0,      0,      0,    90.9,    85.4,    96.6,    97.2,    89.9,    81.5,    92.6,    92.4,    90.9,    85.4,    96.6,    97.2,    89.9,    81.5,    92.6,    92.4,     0.0,     0.0,     0.0,     0.0,     0.0,     0.0,     0.0,     0.0,"(RUSSEL 2000 INDEX X $100)","239750","CME ","239 "
"NIKKEI STOCK AVERAGE YEN DENOM - CHICAGO MERCANTILE EXCHANGE",260915,2026-09-15,240743,CME ,00,240 ,   22625,    5542,    2918,      87,   11643,    6880,   17272,    9885,    5353,   12740,   22625,    5542,    2918,      87,   11643,    6880,   17272,    9885,    5353,   12740,       0,       0,       0,       0,       0,       0,       0,       0,       0,       0,  -19815,     -79,      21,   -3472,   -9569,  -10418,  -13120,  -13869,   -6695,   -5946,  100.0,   24.5,   12.9,    0.4,   51.5,   30.4,   76.3,   43.7,   23.7,   56.3,  100.0,   24.5,   12.9,    0.4,   51.5,   30.4,   76.3,   43.7,   23.7,   56.3,    0.0,    0.0,    0.0,    0.0,    0.0,    0.0,    0.0,    0.0,    0.0,    0.0,     36,     12,      5,      2,     14,      8,     27,     14,     36,     12,      5,      2,     14,      8,     27,     14,      0,      0,      0,      0,      0,      0,      0,      0,    35.9,    26.3,    49.6,    37.8,    35.9,    25.6,    49.6,    35.7,    35.9,    26.3,    49.6,    37.8,    35.9,    25.6,    49.6,    35.7,     0.0,     0.0,     0.0,     0.0,     0.0,     0.0,     0.0,     0.0,"(NIKKEI INDEX X JPY 500)","240743","CME ","240 "
"MSCI EAFE - ICE FUTURES U.S.",260915,2026-09-15,244041,ICUS,01,244 ,  626488,   54816,   33952,   16060,  530911,  555794,  601787,  605806,   24701,   20682,  626488,   54816,   33952,   16060,  530911,  555794,  601787,  605806,   24701,   20682,       0,       0,       0,       0,       0,       0,       0,       0,       0,       0,  149027,   -3197,   -8431,   12769,  131172,  130919,  140744,  135257,    8283,   13770,  100.0,    8.7,    5.4,    2.6,   84.7,   88.7,   96.1,   96.7,    3.9,    3.3,  100.0,    8.7,    5.4,    2.6,   84.7,   88.7,   96.1,   96.7,    3.9,    3.3,    0.0,    0.0,    0.0,    0.0,    0.0,    0.0,    0.0,    0.0,    0.0,    0.0,    201,     25,     20,     15,    126,     85,    161,    111,    201,     25,     20,     15,    126,     85,    161,    111,      0,      0,      0,      0,      0,      0,      0,      0,    28.4,    35.9,    41.1,    53.5,    15.5,    21.3,    24.9,    37.8,    28.4,    35.9,    41.1,    53.5,    15.5,    21.3,    24.9,    37.8,     0.0,     0.0,     0.0,     0.0,     0.0,     0.0,     0.0,     0.0,"(MSCI EAFE INDEX X $50)","244041","ICUS","244 "
"MSCI EM INDEX - ICE FUTURES U.S.",260915,2026-09-15,244042,ICUS,01,244 , 1310241,  130112,  102901,   35379, 1089384, 1135533, 1254875, 1273813,   55366,   36428, 1310241,  130112,  102901,   35379, 1089384, 1135533, 1254875, 1273813,   55366,   36428,       0,       0,       0,       0,       0,       0,       0,       0,       0,       0,  241666,  -19226,   -1762,   17614,  219501,  197062,  217889,  212914,   23777,   28752,  100.0,    9.9,    7.9,    2.7,   83.1,   86.7,   95.8,   97.2,    4.2,    2.8,  100.0,    9.9,    7.9,    2.7,   83.1,   86.7,   95.8,   97.2,    4.2,    2.8,    0.0,    0.0,    0.0,    0.0,    0.0,    0.0,    0.0,    0.0,    0.0,    0.0,    383,     68,     28,     31,    251,    147,    330,    195,    383,     68,     28,     31,    251,    147,    330,    195,      0,      0,      0,      0,      0,      0,      0,      0,    17.0,    32.8,    25.0,    52.5,    11.3,    25.3,    18.5,    40.0,    17.0,    32.8,    25.0,    52.5,    11.3,    25.3,    18.5,    40.0,     0.0,     0.0,     0.0,     0.0,     0.0,     0.0,     0.0,     0.0,"(MSCI Emerging Markets Index x $50)","244042","ICUS","244 "
"EURO FX/BRITISH POUND XRATE - CHICAGO MERCANTILE EXCHANGE",260915,2026-09-15,299741,CME ,00,099 ,   45149,    8464,    9101,       0,   19846,   25576,   28310,   34677,   16839,   10472,   45149,    8464,    9101,       0,   19846,   25576,   28310,   34677,   16839,   10472,       0,       0,       0,       0,       0,       0,       0,       0,       0,       0,    1833,    -898,    -284,   -1099,     912,     446,   -1085,    -937,    2918,    2770,  100.0,   18.7,   20.2,    0.0,   44.0,   56.6,   62.7,   76.8,   37.3,   23.2,  100.0,   18.7,   20.2,    0.0,   44.0,   56.6,   62.7,   76.8,   37.3,   23.2,    0.0,    0.0,    0.0,    0.0,    0.0,    0.0,    0.0,    0.0,    0.0,    0.0,     32,      6,      7,      0,     16,      7,     22,     14,     32,      6,      7,      0,     16,      7,     22,     14,      0,      0,      0,      0,      0,      0,      0,      0,    22.9,    61.9,    38.8,    73.4,    22.6,    61.9,    38.2,    72.5,    22.9,    61.9,    38.8,    73.4,    22.6,    61.9,    38.2,    72.5,     0.0,     0.0,     0.0,     0.0,     0.0,     0.0,     0.0,     0.0,"(CONTRACTS OF EUR 125,000)","299741","CME ","099 "
"E-MINI S&P 400 STOCK INDEX - CHICAGO MERCANTILE EXCHANGE",260915,2026-09-15,33874A,CME ,00,138 ,   46462,    7462,    3605,      44,   28739,   37193,   36245,   40842,   10217,    5620,   46462,    7462,    3605,      44,   28739,   37193,   36245,   40842,   10217,    5620,       0,       0,       0,       0,       0,       0,       0,       0,       0,       0,    7091,    -183,    -787,      25,    6702,    7044,    6544,    6282,     547,     809,  100.0,   16.1,    7.8,    0.1,   61.9,   80.1,   78.0,   87.9,   22.0,   12.1,  100.0,   16.1,    7.8,    0.1,   61.9,   80.1,   78.0,   87.9,   22.0,   12.1,    0.0,    0.0,    0.0,    0.0,    0.0,    0.0,    0.0,    0.0,    0.0,    0.0,     68,     11,      5,      2,     39,     27,     51,     33,     68,     11,      5,      2,     39,     27,     51,     33,      0,      0,      0,      0,      0,      0,      0,      0,    26.5,    47.7,    38.5,    63.1,    16.1,    33.5,    26.6,    48.8,    26.5,    47.7,    38.5,    63.1,    16.1,    33.5,    26.6,    48.8,     0.0,     0.0,     0.0,     0.0,     0.0,     0.0,     0.0,     0.0,"(S&P 400 INDEX X $100)","33874A","CME ","138 "
"2 YEAR ERIS SOFR SWAP - CHICAGO BOARD OF TRADE",260915,2026-09-15,342603,CBT ,00,342 ,  245794,  202010,  183228,   43592,     190,   18950,  245792,  245770,       2,      24,  245794,  202010,  183228,   43592,     190,   18950,  245792,  245770,       2,      24,       0,       0,       0,       0,       0,       0,       0,       0,       0,       0,    2944,    1629,    1666,    1314,       0,     -35,    2943,    2945,       1,      -1,  100.0,   82.2,   74.5,   17.7,    0.1,    7.7,  100.0,  100.0,    0.0,    0.0,  100.0,   82.2,   74.5,   17.7,    0.1,    7.7,  100.0,  100.0,    0.0,    0.0,    0.0,    0.0,    0.0,    0.0,    0.0,    0.0,    0.0,    0.0,    0.0,    0.0,     51,     15,     30,      6,      2,      5,     17,     41,     51,     15,     30,      6,      2,      5,     17,     41,      0,      0,      0,      0,      0,      0,      0,      0,    95.4,    67.7,    99.4,    80.9,    78.9,    62.6,    81.7,    72.0,    95.4,    67.7,    99.4,    80.9,    78.9,    62.6,    81.7,    72.0,     0.0,     0.0,     0.0,     0.0,     0.0,     0.0,     0.0,     0.0,"(100,000 USD notional principal)","342603","CBT ","342 "
"10 YEAR ERIS SOFR SWAP - CHICAGO BOARD OF TRADE",260915,2026-09-15,343603,CBT ,00,343 ,  247765,  110229,  165132,   51330,   86201,   31278,  247760,  247740,       5,      25,  247765,  110229,  165132,   51330,   86201,   31278,  247760,  247740,       5,      25,       0,       0,       0,       0,       0,       0,       0,       0,       0,       0,  -20016,  -17196,  -13879,   -6125,    3300,       0,  -20021,  -20004,       5,     -12,  100.0,   44.5,   66.6,   20.7,   34.8,   12.6,  100.0,  100.0,    0.0,    0.0,  100.0,   44.5,   66.6,   20.7,   34.8,   12.6,  100.0,  100.0,    0.0,    0.0,    0.0,    0.0,    0.0,    0.0,    0.0,    0.0,    0.0,    0.0,    0.0,    0.0,     59,     30,     21,      6,      5,      4,     39,     27,     59,     30,     21,      6,      5,      4,     39,     27,      0,      0,      0,      0,      0,      0,      0,      0,    46.8,    77.9,    68.7,    95.9,    36.9,    61.9,    51.5,    69.4,    46.8,    77.9,    68.7,    95.9,    36.9,    61.9,    51.5,    69.4,     0.0,     0.0,     0.0,     0.0,     0.0,     0.0,     0.0,     0.0,"(100,000 USD notional principal)","343603","CBT ","343 "
"5 YEAR ERIS SOFR SWAP - CHICAGO BOARD OF TRADE",260915,2026-09-15,344605,CBT ,00,344 ,  192067,  108331,   90010,   56588,   27129,   45351,  192048,  191949,      19,     118,  192067,  108331,   90010,   56588,   27129,   45351,  192048,  191949,      19,     118,       0,       0,       0,       0,       0,       0,       0,       0,       0,       0,    4183,   -2652,   -4188,    7865,   -1030,     500,    4183,    4177,       0,       6,  100.0,   56.4,   46.9,   29.5,   14.1,   23.6,  100.0,   99.9,    0.0,    0.1,  100.0,   56.4,   46.9,   29.5,   14.1,   23.6,  100.0,   99.9,    0.0,    0.1,    0.0,    0.0,    0.0,    0.0,    0.0,    0.0,    0.0,    0.0,    0.0,    0.0,     71,     22,     38,      7,      4,      8,     29,     50,     71,     22,     38,      7,      4,      8,     29,     50,      0,      0,      0,      0,      0,      0,      0,      0,    58.6,    44.9,    81.0,    66.7,    39.7,    31.2,    55.1,    47.0,    58.6,    44.9,    81.0,    66.7,    39.7,    31.2,    55.1,    47.0,     0.0,     0.0,     0.0,     0.0,     0.0,     0.0,     0.0,     0.0,"(100,000 USD notional principal)","344605","CBT ","344 "
"3 YEAR ERIS SOFR SWAP - CHICAGO BOARD OF TRADE",260915,2026-09-15,344606,CBT ,00,344 ,   84266,   62348,   41783,   17408,    4500,   25055,   84256,   84246,      10,      20,   84266,   62348,   41783,   17408,    4500,   25055,   84256,   84246,      10,      20,       0,       0,       0,       0,       0,       0,       0,       0,       0,       0,   17674,   16824,   15536,     852,       0,    1300,   17676,   17688,      -2,     -14,  100.0,   74.0,   49.6,   20.7,    5.3,   29.7,  100.0,  100.0,    0.0,    0.0,  100.0,   74.0,   49.6,   20.7,    5.3,   29.7,  100.0,  100.0,    0.0,    0.0,    0.0,    0.0,    0.0,    0.0,    0.0,    0.0,    0.0,    0.0,    0.0,    0.0,     30,      5,     18,      5,      1,      6,      7,     28,     30,      5,     18,      5,      1,      6,      7,     28,      0,      0,      0,      0,      0,      0,      0,      0,    84.9,    64.0,   100.0,    85.8,    70.5,    60.3,    79.3,    72.5,    84.9,    64.0,   100.0,    85.8,    70.5,    60.3,    79.3,    72.5,     0.0,     0.0,     0.0,     0.0,     0.0,     0.0,     0.0,     0.0,"100,000 USD notional principal","344606","CBT ","344 "
"EURO FX/JAPANESE YEN XRATE - CHICAGO MERCANTILE EXCHANGE",260915,2026-09-15,399741,CME ,00,099 ,   20725,    5557,    3202,     934,    4609,   11442,   11100,   15578,    9625,    5147,   20725,    5557,    3202,     934,    4609,   11442,   11100,   15578,    9625,    5147,       0,       0,       0,       0,       0,       0,       0,       0,       0,       0,   -2527,    -604,    -804,    -355,    -212,   -1499,   -1171,   -2658,   -1356,     131,  100.0,   26.8,   15.4,    4.5,   22.2,   55.2,   53.6,   75.2,   46.4,   24.8,  100.0,   26.8,   15.4,    4.5,   22.2,   55.2,   53.6,   75.2,   46.4,   24.8,    0.0,    0.0,    0.0,    0.0,    0.0,    0.0,    0.0,    0.0,    0.0,    0.0,     24,      6,      3,      4,     10,     13,     17,     19,     24,      6,      3,      4,     10,     13,     17,     19,      0,      0,      0,      0,      0,      0,      0,      0,    30.3,    33.8,    44.5,    54.6,    27.5,    33.6,    39.1,    53.5,    30.3,    33.8,    44.5,    54.6,    27.5,    33.6,    39.1,    53.5,     0.0,     0.0,     0.0,     0.0,     0.0,     0.0,     0.0,     0.0,"(CONTRACTS OF EUR 125,000)","399741","CME ","099 "
"PGP PROPYLENE (PCW) CAL - NEW YORK MERCANTILE EXCHANGE",260915,2026-09-15,406651,NYME,01,406 ,    8201,    2210,    5781,    1432,    4427,     958,    8069,    8171,     132,      30,    8201,    2210,    5781,    1432,    4427,     958,    8069,    8171,     132,      30,       0,       0,       0,       0,       0,       0,       0,       0,       0,       0,     202,      79,     117,      25,      78,      60,     182,     202,      20,       0,  100.0,   26.9,   70.5,   17.5,   54.0,   11.7,   98.4,   99.6,    1.6,    0.4,  100.0,   26.9,   70.5,   17.5,   54.0,   11.7,   98.4,   99.6,    1.6,    0.4,    0.0,    0.0,    0.0,    0.0,    0.0,    0.0,    0.0,    0.0,    0.0,    0.0,     23,      6,      6,      8,      9,      6,     20,     15,     23,      6,      6,      8,      9,      6,     20,     15,      0,      0,      0,      0,      0,      0,      0,      0,    53.6,    84.0,    76.5,    93.6,    50.8,    74.7,    68.5,    77.4,    53.6,    84.0,    76.5,    93.6,    50.8,    74.7,    68.5,    77.4,     0.0,     0.0,     0.0,     0.0,     0.0,     0.0,     0.0,     0.0,"(CONTRACTS OF 100,000 POUNDS)","406651","NYME","406 "
"S&P 500 ANNUAL DIVIDEND INDEX - CHICAGO MERCANTILE EXCHANGE",260915,2026-09-15,43874A,CME ,00,138 ,  418005,  143305,   63395,   36161,  234725,  317081,  414191,  416637,    3814,    1368,  418005,  143305,   63395,   36161,  234725,  317081,  414191,  416637,    3814,    1368,       0,       0,       0,       0,       0,       0,       0,       0,       0,       0,    8186,     653,   -1969,    1246,    6013,    8716,    7912,    7993,     274,     193,  100.0,   34.3,   15.2,    8.7,   56.2,   75.9,   99.1,   99.7,    0.9,    0.3,  100.0,   34.3,   15.2,    8.7,   56.2,   75.9,   99.1,   99.7,    0.9,    0.3,    0.0,    0.0,    0.0,    0.0,    0.0,    0.0,    0.0,    0.0,    0.0,    0.0,     85,     28,      8,     13,     40,     26,     71,     44,     85,     28,      8,     13,     40,     26,     71,     44,      0,      0,      0,      0,      0,      0,      0,      0,    25.1,    55.1,    40.2,    75.6,    23.9,    54.9,    38.6,    73.8,    25.1,    55.1,    40.2,    75.6,    23.9,    54.9,    38.6,    73.8,     0.0,     0.0,     0.0,     0.0,     0.0,     0.0,     0.0,     0.0,"(S&P 500 ANNUAL DIVIDEND INDEX X $250)","43874A","CME ","138 "
"S&P 500 QUARTERLY DIVIDEND IND - CHICAGO MERCANTILE EXCHANGE",260915,2026-09-15,43874Q,CME ,00,138 ,   53121,   27225,   18441,    1587,   24304,   33078,   53116,   53106,       5,      15,   53121,   27225,   18441,    1587,   24304,   33078,   53116,   53106,       5,      15,       0,       0,       0,       0,       0,       0,       0,       0,       0,       0,    6976,    4295,     327,       0,    2680,    6673,    6975,    7000,       1,     -24,  100.0,   51.3,   34.7,    3.0,   45.8,   62.3,  100.0,  100.0,    0.0,    0.0,  100.0,   51.3,   34.7,    3.0,   45.8,   62.3,  100.0,  100.0,    0.0,    0.0,    0.0,    0.0,    0.0,    0.0,    0.0,    0.0,    0.0,    0.0,    0.0,    0.0,     37,      7,      5,      5,     20,     17,     29,     25,     37,      7,      5,      5,     20,     17,     29,     25,      0,      0,      0,      0,      0,      0,      0,      0,    68.6,    65.6,    82.6,    86.0,    66.8,    64.6,    79.4,    82.5,    68.6,    65.6,    82.6,    86.0,    66.8,    64.6,    79.4,    82.5,     0.0,     0.0,     0.0,     0.0,     0.0,     0.0,     0.0,     0.0,"(S&P 500 QUARTERLY DIVIDEND INDEX X $100","43874Q","CME ","138 "
"GULF JET NY HEAT OIL SPR - NEW YORK MERCANTILE EXCHANGE",260915,2026-09-15,86465A,NYME,01,864 ,   11621,      50,       0,       0,   11283,   11621,   11333,   11621,     288,       0,   11621,      50,       0,       0,   11283,   11621,   11333,   11621,     288,       0,       0,       0,       0,       0,       0,       0,       0,       0,       0,       0,     575,       0,       0,       0,     575,     575,     575,     575,       0,       0,  100.0,    0.4,    0.0,    0.0,   97.1,  100.0,   97.5,  100.0,    2.5,    0.0,  100.0,    0.4,    0.0,    0.0,   97.1,  100.0,   97.5,  100.0,    2.5,    0.0,    0.0,    0.0,    0.0,    0.0,    0.0,    0.0,    0.0,    0.0,    0.0,    0.0,     35,      1,      0,      0,     28,     22,     29,     22,     35,      1,      0,      0,     28,     22,     29,     22,      0,      0,      0,      0,      0,      0,      0,      0,    41.9,    67.8,    64.3,    85.3,    34.6,    50.3,    49.9,    59.8,    41.9,    67.8,    64.3,    85.3,    34.6,    50.3,    49.9,    59.8,     0.0,     0.0,     0.0,     0.0,     0.0,     0.0,     0.0,     0.0,"(CONTRACTS OF 42,000 GALLONS)","86465A","NYME","864 "
"GULF # 6 FUEL OIL CRACK - NEW YORK MERCANTILE EXCHANGE",260915,2026-09-15,86565A,NYME,01,865 ,   10113,    1590,     777,    1643,    6865,    7678,   10098,   10098,      15,      15,   10113,    1590,     777,    1643,    6865,    7678,   10098,   10098,      15,      15,       0,       0,       0,       0,       0,       0,       0,       0,       0,       0,     515,     770,      60,    -350,      95,     805,     515,     515,       0,       0,  100.0,   15.7,    7.7,   16.2,   67.9,   75.9,   99.9,   99.9,    0.1,    0.1,  100.0,   15.7,    7.7,   16.2,   67.9,   75.9,   99.9,   99.9,    0.1,    0.1,    0.0,    0.0,    0.0,    0.0,    0.0,    0.0,    0.0,    0.0,    0.0,    0.0,     32,      4,      5,      7,     18,     13,     27,     21,     32,      4,      5,      7,     18,     13,     27,     21,      0,      0,      0,      0,      0,      0,      0,      0,    55.4,    43.8,    82.9,    70.1,    37.8,    37.4,    47.2,    49.7,    55.4,    43.8,    82.9,    70.1,    37.8,    37.4,    47.2,    49.7,     0.0,     0.0,     0.0,     0.0,     0.0,     0.0,     0.0,     0.0,"(CONTRACTS OF 1,000 BARRELS)","86565A","NYME","865 "
